{"type": "FeatureCollection", "features": [{"type": "Feature", "properties": {"id": "London_C001", "name": "London Constituency 1", "region": "London", "electorate": 186874, "ward_count": 32, "ward_codes": ["E05014119", "E05014109", "E05014106", "E05014113", "E05014116", "E05014097", "E05014114", "E05014101", "E05014095", "E05014115", "E05014098", "E05014100", "E05014099", "E05014096", "E05014104", "E05014110", "E05014111", "E05014102", "E05014107", "E05014108", "E05014015", "E05014117", "E05014019", "E05013802", "E05013803", "E05013807", "E05014009", "E05014010", "E05014013", "E05014014", "E05014016", "E05014020"], "compliant": false}, "geometry": {"type": "MultiPoint", "coordinates": [[-0.09995, 51.4447], [-0.10974, 51.4411], [-0.10558, 51.4294], [-0.11865, 51.4384], [-0.12191, 51.4312], [-0.11674, 51.4533], [-0.13454, 51.4431], [-0.12991, 51.4497], [-0.12254, 51.457], [-0.13219, 51.4291], [-0.10928, 51.4603], [-0.13239, 51.4617], [-0.13927, 51.4554], [-0.11213, 51.4669], [-0.10206, 51.4592], [-0.11746, 51.4725], [-0.12891, 51.4739], [-0.13981, 51.4663], [-0.10597, 51.4749], [-0.11789, 51.4817], [-0.13913, 51.4803], [-0.12169, 51.4876], [-0.14651, 51.4719], [-0.14239, 51.4922], [-0.13875, 51.4875], [-0.13168, 51.4929], [-0.15428, 51.449], [-0.15921, 51.477], [-0.15042, 51.4248], [-0.16096, 51.4617], [-0.16155, 51.4543], [-0.14886, 51.4368]]}}, {"type": "Feature", "properties": {"id": "London_C002", "name": "London Constituency 2", "region": "London", "electorate": 173656, "ward_count": 29, "ward_codes": ["E05013675", "E05013677", "E05013674", "E05013680", "E05013689", "E05013684", "E05013691", "E05013685", "E05013679", "E05013693", "E05013676", "E05013682", "E05013694", "E05013681", "E05013596", "E05013683", "E05013587", "E05013901", "E05013892", "E05013602", "E05013604", "E05013673", "E05013601", "E05013696", "E05013605", "E05013672", "E05013687", "E05013688", "E05013692"], "compliant": false}, "geometry": {"type": "MultiPoint", "coordinates": [[-0.04424, 51.6758], [-0.05082, 51.6583], [-0.02854, 51.6581], [-0.02544, 51.6722], [-0.03288, 51.6438], [-0.04058, 51.6348], [-0.06704, 51.65], [-0.04252, 51.6258], [-0.05073, 51.6192], [-0.08011, 51.657], [-0.08016, 51.6353], [-0.07368, 51.6232], [-0.06021, 51.6109], [-0.09493, 51.6429], [-0.05495, 51.6014], [-0.09156, 51.6231], [-0.07723, 51.6043], [-0.02562, 51.6142], [-0.03684, 51.5989], [-0.06131, 51.5922], [-0.08888, 51.6033], [-0.09717, 51.6122], [-0.07825, 51.5895], [-0.10641, 51.631], [-0.10731, 51.6025], [-0.12701, 51.6209], [-0.12224, 51.6465], [-0.11089, 51.6192], [-0.1225, 51.6325]]}}, {"type": "Feature", "properties": {"id": "London_C003", "name": "London Constituency 3", "region": "London", "electorate": 149931, "ward_count": 26, "ward_codes": ["E05009396", "E05009394", "E05009404", "E05009399", "E05009392", "E05009398", "E05013795", "E05009400", "E05013809", "E05013793", "E05013503", "E05013800", "E05009390", "E05009397", "E05013748", "E05013733", "E05009388", "E05013735", "E05013734", "E05013752", "E05013751", "E05009395", "E05009401", "E05013501", "E05013509", "E05009389"], "compliant": true}, "geometry": {"type": "MultiPoint", "coordinates": [[-0.20811, 51.5223], [-0.22086, 51.5243], [-0.21829, 51.5189], [-0.21585, 51.5126], [-0.20449, 51.5158], [-0.21048, 51.5081], [-0.19849, 51.5271], [-0.1982, 51.5115], [-0.19062, 51.5207], [-0.19108, 51.5148], [-0.19956, 51.5393], [-0.18926, 51.5301], [-0.19375, 51.5046], [-0.20777, 51.5013], [-0.22295, 51.507], [-0.22146, 51.5008], [-0.19724, 51.4964], [-0.21608, 51.4975], [-0.20975, 51.4933], [-0.23149, 51.5105], [-0.20522, 51.4881], [-0.19547, 51.491], [-0.18605, 51.4984], [-0.24444, 51.5376], [-0.24372, 51.5451], [-0.16757, 51.4966]]}}, {"type": "Feature", "properties": {"id": "London_C004", "name": "London Constituency 4", "region": "London", "electorate": 148611, "ward_count": 24, "ward_codes": ["E05013564", "E05013569", "E05013565", "E05013576", "E05013583", "E05013539", "E05013538", "E05013532", "E05013619", "E05013537", "E05013526", "E05013612", "E05013617", "E05013519", "E05013533", "E05013618", "E05013523", "E05013624", "E05013531", "E05013579", "E05013620", "E05013529", "E05013518", "E05013525"], "compliant": true}, "geometry": {"type": "MultiPoint", "coordinates": [[-0.4096, 51.5237], [-0.42703, 51.51], [-0.42692, 51.5322], [-0.43115, 51.4992], [-0.38866, 51.5258], [-0.39103, 51.5082], [-0.39124, 51.5004], [-0.39652, 51.5388], [-0.39369, 51.4856], [-0.38014, 51.5116], [-0.3696, 51.5244], [-0.40477, 51.4738], [-0.38236, 51.4776], [-0.36175, 51.5181], [-0.35896, 51.5008], [-0.36743, 51.4767], [-0.35896, 51.5317], [-0.3808, 51.4679], [-0.37531, 51.5487], [-0.40446, 51.5556], [-0.36111, 51.4697], [-0.34049, 51.5198], [-0.34769, 51.5398], [-0.33259, 51.5064]]}}, {"type": "Feature", "properties": {"id": "London_C005", "name": "London Constituency 5", "region": "London", "electorate": 179790, "ward_count": 33, "ward_codes": ["E05013896", "E05013888", "E05013925", "E05009374", "E05009379", "E05009319", "E05013895", "E05013898", "E05009380", "E05009376", "E05009320", "E05009386", "E05009321", "E05009317", "E05009372", "E05009327", "E05009322", "E05009329", "E05013924", "E05009331", "E05009334", "E05009326", "E05009381", "E05009373", "E05009332", "E05009325", "E05009318", "E05009323", "E05009324", "E05009328", "E05011117", "E05014080", "E05014081"], "compliant": false}, "geometry": {"type": "MultiPoint", "coordinates": [[-0.01796, 51.5624], [-0.00282, 51.5632], [-0.01015, 51.5443], [-0.02957, 51.5468], [-0.03178, 51.5551], [-0.0271, 51.5362], [-0.03617, 51.5687], [-0.02268, 51.578], [-0.05038, 51.5593], [-0.04817, 51.5472], [-0.03694, 51.5311], [-0.04849, 51.5387], [-0.01759, 51.5265], [-0.04653, 51.5272], [-0.06047, 51.5482], [-0.0285, 51.5181], [-0.01901, 51.521], [-0.04184, 51.5194], [-0.0038, 51.5352], [-0.05783, 51.528], [-0.04889, 51.5171], [-0.03379, 51.5099], [-0.06666, 51.5392], [-0.06228, 51.5574], [-0.05025, 51.5119], [-0.01035, 51.5165], [-0.01167, 51.5026], [-0.02056, 51.501], [-0.01424, 51.4899], [-0.00637, 51.511], [-0.04048, 51.4971], [-0.01408, 51.4807], [-0.00571, 51.4763]]}}, {"type": "Feature", "properties": {"id": "London_C006", "name": "London Constituency 6", "region": "London", "electorate": 151779, "ward_count": 25, "ward_codes": ["E05015626", "E05015624", "E05015631", "E05015632", "E05015633", "E05015630", "E05015627", "E05015634", "E05015629", "E05015625", "E05015761", "E05015636", "E05015628", "E05015635", "E05015768", "E05015760", "E05015354", "E05015772", "E05015771", "E05015756", "E05015766", "E05015770", "E05015755", "E05015763", "E05014401"], "compliant": true}, "geometry": {"type": "MultiPoint", "coordinates": [[-0.19217, 51.8987], [-0.19246, 51.9115], [-0.20436, 51.9025], [-0.19667, 51.8883], [-0.17978, 51.8975], [-0.18173, 51.9161], [-0.17099, 51.9082], [-0.17738, 51.9248], [-0.16364, 51.9159], [-0.16408, 51.8938], [-0.1636, 51.9279], [-0.20655, 51.9237], [-0.16172, 51.8787], [-0.222, 51.9088], [-0.21128, 51.8678], [-0.23603, 51.9268], [-0.12246, 51.8972], [-0.22338, 51.9641], [-0.20588, 51.976], [-0.18725, 51.9824], [-0.25206, 51.9581], [-0.21872, 51.9883], [-0.17624, 51.9944], [-0.26429, 51.9451], [-0.2908, 52.0276]]}}, {"type": "Feature", "properties": {"id": "London_C007", "name": "London Constituency 7", "region": "London", "electorate": 195535, "ward_count": 34, "ward_codes": ["E05013698", "E05013708", "E05013700", "E05013706", "E05013666", "E05013654", "E05013669", "E05013713", "E05013664", "E05013663", "E05013655", "E05013668", "E05013653", "E05013707", "E05013712", "E05013660", "E05013703", "E05013697", "E05013705", "E05013702", "E05013704", "E05013710", "E05013662", "E05013711", "E05013806", "E05013808", "E05013585", "E05013586", "E05013588", "E05013590", "E05013593", "E05013595", "E05013600", "E05013686"], "compliant": false}, "geometry": {"type": "MultiPoint", "coordinates": [[-0.11146, 51.538], [-0.11136, 51.5465], [-0.12023, 51.5388], [-0.12022, 51.5521], [-0.12519, 51.5346], [-0.13161, 51.5441], [-0.13377, 51.5347], [-0.12974, 51.5556], [-0.13928, 51.5471], [-0.14102, 51.5545], [-0.14505, 51.5409], [-0.14184, 51.5306], [-0.13245, 51.5228], [-0.13425, 51.5625], [-0.11996, 51.5632], [-0.1529, 51.5468], [-0.10939, 51.5623], [-0.10713, 51.5563], [-0.12882, 51.5702], [-0.11002, 51.5275], [-0.1, 51.551], [-0.098, 51.5381], [-0.11328, 51.5189], [-0.09884, 51.5307], [-0.13152, 51.5036], [-0.1454, 51.5138], [-0.1299, 51.5971], [-0.12312, 51.6043], [-0.12791, 51.5794], [-0.10438, 51.5778], [-0.12222, 51.5858], [-0.10741, 51.5939], [-0.11156, 51.5753], [-0.12774, 51.6124]]}}, {"type": "Feature", "properties": {"id": "London_C008", "name": "London Constituency 8", "region": "London", "electorate": 149266, "ward_count": 24, "ward_codes": ["E05011055", "E05011046", "E05011047", "E05011056", "E05011052", "E05011049", "E05011051", "E05011054", "E05011050", "E05011057", "E05011053", "E05009432", "E05011048", "E05009434", "E05012187", "E05009426", "E05009437", "E05009430", "E05012186", "E05009429", "E05009433", "E05013549", "E05009435", "E05009436"], "compliant": true}, "geometry": {"type": "MultiPoint", "coordinates": [[-0.38582, 51.672], [-0.39812, 51.6715], [-0.39367, 51.6544], [-0.40464, 51.6522], [-0.38749, 51.6431], [-0.40511, 51.6782], [-0.4144, 51.6746], [-0.39819, 51.6878], [-0.38063, 51.6865], [-0.39888, 51.6924], [-0.42085, 51.664], [-0.41359, 51.6977], [-0.41581, 51.6466], [-0.40288, 51.6344], [-0.3612, 51.6537], [-0.37608, 51.6273], [-0.39971, 51.6205], [-0.43847, 51.6537], [-0.34763, 51.6414], [-0.45514, 51.6487], [-0.44289, 51.6268], [-0.37, 51.6108], [-0.49766, 51.6401], [-0.47065, 51.6405]]}}, {"type": "Feature", "properties": {"id": "London_C009", "name": "London Constituency 9", "region": "London", "electorate": 178188, "ward_count": 31, "ward_codes": ["E05013944", "E05013943", "E05013938", "E05013929", "E05013941", "E05013928", "E05013945", "E05013936", "E05013934", "E05013937", "E05013933", "E05013930", "E05013942", "E05013940", "E05013932", "E05013946", "E05013780", "E05013777", "E05013935", "E05015101", "E05011079", "E05013939", "E05015096", "E05015097", "E05015341", "E05015349", "E05015351", "E05013931", "E05011074", "E05011078", "E05011083"], "compliant": false}, "geometry": {"type": "MultiPoint", "coordinates": [[-0.30229, 51.3859], [-0.30547, 51.3957], [-0.29937, 51.4066], [-0.28629, 51.3926], [-0.2846, 51.407], [-0.27809, 51.3879], [-0.29134, 51.3792], [-0.28386, 51.3706], [-0.26607, 51.3955], [-0.28985, 51.4179], [-0.26913, 51.4096], [-0.30084, 51.4176], [-0.25729, 51.3822], [-0.2564, 51.4032], [-0.26729, 51.4233], [-0.30109, 51.4258], [-0.3177, 51.4219], [-0.29853, 51.4389], [-0.30639, 51.3691], [-0.2776, 51.3649], [-0.32409, 51.3839], [-0.24853, 51.3889], [-0.25587, 51.3743], [-0.26271, 51.3628], [-0.30921, 51.3199], [-0.36517, 51.3004], [-0.33968, 51.3105], [-0.3081, 51.3485], [-0.33735, 51.3603], [-0.33825, 51.3727], [-0.35948, 51.3309]]}}, {"type": "Feature", "properties": {"id": "London_C010", "name": "London Constituency 10", "region": "London", "electorate": 139750, "ward_count": 22, "ward_codes": ["E05004691", "E05004708", "E05004692", "E05004696", "E05004709", "E05004706", "E05004705", "E05004694", "E05004704", "E05004715", "E05004701", "E05004703", "E05004707", "E05009425", "E05009431", "E05004714", "E05013966", "E05013961", "E05013965", "E05009427", "E05013953", "E05013947"], "compliant": true}, "geometry": {"type": "MultiPoint", "coordinates": [[-0.44004, 51.762], [-0.43727, 51.7463], [-0.45889, 51.7543], [-0.45629, 51.7409], [-0.44347, 51.7353], [-0.45858, 51.7648], [-0.47042, 51.7566], [-0.47302, 51.7388], [-0.45624, 51.7734], [-0.43929, 51.7774], [-0.48499, 51.7498], [-0.49063, 51.7646], [-0.46266, 51.7137], [-0.41946, 51.7185], [-0.44411, 51.6912], [-0.46895, 51.8132], [-0.38172, 51.7489], [-0.38705, 51.7834], [-0.37648, 51.7147], [-0.46688, 51.6743], [-0.3815, 51.812], [-0.34706, 51.7635]]}}, {"type": "Feature", "properties": {"id": "London_C011", "name": "London Constituency 11", "region": "London", "electorate": 142608, "ward_count": 25, "ward_codes": ["E05013791", "E05013790", "E05013781", "E05013776", "E05013779", "E05013787", "E05013623", "E05013622", "E05013621", "E05013785", "E05013625", "E05013789", "E05013788", "E05013626", "E05013778", "E05013616", "E05013627", "E05011080", "E05011081", "E05013615", "E05011084", "E05013613", "E05007374", "E05011086", "E05007373"], "compliant": true}, "geometry": {"type": "MultiPoint", "coordinates": [[-0.35889, 51.4533], [-0.35515, 51.442], [-0.37029, 51.4496], [-0.35241, 51.4299], [-0.37571, 51.4283], [-0.33938, 51.4408], [-0.35204, 51.462], [-0.38467, 51.4587], [-0.35145, 51.4717], [-0.32529, 51.4565], [-0.33006, 51.466], [-0.31768, 51.4506], [-0.33492, 51.4222], [-0.34213, 51.4856], [-0.3332, 51.4071], [-0.39295, 51.4298], [-0.3167, 51.4792], [-0.35613, 51.4023], [-0.37333, 51.3978], [-0.40671, 51.4398], [-0.34251, 51.3925], [-0.4087, 51.4575], [-0.40452, 51.4134], [-0.40169, 51.394], [-0.41914, 51.4257]]}}, {"type": "Feature", "properties": {"id": "London_C012", "name": "London Constituency 12", "region": "London", "electorate": 148483, "ward_count": 25, "ward_codes": ["E05015369", "E05015365", "E05015364", "E05015367", "E05015366", "E05015377", "E05015375", "E05015378", "E05009007", "E05009002", "E05009011", "E05009005", "E05009003", "E05009009", "E05009006", "E05009004", "E05009010", "E05015741", "E05013695", "E05015368", "E05011067", "E05013690", "E05015379", "E05011058", "E05015374"], "compliant": true}, "geometry": {"type": "MultiPoint", "coordinates": [[-0.10459, 51.8052], [-0.08201, 51.7896], [-0.07307, 51.811], [-0.05897, 51.8015], [-0.06028, 51.7588], [-0.03973, 51.8173], [-0.03207, 51.8068], [-0.0197, 51.8198], [-0.02844, 51.7708], [-0.02413, 51.7484], [-0.02319, 51.7285], [-0.05613, 51.7222], [-0.0282, 51.7111], [-0.05275, 51.7032], [-0.07961, 51.7057], [-0.03133, 51.6991], [-0.02708, 51.6899], [-0.00157, 51.6832], [-0.08185, 51.6762], [-0.13495, 51.7738], [-0.13251, 51.714], [-0.12668, 51.6774], [-0.11987, 51.8388], [-0.16661, 51.7459], [-0.05478, 51.8782]]}}, {"type": "Feature", "properties": {"id": "London_C013", "name": "London Constituency 13", "region": "London", "electorate": 146992, "ward_count": 25, "ward_codes": ["E05013948", "E05015802", "E05013949", "E05013964", "E05013951", "E05013963", "E05013956", "E05015801", "E05013957", "E05013960", "E05013950", "E05013962", "E05013954", "E05011064", "E05011063", "E05013952", "E05013955", "E05011061", "E05012192", "E05012177", "E05011071", "E05012181", "E05012180", "E05012178", "E05012185"], "compliant": true}, "geometry": {"type": "MultiPoint", "coordinates": [[-0.33002, 51.7656], [-0.31403, 51.7658], [-0.31663, 51.7529], [-0.33315, 51.7522], [-0.31358, 51.7393], [-0.33397, 51.7388], [-0.2902, 51.7509], [-0.28147, 51.7658], [-0.2947, 51.7212], [-0.33102, 51.713], [-0.27224, 51.7509], [-0.30461, 51.8041], [-0.35103, 51.8], [-0.25052, 51.7773], [-0.23495, 51.7531], [-0.34114, 51.8241], [-0.35982, 51.8139], [-0.22863, 51.7679], [-0.25054, 51.696], [-0.30914, 51.6787], [-0.21653, 51.7287], [-0.27866, 51.6692], [-0.28521, 51.6642], [-0.34023, 51.6735], [-0.37481, 51.6639]]}}, {"type": "Feature", "properties": {"id": "London_C014", "name": "London Constituency 14", "region": "London", "electorate": 144377, "ward_count": 25, "ward_codes": ["E05011113", "E05011110", "E05011109", "E05011108", "E05011116", "E05011115", "E05011102", "E05011097", "E05011103", "E05011096", "E05011107", "E05011104", "E05011106", "E05011098", "E05011105", "E05011114", "E05011095", "E05014105", "E05011100", "E05011099", "E05013728", "E05011112", "E05011111", "E05013732", "E05013721"], "compliant": true}, "geometry": {"type": "MultiPoint", "coordinates": [[-0.06897, 51.4682], [-0.07257, 51.4771], [-0.06349, 51.4834], [-0.05591, 51.4701], [-0.06975, 51.4926], [-0.08314, 51.475], [-0.08619, 51.4855], [-0.08315, 51.4638], [-0.07587, 51.4568], [-0.09472, 51.4763], [-0.09083, 51.4902], [-0.081, 51.4993], [-0.06516, 51.4973], [-0.09067, 51.4985], [-0.10203, 51.4855], [-0.10513, 51.4973], [-0.09868, 51.5031], [-0.11105, 51.4885], [-0.08837, 51.4509], [-0.06643, 51.4523], [-0.04692, 51.4832], [-0.04904, 51.4972], [-0.05428, 51.4554], [-0.0452, 51.4686], [-0.03592, 51.4874]]}}, {"type": "Feature", "properties": {"id": "London_C015", "name": "London Constituency 15", "region": "London", "electorate": 144285, "ward_count": 25, "ward_codes": ["E05011073", "E05011070", "E05011060", "E05011069", "E05011065", "E05011059", "E05011066", "E05011068", "E05011072", "E05011062", "E05015758", "E05015767", "E05015765", "E05015762", "E05015764", "E05015773", "E05015757", "E05015769", "E05014754", "E05015774", "E05014395", "E05014753", "E05014751", "E05014748", "E05014422"], "compliant": true}, "geometry": {"type": "MultiPoint", "coordinates": [[-0.24769, 51.8346], [-0.21061, 51.816], [-0.21547, 51.7938], [-0.19532, 51.7985], [-0.19879, 51.7877], [-0.18224, 51.8076], [-0.17621, 51.7888], [-0.16489, 51.799], [-0.18863, 51.8305], [-0.19965, 51.7645], [-0.30391, 51.8541], [-0.28374, 51.8968], [-0.29272, 51.9443], [-0.26933, 51.9616], [-0.29581, 51.9574], [-0.24529, 51.9838], [-0.282, 51.9809], [-0.22711, 51.9973], [-0.36931, 51.8814], [-0.34818, 51.9472], [-0.25994, 52.0056], [-0.39082, 51.879], [-0.39425, 51.9032], [-0.4012, 51.8879], [-0.22345, 52.023]]}}, {"type": "Feature", "properties": {"id": "London_C016", "name": "London Constituency 16", "region": "London", "electorate": 150006, "ward_count": 26, "ward_codes": ["E05013572", "E05013580", "E05013566", "E05013584", "E05013581", "E05013571", "E05013573", "E05013570", "E05013578", "E05013577", "E05013567", "E05013574", "E05013575", "E05013568", "E05013556", "E05013557", "E05013555", "E05013558", "E05013559", "E05013554", "E05013563", "E05013550", "E05013547", "E05013553", "E05013528", "E05013582"], "compliant": true}, "geometry": {"type": "MultiPoint", "coordinates": [[-0.46454, 51.5409], [-0.47624, 51.5512], [-0.46551, 51.5258], [-0.47107, 51.5152], [-0.47647, 51.5021], [-0.43883, 51.5407], [-0.4601, 51.5691], [-0.45969, 51.4781], [-0.41656, 51.5681], [-0.43633, 51.5856], [-0.40238, 51.5779], [-0.4372, 51.6053], [-0.40812, 51.602], [-0.47548, 51.6102], [-0.38161, 51.5832], [-0.37551, 51.5697], [-0.38826, 51.6017], [-0.36677, 51.5664], [-0.36161, 51.561], [-0.36302, 51.5827], [-0.35927, 51.5743], [-0.35739, 51.5937], [-0.33768, 51.5675], [-0.33843, 51.5879], [-0.3273, 51.5505], [-0.40528, 51.5144]]}}, {"type": "Feature", "properties": {"id": "London_C017", "name": "London Constituency 17", "region": "London", "electorate": 197496, "ward_count": 34, "ward_codes": ["E05014112", "E05011472", "E05011473", "E05011488", "E05011464", "E05011486", "E05011465", "E05011479", "E05011467", "E05011468", "E05011485", "E05011463", "E05014103", "E05011489", "E05013995", "E05011462", "E05011475", "E05011487", "E05011484", "E05013821", "E05013754", "E05013818", "E05011101", "E05013759", "E05013763", "E05013770", "E05013771", "E05011466", "E05011469", "E05011474", "E05011476", "E05011477", "E05011478", "E05015899"], "compliant": false}, "geometry": {"type": "MultiPoint", "coordinates": [[-0.1304, 51.4166], [-0.12101, 51.4057], [-0.11047, 51.4145], [-0.11884, 51.3937], [-0.10593, 51.3961], [-0.09478, 51.4027], [-0.11375, 51.383], [-0.09557, 51.3881], [-0.08835, 51.4139], [-0.09968, 51.374], [-0.07808, 51.3988], [-0.08196, 51.3806], [-0.08989, 51.4266], [-0.06662, 51.3931], [-0.07016, 51.4161], [-0.06972, 51.3798], [-0.07993, 51.3694], [-0.11295, 51.3627], [-0.08488, 51.3571], [-0.14162, 51.3981], [-0.13718, 51.3761], [-0.14141, 51.4085], [-0.07847, 51.4316], [-0.1592, 51.3828], [-0.13151, 51.3513], [-0.15038, 51.3669], [-0.14882, 51.3539], [-0.14542, 51.3123], [-0.10191, 51.317], [-0.11879, 51.3038], [-0.12554, 51.3342], [-0.10629, 51.3387], [-0.07774, 51.3339], [-0.06771, 51.3094]]}}, {"type": "Feature", "properties": {"id": "London_C018", "name": "London Constituency 18", "region": "London", "electorate": 150221, "ward_count": 24, "ward_codes": ["E05009305", "E05009297", "E05009304", "E05009293", "E05009309", "E05009298", "E05009288", "E05009311", "E05009300", "E05009290", "E05009302", "E05009312", "E05009303", "E05009299", "E05009296", "E05009295", "E05013699", "E05009301", "E05009294", "E05009306", "E05009307", "E05009291", "E05009292", "E05014118"], "compliant": true}, "geometry": {"type": "MultiPoint", "coordinates": [[-0.11053, 51.5155], [-0.10695, 51.5143], [-0.10195, 51.5143], [-0.09587, 51.5138], [-0.09735, 51.5111], [-0.09561, 51.5153], [-0.09642, 51.5189], [-0.09422, 51.5112], [-0.09262, 51.5129], [-0.09266, 51.5169], [-0.09402, 51.5196], [-0.08863, 51.5132], [-0.09026, 51.5103], [-0.08843, 51.5176], [-0.0874, 51.5115], [-0.08575, 51.5162], [-0.0935, 51.5236], [-0.08532, 51.5139], [-0.08587, 51.5096], [-0.08355, 51.5124], [-0.08217, 51.5139], [-0.08267, 51.51], [-0.08152, 51.5182], [-0.11362, 51.502]]}}, {"type": "Feature", "properties": {"id": "London_C019", "name": "London Constituency 19", "region": "London", "electorate": 139838, "ward_count": 24, "ward_codes": ["E05014743", "E05014739", "E05014737", "E05014735", "E05014736", "E05014749", "E05014742", "E05014741", "E05014750", "E05014738", "E05014740", "E05014746", "E05014744", "E05014752", "E05014747", "E05014745", "E05014423", "E05014397", "E05014424", "E05014417", "E05014394", "E05014411", "E05014421", "E05014516"], "compliant": true}, "geometry": {"type": "MultiPoint", "coordinates": [[-0.41141, 51.8884], [-0.41371, 51.8804], [-0.42815, 51.891], [-0.42186, 51.9068], [-0.44449, 51.89], [-0.4396, 51.9008], [-0.43411, 51.8721], [-0.44307, 51.8831], [-0.41822, 51.8668], [-0.43717, 51.9175], [-0.45906, 51.8956], [-0.45027, 51.9125], [-0.47269, 51.9086], [-0.47038, 51.9184], [-0.48156, 51.8948], [-0.48836, 51.9024], [-0.48836, 51.9436], [-0.42817, 51.9626], [-0.46323, 51.9927], [-0.37477, 51.9901], [-0.46058, 52.0318], [-0.40684, 52.0643], [-0.35543, 52.0373], [-0.46441, 52.0984]]}}, {"type": "Feature", "properties": {"id": "London_C020", "name": "London Constituency 20", "region": "London", "electorate": 144727, "ward_count": 25, "ward_codes": ["E05011077", "E05011087", "E05011085", "E05011082", "E05007366", "E05007369", "E05011088", "E05011089", "E05007367", "E05007362", "E05012888", "E05007363", "E05013614", "E05007365", "E05007371", "E05007364", "E05012889", "E05012887", "E05007368", "E05012896", "E05013606", "E05007372", "E05010795", "E05011075", "E05011076"], "compliant": true}, "geometry": {"type": "MultiPoint", "coordinates": [[-0.40141, 51.3633], [-0.39006, 51.3812], [-0.41871, 51.3862], [-0.42899, 51.3692], [-0.42889, 51.4073], [-0.45624, 51.3911], [-0.45269, 51.3754], [-0.44504, 51.347], [-0.46575, 51.4101], [-0.43916, 51.4259], [-0.47793, 51.3712], [-0.45616, 51.431], [-0.43057, 51.4401], [-0.47675, 51.4327], [-0.48492, 51.4262], [-0.47004, 51.4458], [-0.49517, 51.3835], [-0.49411, 51.3742], [-0.49576, 51.4206], [-0.48645, 51.3569], [-0.4354, 51.4496], [-0.49169, 51.453], [-0.49007, 51.3385], [-0.4169, 51.3277], [-0.37414, 51.3663]]}}, {"type": "Feature", "properties": {"id": "London_C021", "name": "London Constituency 21", "region": "London", "electorate": 141240, "ward_count": 24, "ward_codes": ["E05014508", "E05014494", "E05014497", "E05014509", "E05014513", "E05014498", "E05014492", "E05014495", "E05014501", "E05014502", "E05014510", "E05014505", "E05014504", "E05014506", "E05014511", "E05014515", "E05014499", "E05014518", "E05014512", "E05014418", "E05014420", "E05011273", "E05011262", "E05011274"], "compliant": true}, "geometry": {"type": "MultiPoint", "coordinates": [[-0.45151, 52.1265], [-0.45352, 52.1364], [-0.45817, 52.1465], [-0.43983, 52.1548], [-0.42485, 52.1359], [-0.41922, 52.149], [-0.46313, 52.167], [-0.46935, 52.1239], [-0.4753, 52.1352], [-0.47965, 52.1482], [-0.48849, 52.1365], [-0.49388, 52.1233], [-0.48664, 52.1188], [-0.49038, 52.1096], [-0.42441, 52.1707], [-0.40242, 52.1102], [-0.37414, 52.1698], [-0.36408, 52.2285], [-0.48702, 52.2545], [-0.3292, 52.094], [-0.29299, 52.1307], [-0.28577, 52.2216], [-0.32306, 52.2814], [-0.265, 52.2189]]}}, {"type": "Feature", "properties": {"id": "London_C022", "name": "London Constituency 22", "region": "London", "electorate": 146703, "ward_count": 24, "ward_codes": ["E05011480", "E05011483", "E05011481", "E05011470", "E05011482", "E05014008", "E05013999", "E05011471", "E05013994", "E05014005", "E05013987", "E05014002", "E05013714", "E05013731", "E05013729", "E05013717", "E05013730", "E05013722", "E05013718", "E05013725", "E05013727", "E05013716", "E05013719", "E05015898"], "compliant": true}, "geometry": {"type": "MultiPoint", "coordinates": [[-0.05441, 51.3531], [-0.04469, 51.369], [-0.05087, 51.338], [-0.01739, 51.354], [-0.05046, 51.383], [-0.01157, 51.374], [-0.03157, 51.3914], [-0.01251, 51.3416], [-0.04391, 51.4065], [-0.00149, 51.3987], [-0.02048, 51.4133], [-0.04858, 51.416], [-0.02367, 51.4303], [-0.05707, 51.4282], [-0.04025, 51.4355], [-0.01228, 51.434], [-0.02131, 51.4443], [-0.05932, 51.4402], [-0.03846, 51.4508], [-0.02245, 51.4588], [-0.01196, 51.4627], [-0.02888, 51.4677], [-0.03085, 51.4781], [-0.0257, 51.3137]]}}, {"type": "Feature", "properties": {"id": "London_C023", "name": "London Constituency 23", "region": "London", "electorate": 140304, "ward_count": 24, "ward_codes": ["E05015759", "E05015776", "E05015775", "E05015777", "E05011285", "E05015362", "E05011306", "E05011284", "E05015778", "E05015754", "E05011286", "E05011295", "E05014031", "E05011293", "E05014419", "E05014032", "E05014398", "E05011261", "E05014399", "E05011259", "E05011272", "E05011260", "E05011305", "E05011270"], "compliant": true}, "geometry": {"type": "MultiPoint", "coordinates": [[-0.03084, 52.017], [-0.00624, 52.0454], [-0.04276, 52.048], [-0.02162, 52.0547], [-0.05634, 52.0721], [-0.01865, 51.963], [-0.10241, 52.0952], [-0.0352, 52.1458], [-0.11716, 51.9795], [-0.16984, 52.0348], [-0.07647, 52.1842], [-0.00143, 52.1977], [-0.07215, 52.2175], [-0.18295, 52.1549], [-0.19476, 52.1129], [-0.07962, 52.2388], [-0.23598, 52.0814], [-0.21816, 52.2147], [-0.25089, 52.0717], [-0.08874, 52.2863], [-0.23717, 52.2323], [-0.16841, 52.2967], [-0.0025, 52.2826], [-0.07121, 52.3233]]}}, {"type": "Feature", "properties": {"id": "London_C024", "name": "London Constituency 24", "region": "London", "electorate": 152864, "ward_count": 27, "ward_codes": ["E05013512", "E05013516", "E05013515", "E05013497", "E05013506", "E05013514", "E05013496", "E05013510", "E05013511", "E05013502", "E05013505", "E05013513", "E05013551", "E05013508", "E05013504", "E05013544", "E05013552", "E05013545", "E05013546", "E05013542", "E05013543", "E05013562", "E05013630", "E05013637", "E05013520", "E05013534", "E05013535"], "compliant": true}, "geometry": {"type": "MultiPoint", "coordinates": [[-0.27836, 51.5484], [-0.27581, 51.5586], [-0.29253, 51.5556], [-0.27587, 51.5693], [-0.29851, 51.5696], [-0.30072, 51.5491], [-0.28821, 51.5403], [-0.26991, 51.5391], [-0.31904, 51.5561], [-0.30042, 51.5782], [-0.3174, 51.5697], [-0.26147, 51.5735], [-0.29745, 51.5909], [-0.2766, 51.5887], [-0.26091, 51.5889], [-0.2979, 51.5999], [-0.31915, 51.5923], [-0.27948, 51.6034], [-0.32589, 51.5829], [-0.31773, 51.6054], [-0.29457, 51.6142], [-0.32877, 51.5953], [-0.26166, 51.604], [-0.27691, 51.6158], [-0.31102, 51.5169], [-0.3219, 51.5359], [-0.32174, 51.5262]]}}, {"type": "Feature", "properties": {"id": "London_C025", "name": "London Constituency 25", "region": "London", "electorate": 100187, "ward_count": 17, "ward_codes": ["E05011263", "E05011271", "E05011269", "E05011280", "E05011265", "E05011266", "E05011279", "E05011257", "E05011276", "E05011268", "E05011258", "E05011264", "E05011277", "E05011275", "E05011256", "E05011278", "E05011267"], "compliant": false}, "geometry": {"type": "MultiPoint", "coordinates": [[-0.11965, 52.3458], [-0.08638, 52.3373], [-0.07062, 52.346], [-0.10412, 52.4109], [-0.16515, 52.3405], [-0.17524, 52.3457], [-0.21619, 52.3581], [-0.22964, 52.3217], [-0.24541, 52.4128], [-0.09767, 52.4701], [-0.26552, 52.2852], [-0.00575, 52.3415], [-0.00482, 52.3817], [-0.26677, 52.244], [-0.32259, 52.3704], [-0.2951, 52.4792], [-0.41476, 52.346]]}}, {"type": "Feature", "properties": {"id": "London_C026", "name": "London Constituency 26", "region": "London", "electorate": 172906, "ward_count": 31, "ward_codes": ["E05014017", "E05014030", "E05014022", "E05014029", "E05014011", "E05014021", "E05013828", "E05013825", "E05013816", "E05013829", "E05014026", "E05014028", "E05013826", "E05014027", "E05013810", "E05013820", "E05014024", "E05013812", "E05013811", "E05013817", "E05014025", "E05014023", "E05013824", "E05013822", "E05013823", "E05013761", "E05013762", "E05013769", "E05013813", "E05013814", "E05013815"], "compliant": false}, "geometry": {"type": "MultiPoint", "coordinates": [[-0.24083, 51.4452], [-0.22937, 51.455], [-0.22372, 51.4665], [-0.21425, 51.4453], [-0.20823, 51.4545], [-0.19885, 51.4449], [-0.20124, 51.432], [-0.23188, 51.4255], [-0.21539, 51.4201], [-0.20349, 51.4184], [-0.18532, 51.4487], [-0.18649, 51.4566], [-0.18443, 51.4214], [-0.17783, 51.4433], [-0.19221, 51.4147], [-0.20057, 51.4056], [-0.17348, 51.4274], [-0.17155, 51.418], [-0.21449, 51.4016], [-0.17562, 51.4107], [-0.16384, 51.4412], [-0.16008, 51.4313], [-0.19472, 51.3946], [-0.17801, 51.3955], [-0.23106, 51.4092], [-0.1722, 51.3865], [-0.17996, 51.3817], [-0.17002, 51.3749], [-0.16068, 51.396], [-0.16043, 51.41], [-0.15277, 51.416]]}}, {"type": "Feature", "properties": {"id": "London_C027", "name": "London Constituency 27", "region": "London", "electorate": 142490, "ward_count": 24, "ward_codes": ["E05013903", "E05013893", "E05013884", "E05013902", "E05013891", "E05013894", "E05013899", "E05013886", "E05013599", "E05009383", "E05009368", "E05013598", "E05009384", "E05009385", "E05009382", "E05009370", "E05009387", "E05013597", "E05013591", "E05009369", "E05013603", "E05013709", "E05009367", "E05009371"], "compliant": true}, "geometry": {"type": "MultiPoint", "coordinates": [[-0.00527, 51.5854], [-0.01338, 51.5829], [-0.01506, 51.5963], [-0.02658, 51.5902], [-0.02799, 51.583], [-0.0082, 51.6149], [-0.04615, 51.5786], [-0.00896, 51.627], [-0.06315, 51.5828], [-0.06435, 51.5739], [-0.06552, 51.5668], [-0.07891, 51.578], [-0.08026, 51.5693], [-0.07641, 51.5608], [-0.07178, 51.5525], [-0.07058, 51.5474], [-0.09118, 51.5698], [-0.09126, 51.5836], [-0.09058, 51.5779], [-0.08568, 51.559], [-0.09115, 51.5921], [-0.0861, 51.5519], [-0.098, 51.5646], [-0.08112, 51.5418]]}}, {"type": "Feature", "properties": {"id": "London_C028", "name": "London Constituency 28", "region": "London", "electorate": 166159, "ward_count": 29, "ward_codes": ["E05013652", "E05013667", "E05013658", "E05013805", "E05013792", "E05013794", "E05013670", "E05013799", "E05013665", "E05013671", "E05013657", "E05013659", "E05013656", "E05013661", "E05013631", "E05013796", "E05013801", "E05013798", "E05013641", "E05013592", "E05013498", "E05013499", "E05013642", "E05013634", "E05013517", "E05013636", "E05013507", "E05013643", "E05013804"], "compliant": false}, "geometry": {"type": "MultiPoint", "coordinates": [[-0.17055, 51.5484], [-0.16283, 51.5407], [-0.15764, 51.5524], [-0.16074, 51.5294], [-0.1788, 51.5332], [-0.17046, 51.5234], [-0.18386, 51.5434], [-0.1826, 51.5243], [-0.19108, 51.5386], [-0.18931, 51.5485], [-0.18636, 51.5574], [-0.1744, 51.5607], [-0.20015, 51.5531], [-0.1534, 51.563], [-0.19846, 51.5674], [-0.16838, 51.5131], [-0.15529, 51.5189], [-0.1801, 51.5094], [-0.18287, 51.5816], [-0.15224, 51.5778], [-0.22048, 51.5423], [-0.2205, 51.5543], [-0.20522, 51.5818], [-0.21892, 51.5684], [-0.23018, 51.5515], [-0.17062, 51.5951], [-0.21285, 51.5353], [-0.22194, 51.5881], [-0.20876, 51.5293]]}}, {"type": "Feature", "properties": {"id": "London_C029", "name": "London Constituency 29", "region": "London", "electorate": 153016, "ward_count": 26, "ward_codes": ["E05013649", "E05013633", "E05013632", "E05013645", "E05013500", "E05013639", "E05013646", "E05013648", "E05013647", "E05013644", "E05013638", "E05013651", "E05013650", "E05013628", "E05012183", "E05012182", "E05013635", "E05013640", "E05013589", "E05012179", "E05013629", "E05013678", "E05013594", "E05012189", "E05012190", "E05012191"], "compliant": true}, "geometry": {"type": "MultiPoint", "coordinates": [[-0.23755, 51.5782], [-0.24659, 51.5907], [-0.24563, 51.6023], [-0.22812, 51.6123], [-0.23732, 51.5617], [-0.19956, 51.5989], [-0.20776, 51.6334], [-0.1855, 51.6072], [-0.20423, 51.6447], [-0.2219, 51.6533], [-0.26821, 51.633], [-0.16968, 51.6113], [-0.16928, 51.6289], [-0.18229, 51.6501], [-0.25572, 51.6589], [-0.26963, 51.6502], [-0.15906, 51.6444], [-0.15072, 51.6094], [-0.15143, 51.5916], [-0.19065, 51.679], [-0.14587, 51.6276], [-0.1508, 51.6612], [-0.14173, 51.5869], [-0.20708, 51.7006], [-0.17173, 51.6949], [-0.18588, 51.701]]}}, {"type": "Feature", "properties": {"id": "London_C030", "name": "London Constituency 30", "region": "London", "electorate": 61850, "ward_count": 11, "ward_codes": ["E05009310", "E05009289", "E05009308", "E05009333", "E05009336", "E05009335", "E05009330", "E05009377", "E05009375", "E05009378", "E05013701"], "compliant": false}, "geometry": {"type": "MultiPoint", "coordinates": [[-0.07648, 51.5109], [-0.07896, 51.5138], [-0.07529, 51.5142], [-0.06989, 51.5191], [-0.06485, 51.5136], [-0.07055, 51.5269], [-0.06395, 51.5069], [-0.08277, 51.5285], [-0.06973, 51.5337], [-0.08996, 51.5319], [-0.09213, 51.5429]]}}, {"type": "Feature", "properties": {"id": "London_C031", "name": "London Constituency 31", "region": "London", "electorate": 98769, "ward_count": 17, "ward_codes": ["E05013782", "E05013784", "E05013786", "E05013775", "E05013783", "E05013774", "E05013521", "E05013527", "E05013530", "E05013536", "E05013540", "E05013541", "E05013607", "E05013608", "E05013609", "E05013611", "E05013524"], "compliant": false}, "geometry": {"type": "MultiPoint", "coordinates": [[-0.28968, 51.4771], [-0.29814, 51.4675], [-0.29571, 51.4577], [-0.263, 51.4525], [-0.25456, 51.4691], [-0.23689, 51.4804], [-0.294, 51.5067], [-0.26712, 51.5216], [-0.31789, 51.4986], [-0.27346, 51.5038], [-0.25994, 51.5006], [-0.31627, 51.5066], [-0.29558, 51.4906], [-0.31183, 51.4897], [-0.28474, 51.4952], [-0.27231, 51.4867], [-0.2955, 51.5249]]}}, {"type": "Feature", "properties": {"id": "London_C032", "name": "London Constituency 32", "region": "London", "electorate": 146861, "ward_count": 25, "ward_codes": ["E05013797", "E05009403", "E05009405", "E05009391", "E05009393", "E05009402", "E05013747", "E05013745", "E05013742", "E05013749", "E05013739", "E05013744", "E05013743", "E05013738", "E05013741", "E05013740", "E05013746", "E05013737", "E05013753", "E05013750", "E05013736", "E05013610", "E05013522", "E05014012", "E05014018"], "compliant": true}, "geometry": {"type": "MultiPoint", "coordinates": [[-0.15058, 51.496], [-0.15991, 51.4893], [-0.17596, 51.4864], [-0.17626, 51.4821], [-0.17808, 51.4913], [-0.18755, 51.4862], [-0.18582, 51.4712], [-0.19232, 51.4759], [-0.19853, 51.4843], [-0.19994, 51.4794], [-0.20581, 51.4749], [-0.21746, 51.4738], [-0.2116, 51.4778], [-0.21561, 51.4865], [-0.22395, 51.4902], [-0.22967, 51.4982], [-0.23994, 51.4949], [-0.23673, 51.5032], [-0.24178, 51.5105], [-0.24743, 51.5019], [-0.23622, 51.5233], [-0.26004, 51.4795], [-0.25738, 51.5133], [-0.172, 51.4662], [-0.17487, 51.4703]]}}, {"type": "Feature", "properties": {"id": "London_C033", "name": "London Constituency 33", "region": "London", "electorate": 28534, "ward_count": 5, "ward_codes": ["E05012188", "E05013560", "E05012184", "E05013548", "E05013561"], "compliant": false}, "geometry": {"type": "MultiPoint", "coordinates": [[-0.29501, 51.6493], [-0.31791, 51.625], [-0.3422, 51.6348], [-0.3472, 51.6141], [-0.33883, 51.599]]}}, {"type": "Feature", "properties": {"id": "London_C034", "name": "London Constituency 34", "region": "London", "electorate": 164999, "ward_count": 29, "ward_codes": ["E05015106", "E05015094", "E05015104", "E05015095", "E05015098", "E05015105", "E05015102", "E05015099", "E05015093", "E05015103", "E05015100", "E05013773", "E05013758", "E05012881", "E05012886", "E05013760", "E05013772", "E05013768", "E05013764", "E05013819", "E05013827", "E05013755", "E05013766", "E05013767", "E05013765", "E05013756", "E05013757", "E05015342", "E05012872"], "compliant": false}, "geometry": {"type": "MultiPoint", "coordinates": [[-0.26426, 51.3129], [-0.25239, 51.3264], [-0.26444, 51.3364], [-0.26835, 51.346], [-0.25191, 51.351], [-0.26376, 51.3557], [-0.28982, 51.3316], [-0.28789, 51.3474], [-0.2538, 51.3656], [-0.24262, 51.3606], [-0.23615, 51.3448], [-0.23836, 51.3713], [-0.21548, 51.3501], [-0.22274, 51.3191], [-0.23485, 51.3069], [-0.22205, 51.3737], [-0.23408, 51.3819], [-0.20451, 51.3637], [-0.20882, 51.3794], [-0.22194, 51.3884], [-0.23515, 51.3982], [-0.19302, 51.3487], [-0.19314, 51.3749], [-0.18841, 51.356], [-0.18952, 51.3649], [-0.16888, 51.3644], [-0.16543, 51.3437], [-0.29537, 51.3063], [-0.19236, 51.3268]]}}, {"type": "Feature", "properties": {"id": "South East_C001", "name": "South East Constituency 1", "region": "South East", "electorate": 166842, "ward_count": 29, "ward_codes": ["E05011167", "E05011127", "E05011170", "E05011171", "E05011126", "E05011120", "E05011182", "E05011145", "E05011155", "E05011183", "E05011186", "E05011140", "E05011118", "E05011169", "E05011185", "E05011131", "E05001294", "E05011141", "E05001292", "E05011138", "E05011137", "E05011166", "E05001296", "E05001298", "E05011124", "E05001287", "E05001290", "E05007463", "E05011165"], "compliant": false}, "geometry": {"type": "MultiPoint", "coordinates": [[-1.84322, 52.4674], [-1.86576, 52.4716], [-1.86725, 52.4602], [-1.86419, 52.4478], [-1.88618, 52.4734], [-1.84986, 52.4905], [-1.83453, 52.4526], [-1.83308, 52.4785], [-1.87546, 52.4944], [-1.83743, 52.4971], [-1.81701, 52.4766], [-1.84154, 52.4325], [-1.82411, 52.4433], [-1.81184, 52.4579], [-1.79991, 52.4721], [-1.80756, 52.4992], [-1.80707, 52.4342], [-1.84597, 52.4178], [-1.79466, 52.4456], [-1.77632, 52.4824], [-1.78066, 52.473], [-1.78266, 52.4616], [-1.81673, 52.4127], [-1.83905, 52.4095], [-1.87519, 52.4216], [-1.73178, 52.4812], [-1.74945, 52.484], [-1.70316, 52.4853], [-1.77389, 52.4937]]}}, {"type": "Feature", "properties": {"id": "South East_C002", "name": "South East Constituency 2", "region": "South East", "electorate": 142391, "ward_count": 22, "ward_codes": ["E05011761", "E05011762", "E05011763", "E05011759", "E05011766", "E05011770", "E05011744", "E05011776", "E05011775", "E05011768", "E05011769", "E05011755", "E05011764", "E05011753", "E05011743", "E05011747", "E05011748", "E05015479", "E05011750", "E05011756", "E05011780", "E05011758"], "compliant": true}, "geometry": {"type": "MultiPoint", "coordinates": [[0.8698, 51.1337], [0.874803, 51.1221], [0.870966, 51.1167], [0.851193, 51.1124], [0.856771, 51.1259], [0.853395, 51.1301], [0.853645, 51.1385], [0.845483, 51.1309], [0.864994, 51.1442], [0.842327, 51.1391], [0.834851, 51.1389], [0.846276, 51.1531], [0.854337, 51.1604], [0.879555, 51.151], [0.889556, 51.1336], [0.870269, 51.165], [0.887592, 51.1633], [0.873046, 51.1712], [0.891952, 51.1592], [0.904099, 51.1348], [0.905623, 51.1441], [0.89651, 51.1675]]}}, {"type": "Feature", "properties": {"id": "South East_C003", "name": "South East Constituency 3", "region": "South East", "electorate": 171843, "ward_count": 29, "ward_codes": ["E05011210", "E05011214", "E05011202", "E05011204", "E05011203", "E05011212", "E05011206", "E05011213", "E05011207", "E05011205", "E05011216", "E05011209", "E05011208", "E05011201", "E05011215", "E05011622", "E05011211", "E05011608", "E05011623", "E05011609", "E05011607", "E05011610", "E05011604", "E05011605", "E05011606", "E05011611", "E05011612", "E05011618", "E05011615"], "compliant": false}, "geometry": {"type": "MultiPoint", "coordinates": [[0.602469, 50.8621], [0.598076, 50.8672], [0.592944, 50.8756], [0.584961, 50.8592], [0.5743, 50.8639], [0.576477, 50.8732], [0.569034, 50.8813], [0.560625, 50.8705], [0.559207, 50.8602], [0.562878, 50.8538], [0.544568, 50.8704], [0.545141, 50.8584], [0.539041, 50.8769], [0.529676, 50.8825], [0.522914, 50.8589], [0.572235, 50.9247], [0.626507, 50.8723], [0.507006, 50.8554], [0.503218, 50.9146], [0.487574, 50.8413], [0.483152, 50.853], [0.470631, 50.8634], [0.470473, 50.8411], [0.448662, 50.8377], [0.452018, 50.8451], [0.411947, 50.8441], [0.458662, 50.8526], [0.475215, 50.9355], [0.402547, 50.9124]]}}, {"type": "Feature", "properties": {"id": "South East_C004", "name": "South East Constituency 4", "region": "South East", "electorate": 176929, "ward_count": 30, "ward_codes": ["E05012919", "E05012921", "E05012925", "E05012924", "E05012916", "E05012926", "E05012917", "E05012915", "E05012918", "E05012914", "E05012920", "E05012923", "E05012922", "E05014716", "E05012876", "E05014708", "E05012878", "E05012877", "E05011815", "E05015346", "E05012885", "E05012874", "E05015345", "E05012873", "E05012875", "E05012879", "E05012880", "E05012882", "E05012883", "E05012884"], "compliant": false}, "geometry": {"type": "MultiPoint", "coordinates": [[-0.2021, 51.1448], [-0.19146, 51.1197], [-0.17569, 51.1164], [-0.19371, 51.1079], [-0.17181, 51.1027], [-0.18482, 51.0964], [-0.20861, 51.1098], [-0.20678, 51.093], [-0.21769, 51.1218], [-0.22243, 51.1049], [-0.15289, 51.1045], [-0.14841, 51.1144], [-0.14763, 51.1416], [-0.12106, 51.1226], [-0.15062, 51.1701], [-0.12567, 51.0602], [-0.20408, 51.1908], [-0.16576, 51.2004], [-0.26632, 51.0925], [-0.25888, 51.1771], [-0.20826, 51.2189], [-0.17327, 51.2227], [-0.27385, 51.2517], [-0.18754, 51.2965], [-0.14833, 51.2763], [-0.22858, 51.279], [-0.18812, 51.2317], [-0.15594, 51.2412], [-0.17652, 51.2528], [-0.20845, 51.2378]]}}, {"type": "Feature", "properties": {"id": "South East_C005", "name": "South East Constituency 5", "region": "South East", "electorate": 182075, "ward_count": 31, "ward_codes": ["E05012147", "E05011713", "E05011703", "E05009740", "E05011702", "E05011717", "E05011701", "E05009755", "E05011715", "E05009754", "E05012971", "E05009757", "E05012970", "E05011708", "E05015563", "E05012977", "E05011719", "E05013107", "E05013113", "E05013105", "E05013110", "E05013100", "E05013102", "E05013115", "E05012974", "E05012975", "E05009734", "E05012978", "E05012979", "E05012992", "E05009771"], "compliant": false}, "geometry": {"type": "MultiPoint", "coordinates": [[-1.26652, 51.5061], [-1.24498, 51.5772], [-1.24926, 51.6028], [-1.25857, 51.6117], [-1.23464, 51.6193], [-1.25598, 51.637], [-1.20275, 51.5592], [-1.29035, 51.6611], [-1.31339, 51.6379], [-1.27696, 51.6761], [-1.26543, 51.6861], [-1.29641, 51.6717], [-1.27776, 51.6893], [-1.22345, 51.6621], [-1.24958, 51.6973], [-1.3266, 51.6788], [-1.31491, 51.7092], [-1.22016, 51.7207], [-1.23059, 51.7284], [-1.25397, 51.7383], [-1.20587, 51.7186], [-1.21533, 51.7309], [-1.2295, 51.7402], [-1.24126, 51.7439], [-1.42013, 51.6128], [-1.35393, 51.5833], [-1.1498, 51.6645], [-1.42832, 51.599], [-1.41852, 51.5685], [-1.42563, 51.653], [-1.3841, 51.6319]]}}, {"type": "Feature", "properties": {"id": "South East_C006", "name": "South East Constituency 6", "region": "South East", "electorate": 144090, "ward_count": 23, "ward_codes": ["E05011593", "E05011587", "E05011588", "E05011589", "E05011586", "E05011595", "E05011585", "E05011596", "E05011594", "E05011590", "E05011591", "E05015412", "E05015420", "E05011602", "E05011598", "E05011600", "E05011601", "E05011599", "E05011583", "E05015418", "E05011597", "E05015400", "E05015406"], "compliant": true}, "geometry": {"type": "MultiPoint", "coordinates": [[0.069027, 50.8653], [0.028257, 50.8765], [0.003118, 50.877], [-0.00846, 50.8712], [-0.00536, 50.8428], [0.004953, 50.8038], [-0.01714, 50.804], [-0.00261, 50.7953], [0.017601, 50.793], [0.0626, 50.8021], [0.044523, 50.7885], [-0.04938, 50.8138], [-0.0657, 50.8342], [0.088342, 50.7877], [0.100931, 50.7745], [0.122446, 50.7889], [0.113804, 50.7706], [0.132968, 50.7716], [-0.00371, 50.936], [-0.09646, 50.823], [-0.05331, 50.9197], [-0.09778, 50.865], [-0.10453, 50.8441]]}}, {"type": "Feature", "properties": {"id": "South East_C007", "name": "South East Constituency 7", "region": "South East", "electorate": 208089, "ward_count": 36, "ward_codes": ["E05015390", "E05015384", "E05015382", "E05015392", "E05015385", "E05015393", "E05015389", "E05015395", "E05015397", "E05015380", "E05015853", "E05015856", "E05015383", "E05015860", "E05015859", "E05015851", "E05015850", "E05015862", "E05015849", "E05015854", "E05015387", "E05015863", "E05015858", "E05015857", "E05015463", "E05015391", "E05015394", "E05015396", "E05015452", "E05009444", "E05009446", "E05009447", "E05009461", "E05009465", "E05009466", "E05009467"], "compliant": false}, "geometry": {"type": "MultiPoint", "coordinates": [[-2.25767, 52.009], [-2.3063, 52.0532], [-2.30016, 52.1052], [-2.29943, 52.1201], [-2.32399, 52.1095], [-2.26327, 52.1218], [-2.30641, 52.1359], [-2.32306, 52.1388], [-2.34023, 52.1211], [-2.35374, 52.1733], [-2.2531, 52.1899], [-2.23496, 52.1753], [-2.27563, 52.2096], [-2.23574, 52.1897], [-2.24034, 52.2024], [-2.22707, 52.1967], [-2.20474, 52.1777], [-2.20225, 52.1704], [-2.21878, 52.2015], [-2.20982, 52.1908], [-2.19611, 52.1048], [-2.21342, 52.2103], [-2.20205, 52.2031], [-2.19113, 52.1881], [-2.08409, 52.1094], [-2.34935, 52.2284], [-2.54469, 52.2798], [-2.22111, 52.0526], [-2.1175, 52.0876], [-2.47302, 52.1458], [-2.44895, 52.2267], [-2.55497, 52.1805], [-2.41038, 52.0881], [-2.41695, 52.0554], [-2.4091, 52.0258], [-2.44997, 52.0435]]}}, {"type": "Feature", "properties": {"id": "South East_C008", "name": "South East Constituency 8", "region": "South East", "electorate": 145077, "ward_count": 25, "ward_codes": ["E05009800", "E05009818", "E05009814", "E05009816", "E05009806", "E05009813", "E05009811", "E05009801", "E05009810", "E05009804", "E05009817", "E05011680", "E05009815", "E05009822", "E05011669", "E05011667", "E05011668", "E05011666", "E05011674", "E05011670", "E05011683", "E05011682", "E05011677", "E05011675", "E05011685"], "compliant": true}, "geometry": {"type": "MultiPoint", "coordinates": [[-0.70233, 50.7856], [-0.69037, 50.7916], [-0.68304, 50.7839], [-0.67913, 50.7938], [-0.685, 50.807], [-0.66621, 50.7896], [-0.65263, 50.7949], [-0.71759, 50.7819], [-0.64155, 50.794], [-0.65612, 50.8302], [-0.73408, 50.789], [-0.74024, 50.819], [-0.61196, 50.7976], [-0.60247, 50.8137], [-0.76506, 50.8319], [-0.76473, 50.8427], [-0.77631, 50.8498], [-0.78648, 50.8338], [-0.74236, 50.8967], [-0.79534, 50.8438], [-0.78954, 50.7688], [-0.79922, 50.7363], [-0.8221, 50.8681], [-0.83525, 50.8295], [-0.86606, 50.7762]]}}, {"type": "Feature", "properties": {"id": "South East_C009", "name": "South East Constituency 9", "region": "South East", "electorate": 144473, "ward_count": 24, "ward_codes": ["E05012864", "E05012863", "E05012870", "E05012865", "E05012860", "E05012859", "E05012867", "E05012871", "E05012857", "E05012866", "E05012868", "E05012869", "E05012862", "E05012856", "E05012858", "E05012855", "E05012861", "E05010019", "E05010017", "E05010015", "E05010018", "E05012954", "E05010023", "E05012953"], "compliant": true}, "geometry": {"type": "MultiPoint", "coordinates": [[1.37663, 51.2099], [1.38838, 51.2247], [1.39242, 51.2033], [1.39002, 51.2454], [1.35563, 51.1762], [1.32385, 51.2215], [1.32683, 51.2702], [1.29053, 51.1581], [1.30088, 51.1423], [1.29023, 51.1321], [1.29689, 51.1283], [1.30168, 51.1201], [1.28282, 51.1184], [1.23589, 51.2032], [1.22095, 51.1617], [1.22037, 51.124], [1.25563, 51.2795], [1.19939, 51.0903], [1.17415, 51.0967], [1.16548, 51.0901], [1.17058, 51.0786], [1.12916, 51.2163], [1.13302, 51.1401], [1.1712, 51.2696]]}}, {"type": "Feature", "properties": {"id": "South East_C010", "name": "South East Constituency 10", "region": "South East", "electorate": 148847, "ward_count": 25, "ward_codes": ["E05013218", "E05013222", "E05013213", "E05013220", "E05013214", "E05013221", "E05013237", "E05013238", "E05013229", "E05013215", "E05013226", "E05013233", "E05013230", "E05013227", "E05013217", "E05013228", "E05013225", "E05013224", "E05013234", "E05013223", "E05013235", "E05014503", "E05013240", "E05013267", "E05013263"], "compliant": true}, "geometry": {"type": "MultiPoint", "coordinates": [[-0.69956, 52.2896], [-0.71429, 52.3166], [-0.72448, 52.3011], [-0.75006, 52.2748], [-0.71603, 52.368], [-0.65639, 52.3207], [-0.70511, 52.3832], [-0.70874, 52.4013], [-0.73158, 52.3989], [-0.72305, 52.4114], [-0.67665, 52.4206], [-0.80865, 52.4198], [-0.72979, 52.469], [-0.71113, 52.4799], [-0.7205, 52.4966], [-0.69883, 52.4983], [-0.5642, 52.3681], [-0.68024, 52.244], [-0.60894, 52.2891], [-0.56911, 52.306], [-0.56711, 52.2775], [-0.61102, 52.2279], [-0.81532, 52.2615], [-0.83039, 52.2684], [-0.82893, 52.2464]]}}, {"type": "Feature", "properties": {"id": "South East_C011", "name": "South East Constituency 11", "region": "South East", "electorate": 177998, "ward_count": 29, "ward_codes": ["E05006629", "E05006634", "E05006632", "E05009365", "E05009364", "E05006627", "E05009363", "E05006638", "E05006652", "E05010783", "E05006648", "E05006651", "E05006650", "E05006649", "E05006628", "E05010781", "E05010782", "E05006644", "E05006645", "E05006643", "E05011718", "E05012973", "E05006637", "E05009769", "E05009770", "E05010699", "E05010706", "E05010719", "E05010726"], "compliant": false}, "geometry": {"type": "MultiPoint", "coordinates": [[-1.56416, 51.7247], [-1.59449, 51.7541], [-1.58948, 51.7671], [-1.60133, 51.7665], [-1.58888, 51.8051], [-1.64668, 51.7294], [-1.64694, 51.8121], [-1.50642, 51.77], [-1.51529, 51.7852], [-1.49467, 51.8171], [-1.49395, 51.7887], [-1.49167, 51.7812], [-1.48116, 51.7944], [-1.46995, 51.7858], [-1.57972, 51.8685], [-1.52215, 51.885], [-1.47509, 51.8637], [-1.4426, 51.8213], [-1.44506, 51.7339], [-1.6446, 51.867], [-1.40638, 51.6997], [-1.59327, 51.6677], [-1.54225, 51.9383], [-1.48751, 51.5802], [-1.52909, 51.6372], [-1.75261, 51.8887], [-1.71173, 51.9559], [-1.7365, 51.9274], [-1.71133, 51.8694]]}}, {"type": "Feature", "properties": {"id": "South East_C012", "name": "South East Constituency 12", "region": "South East", "electorate": 143301, "ward_count": 23, "ward_codes": ["E05015042", "E05015046", "E05015041", "E05015594", "E05015036", "E05015598", "E05015607", "E05015599", "E05015593", "E05015614", "E05015610", "E05015603", "E05015609", "E05015605", "E05015612", "E05015600", "E05015608", "E05015606", "E05015611", "E05015596", "E05015595", "E05015597", "E05015604"], "compliant": true}, "geometry": {"type": "MultiPoint", "coordinates": [[0.396634, 51.2851], [0.405877, 51.2737], [0.368785, 51.2386], [0.457644, 51.2633], [0.470657, 51.2919], [0.478079, 51.2427], [0.494109, 51.281], [0.494417, 51.2658], [0.504339, 51.2888], [0.513833, 51.2567], [0.513677, 51.2888], [0.525185, 51.2698], [0.528564, 51.2851], [0.511426, 51.2252], [0.543803, 51.2601], [0.55293, 51.2799], [0.550545, 51.2402], [0.462622, 51.1969], [0.564647, 51.2439], [0.553816, 51.2113], [0.571941, 51.267], [0.558767, 51.2993], [0.607775, 51.2421]]}}, {"type": "Feature", "properties": {"id": "South East_C013", "name": "South East Constituency 13", "region": "South East", "electorate": 149968, "ward_count": 25, "ward_codes": ["E05007574", "E05007573", "E05007571", "E05007565", "E05015407", "E05015414", "E05007562", "E05007572", "E05007568", "E05015419", "E05015402", "E05015416", "E05015399", "E05015417", "E05015401", "E05015398", "E05015409", "E05015411", "E05015415", "E05015408", "E05015413", "E05015404", "E05015410", "E05015403", "E05015405"], "compliant": true}, "geometry": {"type": "MultiPoint", "coordinates": [[-0.24395, 50.8333], [-0.25403, 50.8377], [-0.26599, 50.8357], [-0.22706, 50.8339], [-0.22647, 50.861], [-0.21522, 50.8381], [-0.27506, 50.8517], [-0.27801, 50.8387], [-0.26602, 50.829], [-0.19925, 50.831], [-0.19489, 50.853], [-0.18381, 50.8306], [-0.17354, 50.8288], [-0.16961, 50.8651], [-0.1604, 50.8328], [-0.16076, 50.8258], [-0.14816, 50.8427], [-0.14669, 50.8243], [-0.13971, 50.8281], [-0.14261, 50.8688], [-0.1328, 50.8357], [-0.12631, 50.8489], [-0.12502, 50.8242], [-0.12128, 50.8318], [-0.12158, 50.8177]]}}, {"type": "Feature", "properties": {"id": "South East_C014", "name": "South East Constituency 14", "region": "South East", "electorate": 173350, "ward_count": 29, "ward_codes": ["E05011645", "E05011635", "E05014720", "E05014722", "E05014724", "E05014709", "E05014721", "E05015888", "E05014723", "E05014717", "E05015892", "E05005014", "E05015894", "E05005013", "E05015889", "E05015891", "E05005010", "E05015893", "E05015886", "E05009965", "E05015896", "E05015902", "E05015890", "E05015885", "E05015887", "E05015895", "E05015897", "E05015900", "E05015901"], "compliant": false}, "geometry": {"type": "MultiPoint", "coordinates": [[0.093597, 51.0943], [0.03634, 51.0864], [0.010653, 51.1299], [-0.00494, 51.1179], [-0.01075, 51.1247], [-0.02322, 51.1073], [-0.01673, 51.1359], [0.022828, 51.1668], [-0.03939, 51.1314], [-0.07908, 51.1271], [-0.0125, 51.1875], [0.064742, 51.1774], [-0.00158, 51.2322], [0.066422, 51.208], [-0.05492, 51.2225], [0.019982, 51.2388], [0.094375, 51.1642], [-0.01552, 51.259], [-0.09037, 51.1771], [0.069509, 51.2561], [0.017444, 51.2846], [-0.04631, 51.2828], [-0.07667, 51.2721], [-0.11076, 51.2438], [-0.11197, 51.2791], [-0.08953, 51.2911], [-0.07488, 51.2897], [-0.10458, 51.2911], [-0.07451, 51.2999]]}}, {"type": "Feature", "properties": {"id": "South East_C015", "name": "South East Constituency 15", "region": "South East", "electorate": 152356, "ward_count": 28, "ward_codes": ["E05012313", "E05012312", "E05012315", "E05012314", "E05012300", "E05012301", "E05012311", "E05011676", "E05012307", "E05012308", "E05012317", "E05012309", "E05012306", "E05015582", "E05015589", "E05015584", "E05015588", "E05015592", "E05011686", "E05015583", "E05015585", "E05015591", "E05015581", "E05015590", "E05011000", "E05011684", "E05012302", "E05012316"], "compliant": true}, "geometry": {"type": "MultiPoint", "coordinates": [[-0.94199, 50.9963], [-0.94443, 51.0107], [-0.93389, 51.0091], [-0.91653, 51.0004], [-0.98825, 50.9897], [-0.98764, 50.9445], [-0.89925, 51.0417], [-0.86692, 50.9923], [-1.00191, 50.9248], [-0.99287, 50.9184], [-0.96457, 50.9015], [-1.00674, 50.9138], [-1.0245, 50.927], [-1.0141, 50.8955], [-0.99397, 50.8782], [-1.03346, 50.8986], [-0.97582, 50.8682], [-1.02856, 50.8839], [-0.89001, 50.8986], [-0.94515, 50.8641], [-0.9696, 50.8501], [-1.0315, 50.8716], [-1.00366, 50.8517], [-1.03305, 50.8613], [-1.08624, 50.906], [-0.91343, 50.8158], [-1.05613, 51.1182], [-1.00988, 51.0729]]}}, {"type": "Feature", "properties": {"id": "South East_C016", "name": "South East Constituency 16", "region": "South East", "electorate": 176036, "ward_count": 28, "ward_codes": ["E05010922", "E05010921", "E05010923", "E05010924", "E05011349", "E05011348", "E05010929", "E05010930", "E05006647", "E05013260", "E05015111", "E05006646", "E05015114", "E05006642", "E05015140", "E05015125", "E05015115", "E05015126", "E05015123", "E05015124", "E05015142", "E05015112", "E05012631", "E05015121", "E05015122", "E05015139", "E05010711", "E05012969"], "compliant": false}, "geometry": {"type": "MultiPoint", "coordinates": [[-1.31827, 52.0651], [-1.34202, 52.067], [-1.35132, 52.0796], [-1.36113, 52.0629], [-1.31949, 52.0441], [-1.33906, 52.0201], [-1.41461, 52.0914], [-1.29324, 51.9721], [-1.36743, 51.94], [-1.21982, 52.0373], [-1.34927, 52.1822], [-1.34923, 51.8756], [-1.48439, 52.1691], [-1.45433, 51.9462], [-1.53804, 52.107], [-1.37996, 52.2422], [-1.46256, 52.2338], [-1.39943, 52.2559], [-1.36303, 52.2693], [-1.40547, 52.2829], [-1.55959, 52.1767], [-1.57337, 52.0216], [-1.5153, 52.2563], [-1.59739, 52.057], [-1.63034, 52.049], [-1.6349, 52.1012], [-1.65936, 52.0159], [-1.14763, 51.9392]]}}, {"type": "Feature", "properties": {"id": "South East_C017", "name": "South East Constituency 17", "region": "South East", "electorate": 315072, "ward_count": 55, "ward_codes": ["E05009845", "E05009846", "E05011164", "E05011136", "E05009833", "E05009841", "E05009839", "E05009830", "E05009842", "E05009831", "E05009840", "E05009849", "E05009848", "E05009829", "E05009847", "E05009825", "E05009832", "E05009837", "E05009844", "E05009850", "E05009826", "E05009843", "E05009828", "E05009824", "E05011152", "E05015903", "E05015904", "E05015905", "E05001260", "E05001261", "E05001262", "E05001264", "E05001270", "E05015915", "E05001272", "E05015917", "E05015918", "E05001275", "E05015920", "E05001277", "E05015925", "E05015926", "E05011119", "E05011123", "E05011158", "E05011163", "E05009835", "E05009836", "E05015906", "E05015909", "E05015911", "E05015912", "E05015913", "E05015916", "E05015919"], "compliant": false}, "geometry": {"type": "MultiPoint", "coordinates": [[-2.02988, 52.3969], [-2.02912, 52.3883], [-2.00532, 52.391], [-2.01189, 52.404], [-2.00301, 52.3784], [-2.03049, 52.3687], [-2.01178, 52.3598], [-2.05371, 52.3675], [-2.04347, 52.3494], [-2.05754, 52.3608], [-2.05481, 52.3412], [-2.04245, 52.3355], [-2.06515, 52.3427], [-2.05803, 52.3304], [-2.06907, 52.3355], [-2.05121, 52.3238], [-2.06673, 52.3234], [-2.07604, 52.3292], [-2.07725, 52.3209], [-1.99834, 52.3213], [-2.06472, 52.3017], [-2.09966, 52.3365], [-2.06427, 52.3979], [-1.97121, 52.3552], [-1.97102, 52.395], [-2.1408, 52.4674], [-2.06312, 52.4532], [-2.127, 52.4804], [-1.97981, 52.4747], [-2.04122, 52.4784], [-1.99644, 52.4827], [-2.07567, 52.4702], [-2.02258, 52.487], [-2.16235, 52.4922], [-2.00103, 52.4701], [-2.09368, 52.4935], [-2.15765, 52.4404], [-2.05444, 52.4911], [-2.09308, 52.48], [-1.98114, 52.4897], [-2.16132, 52.4601], [-2.16269, 52.4807], [-1.97991, 52.4138], [-1.99405, 52.4327], [-1.9782, 52.4044], [-1.99484, 52.4601], [-2.10493, 52.4316], [-2.1502, 52.4184], [-2.13501, 52.498], [-2.09668, 52.4567], [-2.03034, 52.4667], [-2.03677, 52.4449], [-2.07642, 52.445], [-2.1204, 52.4614], [-2.1262, 52.443]]}}, {"type": "Feature", "properties": {"id": "South East_C018", "name": "South East Constituency 18", "region": "South East", "electorate": 145675, "ward_count": 26, "ward_codes": ["E05012130", "E05012111", "E05012131", "E05012114", "E05012112", "E05012128", "E05012124", "E05012115", "E05012119", "E05012120", "E05012129", "E05012117", "E05010903", "E05010899", "E05010910", "E05012116", "E05012118", "E05010911", "E05010897", "E05012126", "E05010912", "E05012125", "E05012107", "E05010890", "E05010896", "E05010908"], "compliant": true}, "geometry": {"type": "MultiPoint", "coordinates": [[-2.42009, 51.5379], [-2.42008, 51.5291], [-2.40748, 51.5552], [-2.48272, 51.5564], [-2.47758, 51.4911], [-2.51541, 51.5202], [-2.49906, 51.4825], [-2.51198, 51.4941], [-2.49199, 51.4726], [-2.47985, 51.4567], [-2.49409, 51.4592], [-2.5086, 51.4633], [-2.52551, 51.4741], [-2.53399, 51.487], [-2.52592, 51.4616], [-2.51719, 51.4434], [-2.49408, 51.437], [-2.53274, 51.4522], [-2.54471, 51.4744], [-2.553, 51.4996], [-2.54714, 51.4591], [-2.545, 51.519], [-2.5432, 51.5298], [-2.53394, 51.4367], [-2.5587, 51.4607], [-2.56898, 51.4843]]}}, {"type": "Feature", "properties": {"id": "South East_C019", "name": "South East Constituency 19", "region": "South East", "electorate": 147369, "ward_count": 24, "ward_codes": ["E05013259", "E05013248", "E05013249", "E05013243", "E05013269", "E05008979", "E05008983", "E05008986", "E05008976", "E05008974", "E05008985", "E05008977", "E05008975", "E05008982", "E05008981", "E05010758", "E05008980", "E05011974", "E05011979", "E05011973", "E05011982", "E05008984", "E05010759", "E05013265"], "compliant": true}, "geometry": {"type": "MultiPoint", "coordinates": [[-1.06062, 52.2937], [-1.11364, 52.2655], [-1.17729, 52.2593], [-1.17731, 52.3137], [-1.15137, 52.2057], [-1.19903, 52.3632], [-1.23476, 52.3579], [-1.24756, 52.3627], [-1.22615, 52.3994], [-1.25807, 52.3767], [-1.27224, 52.3587], [-1.24899, 52.397], [-1.28375, 52.3571], [-1.26592, 52.3959], [-1.28354, 52.3773], [-1.30274, 52.3623], [-1.30203, 52.2909], [-1.22991, 52.4513], [-1.17689, 52.4441], [-1.19602, 52.4642], [-1.24953, 52.4891], [-1.33971, 52.4394], [-1.34748, 52.3417], [-1.15483, 52.1149]]}}, {"type": "Feature", "properties": {"id": "South East_C020", "name": "South East Constituency 20", "region": "South East", "electorate": 148006, "ward_count": 26, "ward_codes": ["E05013256", "E05013241", "E05013239", "E05013264", "E05013258", "E05013246", "E05013251", "E05013262", "E05013257", "E05013247", "E05013254", "E05013252", "E05013266", "E05013261", "E05013253", "E05013245", "E05013255", "E05013268", "E05013250", "E05009416", "E05009423", "E05009421", "E05009409", "E05013168", "E05013132", "E05013133"], "compliant": true}, "geometry": {"type": "MultiPoint", "coordinates": [[-0.85459, 52.2569], [-0.86246, 52.2708], [-0.87199, 52.2485], [-0.8827, 52.2559], [-0.89637, 52.2603], [-0.89383, 52.2387], [-0.89212, 52.2275], [-0.86628, 52.2131], [-0.90852, 52.2711], [-0.9307, 52.2605], [-0.91075, 52.2058], [-0.93931, 52.246], [-0.94081, 52.2262], [-0.83356, 52.3179], [-0.95609, 52.2486], [-0.98602, 52.2049], [-0.80446, 52.1873], [-0.95007, 52.1388], [-0.92928, 52.0908], [-0.80333, 52.1157], [-0.8199, 52.0625], [-0.83303, 52.0356], [-0.80603, 52.0461], [-0.89231, 51.974], [-0.98142, 52.03], [-1.037, 51.977]]}}, {"type": "Feature", "properties": {"id": "South East_C021", "name": "South East Constituency 21", "region": "South East", "electorate": 152310, "ward_count": 26, "ward_codes": ["E05013148", "E05013130", "E05009749", "E05013159", "E05009736", "E05011705", "E05009751", "E05013161", "E05013156", "E05013128", "E05013125", "E05013127", "E05013124", "E05013126", "E05013123", "E05013155", "E05013166", "E05013165", "E05013122", "E05013142", "E05013167", "E05013131", "E05013147", "E05013120", "E05013146", "E05014414"], "compliant": true}, "geometry": {"type": "MultiPoint", "coordinates": [[-1.02139, 51.8605], [-0.99159, 51.7715], [-0.97453, 51.7382], [-0.9189, 51.8111], [-0.92897, 51.7062], [-1.08036, 51.7046], [-0.99554, 51.6291], [-0.84205, 51.7347], [-0.86419, 51.6919], [-0.83421, 51.8138], [-0.83644, 51.8241], [-0.81937, 51.8086], [-0.8057, 51.8154], [-0.79838, 51.8061], [-0.7825, 51.811], [-0.77108, 51.7139], [-0.82854, 51.6388], [-0.72684, 51.7583], [-0.73185, 51.8052], [-0.77489, 51.6483], [-0.7885, 51.8757], [-0.7811, 51.6269], [-0.72044, 51.6985], [-0.76133, 51.6238], [-0.79898, 51.9235], [-0.64525, 51.9264]]}}, {"type": "Feature", "properties": {"id": "South East_C022", "name": "South East Constituency 22", "region": "South East", "electorate": 175898, "ward_count": 33, "ward_codes": ["E05001295", "E05001299", "E05001289", "E05001297", "E05001288", "E05001285", "E05001291", "E05001284", "E05015138", "E05009851", "E05011146", "E05009838", "E05009834", "E05011133", "E05009852", "E05011130", "E05011154", "E05011122", "E05011172", "E05011128", "E05011149", "E05011148", "E05011129", "E05011134", "E05011151", "E05011156", "E05009823", "E05001278", "E05011144", "E05011157", "E05011168", "E05009827", "E05011184"], "compliant": false}, "geometry": {"type": "MultiPoint", "coordinates": [[-1.78196, 52.4079], [-1.77916, 52.4207], [-1.7671, 52.4381], [-1.81747, 52.3976], [-1.76757, 52.3705], [-1.82362, 52.3811], [-1.72643, 52.382], [-1.71931, 52.4354], [-1.82394, 52.34], [-1.8642, 52.3899], [-1.87833, 52.408], [-1.88316, 52.3942], [-1.87618, 52.3883], [-1.90218, 52.4098], [-1.90069, 52.3815], [-1.89727, 52.4258], [-1.89155, 52.4431], [-1.89316, 52.4602], [-1.91668, 52.4267], [-1.92333, 52.4386], [-1.93038, 52.3988], [-1.94144, 52.4057], [-1.94343, 52.4253], [-1.92726, 52.4595], [-1.91376, 52.477], [-1.90043, 52.4926], [-1.91458, 52.3367], [-1.95563, 52.4925], [-1.96034, 52.4596], [-1.94829, 52.4817], [-1.92887, 52.4928], [-1.94683, 52.3732], [-1.95791, 52.4347]]}}, {"type": "Feature", "properties": {"id": "South East_C023", "name": "South East Constituency 23", "region": "South East", "electorate": 147765, "ward_count": 24, "ward_codes": ["E05014415", "E05014416", "E05014410", "E05014408", "E05013151", "E05014396", "E05014413", "E05014405", "E05014403", "E05014407", "E05014412", "E05014404", "E05014406", "E05004695", "E05004693", "E05004710", "E05004711", "E05004697", "E05004712", "E05004699", "E05004698", "E05014400", "E05004702", "E05004713"], "compliant": true}, "geometry": {"type": "MultiPoint", "coordinates": [[-0.65203, 51.9071], [-0.68101, 51.9176], [-0.57022, 51.9278], [-0.582, 51.8796], [-0.6306, 51.8544], [-0.60028, 51.9832], [-0.53239, 51.9088], [-0.53533, 51.8902], [-0.52661, 51.885], [-0.52919, 51.878], [-0.51254, 51.9151], [-0.50392, 51.8895], [-0.50345, 51.8798], [-0.54564, 51.8015], [-0.61476, 51.8014], [-0.58102, 51.786], [-0.66406, 51.8057], [-0.5548, 51.7641], [-0.65071, 51.7859], [-0.5805, 51.7569], [-0.5492, 51.7491], [-0.51859, 51.847], [-0.50624, 51.7584], [-0.70133, 51.8366]]}}, {"type": "Feature", "properties": {"id": "South East_C024", "name": "South East Constituency 24", "region": "South East", "electorate": 150645, "ward_count": 26, "ward_codes": ["E05011656", "E05011657", "E05011643", "E05011655", "E05011664", "E05011579", "E05011575", "E05011659", "E05011576", "E05011640", "E05011582", "E05011580", "E05011574", "E05011578", "E05011651", "E05011581", "E05011577", "E05011639", "E05011644", "E05011641", "E05011642", "E05011654", "E05011658", "E05011649", "E05011625", "E05011650"], "compliant": true}, "geometry": {"type": "MultiPoint", "coordinates": [[0.246691, 50.8305], [0.238672, 50.816], [0.249762, 50.8509], [0.273176, 50.8179], [0.257063, 50.8076], [0.249029, 50.7931], [0.276943, 50.7987], [0.284359, 50.8254], [0.300199, 50.8056], [0.2803, 50.8563], [0.275374, 50.7778], [0.299158, 50.7922], [0.295869, 50.776], [0.241781, 50.7742], [0.216953, 50.7972], [0.322938, 50.7904], [0.241623, 50.7522], [0.263266, 50.8681], [0.247874, 50.8663], [0.257092, 50.8756], [0.242832, 50.8759], [0.344336, 50.8117], [0.191593, 50.792], [0.348104, 50.8514], [0.178998, 50.8662], [0.300004, 50.9586]]}}, {"type": "Feature", "properties": {"id": "South East_C025", "name": "South East Constituency 25", "region": "South East", "electorate": 166516, "ward_count": 28, "ward_codes": ["E05010800", "E05010796", "E05010802", "E05010799", "E05010803", "E05012897", "E05012900", "E05012895", "E05010797", "E05010804", "E05010798", "E05010801", "E05012039", "E05014948", "E05014947", "E05014960", "E05014961", "E05014959", "E05014964", "E05014952", "E05014954", "E05014963", "E05014949", "E05014958", "E05014956", "E05014951", "E05014950", "E05014962"], "compliant": false}, "geometry": {"type": "MultiPoint", "coordinates": [[-0.57207, 51.3329], [-0.5376, 51.328], [-0.54112, 51.3158], [-0.54651, 51.3023], [-0.51151, 51.3226], [-0.53347, 51.3613], [-0.51463, 51.3508], [-0.55446, 51.3806], [-0.5921, 51.3208], [-0.5943, 51.312], [-0.58658, 51.2899], [-0.61258, 51.3245], [-0.62414, 51.3631], [-0.54486, 51.2579], [-0.57026, 51.2569], [-0.59034, 51.2608], [-0.59808, 51.2553], [-0.57251, 51.2437], [-0.62417, 51.2616], [-0.53029, 51.2461], [-0.59118, 51.2362], [-0.6024, 51.2432], [-0.55085, 51.2322], [-0.59189, 51.2297], [-0.47249, 51.2987], [-0.40581, 51.2651], [-0.47345, 51.2702], [-0.47249, 51.2098]]}}, {"type": "Feature", "properties": {"id": "South East_C026", "name": "South East Constituency 26", "region": "South East", "electorate": 150298, "ward_count": 26, "ward_codes": ["E05010926", "E05010928", "E05010925", "E05012968", "E05010934", "E05011704", "E05013096", "E05013112", "E05013103", "E05013104", "E05013109", "E05013099", "E05013108", "E05013114", "E05013117", "E05010932", "E05013101", "E05013106", "E05013116", "E05013118", "E05013098", "E05013119", "E05013097", "E05013242", "E05011711", "E05009742"], "compliant": true}, "geometry": {"type": "MultiPoint", "coordinates": [[-1.16134, 51.9188], [-1.16567, 51.9039], [-1.14245, 51.9057], [-1.13726, 51.8785], [-1.22309, 51.86], [-1.14181, 51.7698], [-1.19926, 51.7675], [-1.19579, 51.7586], [-1.21472, 51.7575], [-1.22528, 51.7677], [-1.24016, 51.7691], [-1.21556, 51.7505], [-1.20068, 51.7426], [-1.23383, 51.75], [-1.2114, 51.7393], [-1.26841, 51.8033], [-1.26906, 51.7829], [-1.24892, 51.7529], [-1.26629, 51.7731], [-1.26171, 51.7636], [-1.26335, 51.7565], [-1.29014, 51.7826], [-1.19264, 51.7273], [-1.15249, 52.0368], [-1.13434, 51.7421], [-1.15363, 51.7181]]}}, {"type": "Feature", "properties": {"id": "South East_C027", "name": "South East Constituency 27", "region": "South East", "electorate": 140584, "ward_count": 23, "ward_codes": ["E05007702", "E05007695", "E05007697", "E05007699", "E05007704", "E05007706", "E05007701", "E05007700", "E05007698", "E05007703", "E05007696", "E05007694", "E05007705", "E05007570", "E05009812", "E05009802", "E05007564", "E05007563", "E05007567", "E05007575", "E05007569", "E05011830", "E05011831"], "compliant": true}, "geometry": {"type": "MultiPoint", "coordinates": [[-0.42922, 50.8312], [-0.41566, 50.8231], [-0.41328, 50.8339], [-0.42284, 50.8103], [-0.40799, 50.8442], [-0.39625, 50.8241], [-0.39922, 50.8119], [-0.3864, 50.8126], [-0.38028, 50.8241], [-0.38208, 50.8459], [-0.37245, 50.814], [-0.36519, 50.8271], [-0.34799, 50.8173], [-0.35252, 50.8463], [-0.44809, 50.8194], [-0.4598, 50.8547], [-0.33645, 50.842], [-0.32978, 50.8246], [-0.3158, 50.8509], [-0.3068, 50.8265], [-0.30389, 50.8355], [-0.32859, 50.9136], [-0.43207, 50.9136]]}}, {"type": "Feature", "properties": {"id": "South East_C028", "name": "South East Constituency 28", "region": "South East", "electorate": 141953, "ward_count": 24, "ward_codes": ["E05010286", "E05010306", "E05010302", "E05010297", "E05010298", "E05010305", "E05010299", "E05010300", "E05010301", "E05010304", "E05010303", "E05010307", "E05010277", "E05010310", "E05010283", "E05010282", "E05010284", "E05010280", "E05010281", "E05010279", "E05010289", "E05010291", "E05010290", "E05010278"], "compliant": true}, "geometry": {"type": "MultiPoint", "coordinates": [[-2.92569, 51.3215], [-2.94283, 51.3386], [-2.94706, 51.3514], [-2.96176, 51.3333], [-2.97546, 51.3427], [-2.97242, 51.3257], [-2.98036, 51.3564], [-2.94931, 51.3761], [-2.91941, 51.3632], [-2.91607, 51.3537], [-2.91649, 51.3674], [-2.90402, 51.3763], [-2.86077, 51.3299], [-2.84118, 51.4026], [-2.87175, 51.421], [-2.86321, 51.4346], [-2.82482, 51.3622], [-2.84831, 51.4294], [-2.85094, 51.4465], [-2.8366, 51.4371], [-2.7892, 51.4215], [-2.76208, 51.4238], [-2.76529, 51.4356], [-2.79359, 51.339]]}}, {"type": "Feature", "properties": {"id": "South East_C029", "name": "South East Constituency 29", "region": "South East", "electorate": 147003, "ward_count": 23, "ward_codes": ["E05008991", "E05008998", "E05009001", "E05008993", "E05008990", "E05008992", "E05008999", "E05008994", "E05012038", "E05012028", "E05012035", "E05012029", "E05012037", "E05012034", "E05014763", "E05012032", "E05012036", "E05012033", "E05012030", "E05014945", "E05009352", "E05009000", "E05014953"], "compliant": true}, "geometry": {"type": "MultiPoint", "coordinates": [[-0.78274, 51.2892], [-0.78748, 51.2989], [-0.77148, 51.3007], [-0.7792, 51.3112], [-0.75736, 51.3103], [-0.75526, 51.2943], [-0.76762, 51.2732], [-0.74458, 51.2894], [-0.7516, 51.3251], [-0.73965, 51.3161], [-0.76067, 51.3327], [-0.73044, 51.3056], [-0.74491, 51.3405], [-0.72286, 51.3285], [-0.76201, 51.3538], [-0.7138, 51.303], [-0.72153, 51.3399], [-0.7281, 51.3507], [-0.70781, 51.3334], [-0.71776, 51.2705], [-0.80293, 51.3199], [-0.77305, 51.2553], [-0.66544, 51.2788]]}}, {"type": "Feature", "properties": {"id": "South East_C030", "name": "South East Constituency 30", "region": "South East", "electorate": 142608, "ward_count": 25, "ward_codes": ["E05010987", "E05010982", "E05013212", "E05010986", "E05013194", "E05010990", "E05010991", "E05013197", "E05010988", "E05013198", "E05013187", "E05013193", "E05013192", "E05013189", "E05015848", "E05010992", "E05010981", "E05013188", "E05010708", "E05010975", "E05015846", "E05010959", "E05010964", "E05010966", "E05010961"], "compliant": true}, "geometry": {"type": "MultiPoint", "coordinates": [[-2.23604, 51.7522], [-2.24252, 51.7583], [-2.25108, 51.7454], [-2.22616, 51.7466], [-2.22622, 51.732], [-2.21417, 51.7538], [-2.20229, 51.7488], [-2.20101, 51.739], [-2.19232, 51.7459], [-2.19371, 51.7285], [-2.24617, 51.7148], [-2.23014, 51.6834], [-2.16688, 51.7042], [-2.15467, 51.7267], [-2.28625, 51.7476], [-2.28788, 51.7254], [-2.16585, 51.7979], [-2.14815, 51.7515], [-2.24474, 51.6418], [-2.29547, 51.7043], [-2.28245, 51.802], [-2.26668, 51.8226], [-2.27715, 51.8247], [-2.24575, 51.8331], [-2.22423, 51.838]]}}, {"type": "Feature", "properties": {"id": "South East_C031", "name": "South East Constituency 31", "region": "South East", "electorate": 139853, "ward_count": 23, "ward_codes": ["E05015533", "E05015540", "E05015525", "E05015532", "E05015527", "E05015535", "E05015542", "E05015529", "E05012504", "E05015541", "E05015526", "E05015530", "E05015528", "E05015534", "E05012501", "E05015544", "E05015545", "E05015543", "E05013158", "E05015539", "E05015537", "E05012499", "E05012500"], "compliant": true}, "geometry": {"type": "MultiPoint", "coordinates": [[-0.61643, 51.5291], [-0.6026, 51.5258], [-0.60863, 51.5172], [-0.59648, 51.517], [-0.60755, 51.5072], [-0.59707, 51.5038], [-0.5901, 51.5129], [-0.62179, 51.5081], [-0.61259, 51.487], [-0.63421, 51.5255], [-0.62864, 51.5341], [-0.64103, 51.5101], [-0.64427, 51.5174], [-0.64993, 51.5248], [-0.62693, 51.4788], [-0.57441, 51.5134], [-0.57729, 51.5252], [-0.57589, 51.4995], [-0.58013, 51.5384], [-0.56235, 51.5076], [-0.55547, 51.5013], [-0.64128, 51.4779], [-0.65261, 51.4779]]}}, {"type": "Feature", "properties": {"id": "South East_C032", "name": "South East Constituency 32", "region": "South East", "electorate": 194993, "ward_count": 34, "ward_codes": ["E05014791", "E05012713", "E05012659", "E05012669", "E05012666", "E05012675", "E05012651", "E05012679", "E05012652", "E05012661", "E05012667", "E05012681", "E05012727", "E05012676", "E05012653", "E05012678", "E05012677", "E05012665", "E05012680", "E05012701", "E05012649", "E05012700", "E05012656", "E05012670", "E05014770", "E05014772", "E05014773", "E05014774", "E05012655", "E05012658", "E05012662", "E05012664", "E05012668", "E05014788"], "compliant": false}, "geometry": {"type": "MultiPoint", "coordinates": [[-1.78608, 50.823], [-1.82856, 50.8274], [-1.82659, 50.7743], [-1.84664, 50.7574], [-1.81847, 50.7424], [-1.85196, 50.7396], [-1.82715, 50.7265], [-1.80766, 50.7278], [-1.84065, 50.7251], [-1.8574, 50.7245], [-1.87183, 50.7543], [-1.87258, 50.7425], [-1.88025, 50.7811], [-1.88563, 50.7611], [-1.87558, 50.7238], [-1.89782, 50.7477], [-1.89269, 50.7327], [-1.90673, 50.7656], [-1.89496, 50.7166], [-1.91162, 50.7932], [-1.92293, 50.7386], [-1.90429, 50.8085], [-1.92869, 50.7047], [-1.94333, 50.7389], [-1.66172, 50.77], [-1.66808, 50.7601], [-1.65616, 50.7398], [-1.72258, 50.8052], [-1.76107, 50.7594], [-1.78376, 50.7372], [-1.78602, 50.7238], [-1.70174, 50.7435], [-1.7328, 50.737], [-1.66253, 50.7507]]}}, {"type": "Feature", "properties": {"id": "South East_C033", "name": "South East Constituency 33", "region": "South East", "electorate": 145208, "ward_count": 27, "ward_codes": ["E05013428", "E05013431", "E05013429", "E05013409", "E05013415", "E05013411", "E05013412", "E05013413", "E05013414", "E05013484", "E05013430", "E05013832", "E05013422", "E05013833", "E05013419", "E05013446", "E05013448", "E05013421", "E05013420", "E05013447", "E05013423", "E05013418", "E05013417", "E05013426", "E05013416", "E05013438", "E05013472"], "compliant": true}, "geometry": {"type": "MultiPoint", "coordinates": [[-1.97771, 51.351], [-1.98828, 51.3415], [-2.00619, 51.3511], [-2.02703, 51.3817], [-2.01379, 51.4107], [-2.00794, 51.4353], [-1.99929, 51.4431], [-2.00195, 51.4494], [-1.94195, 51.4543], [-1.93135, 51.3473], [-2.04619, 51.3247], [-2.10461, 51.372], [-2.10451, 51.4419], [-2.12125, 51.3718], [-2.10701, 51.4528], [-2.12979, 51.3789], [-2.13289, 51.3902], [-2.10561, 51.4629], [-2.12778, 51.4484], [-2.13667, 51.3701], [-2.13266, 51.4587], [-2.12099, 51.4713], [-2.14347, 51.4494], [-2.13612, 51.427], [-2.13882, 51.4645], [-2.12047, 51.491], [-1.98641, 51.275]]}}, {"type": "Feature", "properties": {"id": "South East_C034", "name": "South East Constituency 34", "region": "South East", "electorate": 201230, "ward_count": 34, "ward_codes": ["E05015855", "E05015861", "E05015864", "E05015461", "E05015852", "E05015449", "E05015450", "E05015451", "E05015448", "E05015462", "E05015441", "E05015446", "E05015465", "E05015447", "E05015386", "E05015457", "E05010510", "E05010502", "E05010503", "E05010513", "E05010507", "E05010511", "E05010509", "E05010505", "E05015381", "E05015388", "E05015064", "E05008138", "E05008155", "E05008161", "E05010504", "E05010506", "E05010508", "E05010512"], "compliant": false}, "geometry": {"type": "MultiPoint", "coordinates": [[-2.18048, 52.1968], [-2.17622, 52.2102], [-2.19018, 52.2098], [-2.18835, 52.2437], [-2.22137, 52.2186], [-2.14818, 52.2516], [-2.15878, 52.2613], [-2.16584, 52.2713], [-2.14281, 52.2658], [-2.22308, 52.2751], [-2.1062, 52.2205], [-2.1344, 52.3104], [-2.09262, 52.1803], [-2.16996, 52.146], [-2.27488, 52.2471], [-2.22287, 52.3353], [-2.2711, 52.347], [-2.23511, 52.3736], [-2.29089, 52.3356], [-2.20843, 52.3914], [-2.26141, 52.37], [-2.22893, 52.3888], [-2.29311, 52.3543], [-2.26183, 52.3849], [-2.34469, 52.2834], [-2.4671, 52.3381], [-2.23529, 52.476], [-2.32541, 52.4941], [-2.46645, 52.4087], [-2.38559, 52.4494], [-2.36695, 52.353], [-2.23726, 52.3966], [-2.26629, 52.3961], [-2.31745, 52.4078]]}}, {"type": "Feature", "properties": {"id": "South East_C035", "name": "South East Constituency 35", "region": "South East", "electorate": 144080, "ward_count": 23, "ward_codes": ["E05010714", "E05010703", "E05010705", "E05010710", "E05010724", "E05013427", "E05010755", "E05008968", "E05010757", "E05010756", "E05008965", "E05008967", "E05008958", "E05008970", "E05008954", "E05008962", "E05008957", "E05008969", "E05008971", "E05008963", "E05008956", "E05008960", "E05008961"], "compliant": true}, "geometry": {"type": "MultiPoint", "coordinates": [[-1.76731, 51.8126], [-1.8028, 51.7665], [-1.78472, 51.7196], [-1.75193, 51.692], [-1.87823, 51.7194], [-1.84665, 51.6374], [-1.72599, 51.6386], [-1.82022, 51.6123], [-1.7713, 51.5916], [-1.80223, 51.5912], [-1.82234, 51.5914], [-1.80275, 51.5757], [-1.7751, 51.5782], [-1.83323, 51.5698], [-1.78926, 51.5604], [-1.80974, 51.563], [-1.78362, 51.5564], [-1.72478, 51.5849], [-1.75565, 51.5596], [-1.78177, 51.5441], [-1.73389, 51.5675], [-1.74573, 51.551], [-1.84479, 51.5525]]}}, {"type": "Feature", "properties": {"id": "South East_C036", "name": "South East Constituency 36", "region": "South East", "electorate": 50499, "ward_count": 8, "ward_codes": ["E05011965", "E05011972", "E05013244", "E05011978", "E05011977", "E05011976", "E05011975", "E05013219"], "compliant": false}, "geometry": {"type": "MultiPoint", "coordinates": [[-1.0755, 52.4545], [-0.98736, 52.4904], [-0.97276, 52.39], [-0.92945, 52.471], [-0.92756, 52.4882], [-0.90095, 52.4707], [-0.91034, 52.4944], [-0.83868, 52.4729]]}}, {"type": "Feature", "properties": {"id": "South East_C037", "name": "South East Constituency 37", "region": "South East", "electorate": 177844, "ward_count": 29, "ward_codes": ["E05015722", "E05015723", "E05015718", "E05015710", "E05015706", "E05015717", "E05015720", "E05015711", "E05015714", "E05015719", "E05015712", "E05012079", "E05015709", "E05015721", "E05015715", "E05015704", "E05015708", "E05015716", "E05015713", "E05015483", "E05012072", "E05015707", "E05015705", "E05012076", "E05012081", "E05015442", "E05015443", "E05015486", "E05010698"], "compliant": false}, "geometry": {"type": "MultiPoint", "coordinates": [[-2.11817, 51.8854], [-2.10131, 51.8856], [-2.10751, 51.9011], [-2.11746, 51.9046], [-2.1318, 51.8965], [-2.12277, 51.9109], [-2.09669, 51.905], [-2.08601, 51.8993], [-2.08821, 51.8886], [-2.08066, 51.9069], [-2.08404, 51.8792], [-2.10246, 51.8688], [-2.07357, 51.8911], [-2.08736, 51.9231], [-2.07089, 51.9079], [-2.06459, 51.8985], [-2.06199, 51.8785], [-2.05941, 51.9185], [-2.05087, 51.9061], [-2.07861, 51.9377], [-2.08024, 51.9495], [-2.04058, 51.8725], [-2.03672, 51.8903], [-2.11617, 52.0058], [-2.15162, 52.0229], [-2.10346, 52.0372], [-2.03187, 52.0436], [-1.89276, 52.0007], [-1.83489, 51.9378]]}}, {"type": "Feature", "properties": {"id": "South East_C038", "name": "South East Constituency 38", "region": "South East", "electorate": 147322, "ward_count": 24, "ward_codes": ["E05008972", "E05008955", "E05008966", "E05013398", "E05013443", "E05013444", "E05013834", "E05013441", "E05013459", "E05013461", "E05013460", "E05013457", "E05013835", "E05012980", "E05013455", "E05013403", "E05013440", "E05013474", "E05012140", "E05013473", "E05013433", "E05013400", "E05012933", "E05012139"], "compliant": true}, "geometry": {"type": "MultiPoint", "coordinates": [[-1.8055, 51.5199], [-1.74512, 51.5158], [-1.66735, 51.5387], [-1.67424, 51.4692], [-1.70872, 51.4147], [-1.81128, 51.4311], [-1.74004, 51.3409], [-1.93369, 51.4969], [-1.88899, 51.562], [-1.90213, 51.5273], [-1.90578, 51.5494], [-1.88601, 51.598], [-1.83267, 51.3298], [-1.62718, 51.6162], [-1.58804, 51.3633], [-1.78678, 51.237], [-1.64055, 51.2833], [-1.67061, 51.237], [-1.53205, 51.5013], [-1.63349, 51.2361], [-1.7743, 51.1969], [-1.73684, 51.1876], [-1.59983, 51.2201], [-1.45674, 51.3903]]}}, {"type": "Feature", "properties": {"id": "South East_C039", "name": "South East Constituency 39", "region": "South East", "electorate": 196409, "ward_count": 33, "ward_codes": ["E05014955", "E05015151", "E05014944", "E05014946", "E05008989", "E05008996", "E05008995", "E05015157", "E05008997", "E05015160", "E05015154", "E05015153", "E05015156", "E05015155", "E05015158", "E05015159", "E05015169", "E05009354", "E05009353", "E05009356", "E05009355", "E05009357", "E05012305", "E05009360", "E05012290", "E05012291", "E05012292", "E05012293", "E05012294", "E05012295", "E05012296", "E05012297", "E05013078"], "compliant": false}, "geometry": {"type": "MultiPoint", "coordinates": [[-0.69745, 51.2102], [-0.70614, 51.1805], [-0.71849, 51.2436], [-0.71611, 51.255], [-0.74715, 51.2371], [-0.74093, 51.2483], [-0.75866, 51.2405], [-0.76774, 51.2219], [-0.77509, 51.2434], [-0.78018, 51.2325], [-0.79486, 51.2167], [-0.7891, 51.1938], [-0.8019, 51.2316], [-0.80397, 51.2038], [-0.81779, 51.2207], [-0.81765, 51.1917], [-0.75843, 51.157], [-0.83941, 51.2532], [-0.82591, 51.2668], [-0.8138, 51.2879], [-0.84458, 51.2756], [-0.8552, 51.287], [-0.81603, 51.1263], [-0.90874, 51.2319], [-0.989, 51.1544], [-0.96967, 51.141], [-0.97121, 51.1533], [-0.952, 51.1639], [-0.97789, 51.1485], [-0.99012, 51.1426], [-0.97326, 51.1621], [-1.01771, 51.17], [-1.0432, 51.2412]]}}, {"type": "Feature", "properties": {"id": "South East_C040", "name": "South East Constituency 40", "region": "South East", "electorate": 140563, "ward_count": 23, "ward_codes": ["E05015497", "E05011200", "E05015505", "E05015503", "E05015499", "E05015494", "E05015506", "E05015504", "E05015500", "E05015493", "E05015491", "E05015490", "E05011193", "E05015492", "E05015502", "E05015496", "E05011191", "E05011199", "E05011190", "E05011192", "E05012939", "E05011198", "E05011187"], "compliant": true}, "geometry": {"type": "MultiPoint", "coordinates": [[-1.3487, 50.9202], [-1.32624, 50.9193], [-1.33799, 50.9096], [-1.35105, 50.9007], [-1.37054, 50.9069], [-1.37023, 50.9263], [-1.36619, 50.889], [-1.37881, 50.938], [-1.39597, 50.9286], [-1.39066, 50.9103], [-1.40231, 50.9022], [-1.41137, 50.9145], [-1.36486, 50.9571], [-1.4081, 50.9425], [-1.42434, 50.9267], [-1.43182, 50.9117], [-1.36001, 50.9654], [-1.32522, 50.9412], [-1.38171, 50.9825], [-1.35256, 50.9855], [-1.40243, 50.9849], [-1.37854, 50.9935], [-1.32517, 50.9685]]}}, {"type": "Feature", "properties": {"id": "South East_C041", "name": "South East Constituency 41", "region": "South East", "electorate": 142713, "ward_count": 25, "ward_codes": ["E05015575", "E05014757", "E05015572", "E05014767", "E05014759", "E05014764", "E05014761", "E05014760", "E05014756", "E05014755", "E05015571", "E05015574", "E05015800", "E05015798", "E05015792", "E05015573", "E05009361", "E05015785", "E05015786", "E05015787", "E05015797", "E05009362", "E05015799", "E05012506", "E05015790"], "compliant": true}, "geometry": {"type": "MultiPoint", "coordinates": [[-0.7281, 51.4251], [-0.72952, 51.4154], [-0.73514, 51.4006], [-0.74735, 51.4122], [-0.7566, 51.4037], [-0.76131, 51.4214], [-0.75306, 51.393], [-0.78133, 51.3944], [-0.78094, 51.4155], [-0.76185, 51.4466], [-0.76067, 51.3744], [-0.70325, 51.3921], [-0.81265, 51.388], [-0.81972, 51.4083], [-0.82507, 51.4188], [-0.80779, 51.3522], [-0.8133, 51.3382], [-0.85397, 51.4189], [-0.85746, 51.4037], [-0.85526, 51.3722], [-0.84253, 51.4594], [-0.84097, 51.3355], [-0.87712, 51.4263], [-0.79824, 51.4985], [-0.88231, 51.4542]]}}, {"type": "Feature", "properties": {"id": "South East_C042", "name": "South East Constituency 42", "region": "South East", "electorate": 144468, "ward_count": 25, "ward_codes": ["E05013432", "E05013464", "E05013465", "E05013467", "E05013469", "E05013466", "E05013463", "E05013468", "E05013439", "E05013462", "E05013492", "E05013453", "E05014777", "E05013399", "E05013494", "E05013401", "E05013402", "E05013475", "E05013458", "E05014779", "E05014790", "E05013435", "E05012693", "E05012724", "E05012726"], "compliant": true}, "geometry": {"type": "MultiPoint", "coordinates": [[-1.77988, 51.0208], [-1.79358, 51.0549], [-1.81578, 51.0606], [-1.79649, 51.0715], [-1.80813, 51.076], [-1.78138, 51.0826], [-1.8228, 51.0789], [-1.80346, 51.0939], [-1.77154, 51.0755], [-1.83615, 51.0891], [-1.85585, 51.073], [-1.75155, 51.1156], [-1.81405, 50.9633], [-1.68506, 51.0431], [-1.70017, 51.1476], [-1.7671, 51.1604], [-1.79515, 51.171], [-1.88769, 51.1688], [-1.67553, 50.978], [-1.75237, 50.9255], [-1.76513, 50.878], [-1.97294, 51.0321], [-1.89956, 50.9159], [-1.87097, 50.8759], [-1.87807, 50.8394]]}}, {"type": "Feature", "properties": {"id": "South East_C043", "name": "South East Constituency 43", "region": "South East", "electorate": 151028, "ward_count": 26, "ward_codes": ["E05011818", "E05011826", "E05011825", "E05011820", "E05011821", "E05011817", "E05011832", "E05011828", "E05011814", "E05011822", "E05011829", "E05011816", "E05011827", "E05011812", "E05011833", "E05015152", "E05011819", "E05015353", "E05015350", "E05015149", "E05015150", "E05015348", "E05015347", "E05015343", "E05015344", "E05015352"], "compliant": true}, "geometry": {"type": "MultiPoint", "coordinates": [[-0.30519, 51.0608], [-0.28649, 51.0756], [-0.29966, 51.0793], [-0.30665, 51.084], [-0.32511, 51.0791], [-0.33945, 51.0601], [-0.33839, 51.0716], [-0.34384, 51.0397], [-0.36379, 51.0627], [-0.38161, 51.0701], [-0.37688, 51.0009], [-0.29105, 50.976], [-0.4635, 51.0831], [-0.45929, 51.0235], [-0.43478, 50.9466], [-0.43906, 51.1413], [-0.27764, 50.9318], [-0.36809, 51.1474], [-0.33034, 51.1933], [-0.47883, 51.1558], [-0.49193, 51.1334], [-0.32031, 51.2257], [-0.3371, 51.2359], [-0.36426, 51.2759], [-0.37745, 51.2684], [-0.31307, 51.2882]]}}, {"type": "Feature", "properties": {"id": "South East_C044", "name": "South East Constituency 44", "region": "South East", "electorate": 150464, "ward_count": 24, "ward_codes": ["E05015664", "E05015665", "E05015667", "E05015678", "E05015666", "E05015675", "E05014150", "E05014140", "E05015679", "E05014151", "E05014147", "E05014144", "E05014148", "E05014142", "E05014141", "E05015668", "E05015673", "E05014138", "E05014146", "E05014143", "E05014149", "E05015672", "E05014145", "E05014139"], "compliant": true}, "geometry": {"type": "MultiPoint", "coordinates": [[-1.20453, 50.8516], [-1.21311, 50.8619], [-1.19257, 50.8442], [-1.19918, 50.8715], [-1.18125, 50.8536], [-1.20162, 50.8277], [-1.18101, 50.8248], [-1.16591, 50.8299], [-1.16081, 50.8646], [-1.17197, 50.8158], [-1.18433, 50.8027], [-1.17241, 50.8035], [-1.19333, 50.7945], [-1.1514, 50.8163], [-1.15819, 50.8035], [-1.22763, 50.8234], [-1.13941, 50.8433], [-1.16234, 50.7863], [-1.13804, 50.8102], [-1.13637, 50.8018], [-1.13886, 50.7966], [-1.12588, 50.8419], [-1.12427, 50.7944], [-1.13653, 50.7829]]}}, {"type": "Feature", "properties": {"id": "South East_C045", "name": "South East Constituency 45", "region": "South East", "electorate": 141570, "ward_count": 24, "ward_codes": ["E05012110", "E05013191", "E05013199", "E05010976", "E05010972", "E05010973", "E05012108", "E05010969", "E05015847", "E05012127", "E05012123", "E05012105", "E05012106", "E05012121", "E05012104", "E05012109", "E05012113", "E05010904", "E05010913", "E05010888", "E05010885", "E05010907", "E05010891", "E05012469"], "compliant": true}, "geometry": {"type": "MultiPoint", "coordinates": [[-2.33531, 51.558], [-2.33435, 51.6136], [-2.34612, 51.661], [-2.35321, 51.6814], [-2.34478, 51.6955], [-2.37758, 51.7062], [-2.43621, 51.6221], [-2.44377, 51.6953], [-2.3677, 51.767], [-2.51497, 51.6152], [-2.56026, 51.6069], [-2.3831, 51.4772], [-2.55402, 51.5437], [-2.57783, 51.537], [-2.44067, 51.4353], [-2.59504, 51.525], [-2.57394, 51.512], [-2.5877, 51.4949], [-2.59961, 51.5038], [-2.58855, 51.4813], [-2.58081, 51.4688], [-2.56858, 51.4562], [-2.5542, 51.4338], [-2.51262, 51.4193]]}}, {"type": "Feature", "properties": {"id": "South East_C046", "name": "South East Constituency 46", "region": "South East", "electorate": 150092, "ward_count": 24, "ward_codes": ["E05010293", "E05010294", "E05010295", "E05010285", "E05010296", "E05010287", "E05010288", "E05010276", "E05010309", "E05010292", "E05010886", "E05010308", "E05010916", "E05010887", "E05010893", "E05010894", "E05010889", "E05010905", "E05010917", "E05010914", "E05010901", "E05010895", "E05010909", "E05012122"], "compliant": true}, "geometry": {"type": "MultiPoint", "coordinates": [[-2.75676, 51.4856], [-2.76928, 51.4882], [-2.77088, 51.4729], [-2.73231, 51.4667], [-2.79276, 51.4793], [-2.68878, 51.4376], [-2.7491, 51.4301], [-2.73133, 51.4137], [-2.74244, 51.3716], [-2.66269, 51.4663], [-2.67769, 51.5103], [-2.65423, 51.3758], [-2.63635, 51.4799], [-2.61988, 51.4355], [-2.61889, 51.4578], [-2.61204, 51.4644], [-2.62062, 51.4228], [-2.60279, 51.451], [-2.61506, 51.4899], [-2.60568, 51.4426], [-2.62548, 51.5087], [-2.59888, 51.4662], [-2.6026, 51.4753], [-2.62905, 51.5455]]}}, {"type": "Feature", "properties": {"id": "South East_C047", "name": "South East Constituency 47", "region": "South East", "electorate": 264172, "ward_count": 44, "ward_codes": ["E05015836", "E05015834", "E05001224", "E05015839", "E05001225", "E05015838", "E05015829", "E05001222", "E05001230", "E05001227", "E05001228", "E05001223", "E05001226", "E05001235", "E05001220", "E05001229", "E05001219", "E05001221", "E05001233", "E05001231", "E05001218", "E05015830", "E05001234", "E05001232", "E05012615", "E05012616", "E05012617", "E05012618", "E05012619", "E05012620", "E05012621", "E05012622", "E05012623", "E05012624", "E05012625", "E05012626", "E05012627", "E05012628", "E05012629", "E05012630", "E05001293", "E05007466", "E05015143", "E05015144"], "compliant": false}, "geometry": {"type": "MultiPoint", "coordinates": [[-1.51209, 52.4717], [-1.50973, 52.4602], [-1.51435, 52.4432], [-1.49595, 52.4867], [-1.47617, 52.4431], [-1.46951, 52.4696], [-1.4713, 52.4823], [-1.49879, 52.4306], [-1.47419, 52.4176], [-1.51718, 52.4255], [-1.50357, 52.4089], [-1.44702, 52.4334], [-1.4745, 52.4053], [-1.45247, 52.4145], [-1.48864, 52.3867], [-1.53896, 52.4169], [-1.45987, 52.3905], [-1.53393, 52.3931], [-1.55237, 52.4115], [-1.54638, 52.3778], [-1.56303, 52.4404], [-1.42959, 52.4777], [-1.5853, 52.4138], [-1.5787, 52.3962], [-1.54272, 52.2475], [-1.61812, 52.2649], [-1.51681, 52.3345], [-1.69291, 52.3362], [-1.55803, 52.3458], [-1.57609, 52.3348], [-1.53321, 52.2784], [-1.52203, 52.2907], [-1.52042, 52.3102], [-1.5513, 52.3017], [-1.51942, 52.2822], [-1.46026, 52.3013], [-1.58296, 52.2937], [-1.59192, 52.2709], [-1.56369, 52.2774], [-1.59085, 52.2854], [-1.64822, 52.3992], [-1.59406, 52.4787], [-1.54157, 52.2192], [-1.61613, 52.1894]]}}, {"type": "Feature", "properties": {"id": "South East_C048", "name": "South East Constituency 48", "region": "South East", "electorate": 8057, "ward_count": 1, "ward_codes": ["E05008988"], "compliant": false}, "geometry": {"type": "MultiPoint", "coordinates": [[-1.36033, 52.4884]]}}, {"type": "Feature", "properties": {"id": "South East_C049", "name": "South East Constituency 49", "region": "South East", "electorate": 140633, "ward_count": 24, "ward_codes": ["E05013394", "E05013373", "E05013372", "E05013362", "E05013363", "E05013381", "E05013384", "E05013369", "E05013368", "E05013377", "E05013380", "E05013366", "E05013367", "E05013383", "E05013371", "E05013382", "E05013370", "E05013364", "E05013365", "E05013396", "E05013379", "E05013360", "E05013395", "E05013397"], "compliant": true}, "geometry": {"type": "MultiPoint", "coordinates": [[-1.55545, 50.67], [-1.50313, 50.6754], [-1.45788, 50.6918], [-1.3984, 50.6703], [-1.33511, 50.6767], [-1.31166, 50.6981], [-1.31457, 50.7175], [-1.32545, 50.7501], [-1.30498, 50.7419], [-1.29819, 50.6866], [-1.29705, 50.6995], [-1.30023, 50.7553], [-1.30415, 50.7615], [-1.27646, 50.6945], [-1.26504, 50.722], [-1.27023, 50.7496], [-1.27499, 50.7593], [-1.27428, 50.6518], [-1.3097, 50.6054], [-1.2342, 50.7282], [-1.20483, 50.6769], [-1.20364, 50.7269], [-1.22974, 50.592], [-1.21353, 50.6128]]}}, {"type": "Feature", "properties": {"id": "South East_C050", "name": "South East Constituency 50", "region": "South East", "electorate": 139846, "ward_count": 25, "ward_codes": ["E05013137", "E05013152", "E05013121", "E05013134", "E05013136", "E05013135", "E05009428", "E05004700", "E05013145", "E05013129", "E05013154", "E05013141", "E05013143", "E05013138", "E05013164", "E05013162", "E05013149", "E05013157", "E05013163", "E05013160", "E05013144", "E05013140", "E05012510", "E05012511", "E05012496"], "compliant": true}, "geometry": {"type": "MultiPoint", "coordinates": [[-0.57381, 51.702], [-0.57427, 51.6634], [-0.61764, 51.6853], [-0.59346, 51.6186], [-0.58781, 51.7321], [-0.54977, 51.618], [-0.51734, 51.6268], [-0.52011, 51.7149], [-0.59024, 51.5868], [-0.65413, 51.6077], [-0.66081, 51.6436], [-0.51942, 51.5748], [-0.64171, 51.5589], [-0.66394, 51.7248], [-0.70015, 51.6245], [-0.69345, 51.5771], [-0.7103, 51.6517], [-0.73443, 51.6235], [-0.72851, 51.6328], [-0.73512, 51.6423], [-0.73091, 51.5913], [-0.66845, 51.5111], [-0.7102, 51.5358], [-0.71534, 51.5238], [-0.75223, 51.5469]]}}, {"type": "Feature", "properties": {"id": "South East_C051", "name": "South East Constituency 51", "region": "South East", "electorate": 148199, "ward_count": 28, "ward_codes": ["E05011627", "E05011636", "E05011660", "E05011626", "E05011661", "E05011662", "E05011663", "E05011652", "E05011632", "E05011633", "E05011631", "E05011628", "E05011638", "E05011630", "E05011629", "E05011665", "E05011646", "E05011653", "E05011647", "E05015812", "E05015809", "E05015804", "E05011637", "E05015815", "E05015816", "E05009963", "E05015814", "E05011648"], "compliant": true}, "geometry": {"type": "MultiPoint", "coordinates": [[0.172128, 50.9257], [0.145928, 50.9646], [0.107719, 50.9754], [0.131715, 51.0116], [0.09289, 50.9681], [0.094509, 50.9835], [0.095515, 50.9422], [0.073807, 51.0171], [0.154287, 51.0412], [0.140189, 51.0482], [0.173415, 51.043], [0.161853, 51.0548], [0.199207, 51.0228], [0.171791, 51.0595], [0.186502, 51.0537], [0.185683, 51.0975], [0.260628, 50.9777], [0.272959, 51.0096], [0.264161, 50.9648], [0.216226, 51.1377], [0.253351, 51.1212], [0.246795, 51.144], [0.317327, 51.0763], [0.272636, 51.1406], [0.268331, 51.1467], [0.166049, 51.1618], [0.233267, 51.1673], [0.259895, 50.893]]}}, {"type": "Feature", "properties": {"id": "South East_C052", "name": "South East Constituency 52", "region": "South East", "electorate": 141709, "ward_count": 24, "ward_codes": ["E05012473", "E05012471", "E05012480", "E05012491", "E05012477", "E05012486", "E05012479", "E05012492", "E05012488", "E05012489", "E05012493", "E05012466", "E05012463", "E05012472", "E05012461", "E05012462", "E05012478", "E05012482", "E05012485", "E05012468", "E05012487", "E05012470", "E05012481", "E05012465"], "compliant": true}, "geometry": {"type": "MultiPoint", "coordinates": [[-2.37203, 51.3963], [-2.36506, 51.3832], [-2.36979, 51.3762], [-2.38091, 51.3795], [-2.37766, 51.3688], [-2.39086, 51.3711], [-2.3832, 51.3618], [-2.38965, 51.4007], [-2.40177, 51.3763], [-2.35357, 51.3915], [-2.34291, 51.3713], [-2.34659, 51.3621], [-2.33769, 51.3863], [-2.34555, 51.3989], [-2.34761, 51.4202], [-2.3878, 51.3403], [-2.41714, 51.4095], [-2.42855, 51.3116], [-2.46875, 51.3887], [-2.47975, 51.4087], [-2.48113, 51.3265], [-2.50718, 51.4059], [-2.48628, 51.3042], [-2.50949, 51.3408]]}}, {"type": "Feature", "properties": {"id": "South East_C053", "name": "South East Constituency 53", "region": "South East", "electorate": 82914, "ward_count": 15, "ward_codes": ["E05013361", "E05013390", "E05013391", "E05013375", "E05013376", "E05013392", "E05013393", "E05013374", "E05013388", "E05013389", "E05013385", "E05013386", "E05013387", "E05013378", "E05013359"], "compliant": false}, "geometry": {"type": "MultiPoint", "coordinates": [[-1.14792, 50.6864], [-1.13943, 50.6637], [-1.16343, 50.6611], [-1.17034, 50.6549], [-1.17927, 50.6413], [-1.18378, 50.6329], [-1.1872, 50.6193], [-1.16957, 50.7147], [-1.15294, 50.7131], [-1.17344, 50.7249], [-1.14326, 50.7219], [-1.15775, 50.7269], [-1.1664, 50.7298], [-1.12408, 50.7145], [-1.10243, 50.6804]]}}, {"type": "Feature", "properties": {"id": "South East_C054", "name": "South East Constituency 54", "region": "South East", "electorate": 68803, "ward_count": 11, "ward_codes": ["E05010906", "E05010918", "E05010898", "E05010902", "E05010915", "E05010900", "E05012483", "E05012464", "E05012474", "E05012467", "E05010892"], "compliant": false}, "geometry": {"type": "MultiPoint", "coordinates": [[-2.57369, 51.4337], [-2.58215, 51.4404], [-2.58931, 51.4242], [-2.57854, 51.4107], [-2.54853, 51.418], [-2.61356, 51.4074], [-2.5429, 51.3848], [-2.60135, 51.3511], [-2.60112, 51.3074], [-2.52485, 51.3043], [-2.59557, 51.4534]]}}, {"type": "Feature", "properties": {"id": "South East_C055", "name": "South East Constituency 55", "region": "South East", "electorate": 157792, "ward_count": 26, "ward_codes": ["E05013877", "E05013866", "E05013864", "E05013871", "E05013875", "E05013869", "E05013868", "E05013879", "E05013874", "E05013865", "E05013867", "E05013870", "E05013876", "E05013873", "E05015789", "E05015791", "E05015793", "E05015794", "E05015788", "E05015784", "E05012854", "E05015795", "E05013872", "E05015783", "E05009358", "E05009359"], "compliant": false}, "geometry": {"type": "MultiPoint", "coordinates": [[-0.97047, 51.4608], [-0.96831, 51.4708], [-0.97425, 51.4551], [-0.96966, 51.4442], [-0.95379, 51.445], [-0.98692, 51.4432], [-0.95608, 51.4321], [-0.976, 51.4231], [-0.94028, 51.4503], [-0.99584, 51.4608], [-0.9875, 51.477], [-0.95819, 51.4838], [-1.01157, 51.4432], [-1.01563, 51.4558], [-0.92477, 51.4321], [-0.92435, 51.4393], [-0.94144, 51.412], [-0.91179, 51.4465], [-0.90666, 51.4288], [-0.90282, 51.4599], [-0.93654, 51.495], [-0.97544, 51.3929], [-1.03171, 51.4671], [-0.90153, 51.3894], [-0.91083, 51.3144], [-0.96379, 51.2908]]}}, {"type": "Feature", "properties": {"id": "South East_C056", "name": "South East Constituency 56", "region": "South East", "electorate": 8012, "ward_count": 1, "ward_codes": ["E05010760"], "compliant": false}, "geometry": {"type": "MultiPoint", "coordinates": [[-1.37812, 52.3769]]}}, {"type": "Feature", "properties": {"id": "South East_C057", "name": "South East Constituency 57", "region": "South East", "electorate": 140585, "ward_count": 23, "ward_codes": ["E05012498", "E05012508", "E05012502", "E05012497", "E05012495", "E05012505", "E05012509", "E05015576", "E05012494", "E05012507", "E05012512", "E05012026", "E05012031", "E05012894", "E05012899", "E05012893", "E05012503", "E05012027", "E05012892", "E05015536", "E05012891", "E05015538", "E05007370"], "compliant": true}, "geometry": {"type": "MultiPoint", "coordinates": [[-0.70412, 51.4836], [-0.72438, 51.5131], [-0.75005, 51.4997], [-0.74619, 51.5171], [-0.73666, 51.5265], [-0.72997, 51.5363], [-0.75818, 51.533], [-0.68035, 51.4393], [-0.66811, 51.4104], [-0.61264, 51.4432], [-0.63178, 51.4011], [-0.70015, 51.3661], [-0.67616, 51.3488], [-0.57898, 51.4321], [-0.58054, 51.4059], [-0.56597, 51.4245], [-0.55898, 51.4705], [-0.66323, 51.3367], [-0.54683, 51.4288], [-0.54084, 51.4973], [-0.52351, 51.4293], [-0.53524, 51.5038], [-0.51862, 51.4484]]}}, {"type": "Feature", "properties": {"id": "South East_C058", "name": "South East Constituency 58", "region": "South East", "electorate": 41624, "ward_count": 7, "ward_codes": ["E05010933", "E05006653", "E05006640", "E05006639", "E05011714", "E05015562", "E05013111"], "compliant": false}, "geometry": {"type": "MultiPoint", "coordinates": [[-1.30444, 51.8135], [-1.36269, 51.8471], [-1.38698, 51.8147], [-1.40026, 51.7844], [-1.32376, 51.7408], [-1.29796, 51.7506], [-1.28006, 51.7584]]}}, {"type": "Feature", "properties": {"id": "South East_C059", "name": "South East Constituency 59", "region": "South East", "electorate": 145361, "ward_count": 26, "ward_codes": ["E05015482", "E05015481", "E05010957", "E05010952", "E05010951", "E05010955", "E05010954", "E05010950", "E05010960", "E05010953", "E05010958", "E05015485", "E05010962", "E05012066", "E05010963", "E05010967", "E05010956", "E05012078", "E05012065", "E05012073", "E05010965", "E05015480", "E05012077", "E05012082", "E05015487", "E05012162"], "compliant": true}, "geometry": {"type": "MultiPoint", "coordinates": [[-2.1746, 51.8901], [-2.17393, 51.8709], [-2.18879, 51.8558], [-2.20745, 51.8576], [-2.19625, 51.8457], [-2.21622, 51.8688], [-2.21863, 51.8539], [-2.21141, 51.8432], [-2.22134, 51.8778], [-2.23383, 51.8566], [-2.23714, 51.8726], [-2.21678, 51.8917], [-2.24762, 51.8503], [-2.16518, 51.8441], [-2.25527, 51.843], [-2.27184, 51.8585], [-2.26295, 51.8297], [-2.21966, 51.9132], [-2.15614, 51.8543], [-2.26406, 51.9457], [-2.28661, 51.8332], [-2.13722, 51.8533], [-2.16202, 51.9484], [-2.16763, 51.977], [-2.13613, 51.9802], [-2.343, 51.9551]]}}, {"type": "Feature", "properties": {"id": "South East_C060", "name": "South East Constituency 60", "region": "South East", "electorate": 148628, "ward_count": 28, "ward_codes": ["E05011009", "E05010997", "E05011188", "E05011196", "E05015674", "E05011197", "E05015671", "E05015670", "E05015677", "E05011189", "E05015669", "E05015676", "E05011195", "E05011194", "E05010999", "E05011006", "E05011008", "E05010998", "E05011004", "E05011003", "E05011002", "E05011005", "E05010996", "E05011001", "E05011007", "E05010995", "E05011010", "E05012303"], "compliant": true}, "geometry": {"type": "MultiPoint", "coordinates": [[-1.21889, 50.9172], [-1.21173, 50.9597], [-1.28223, 50.9095], [-1.29726, 50.927], [-1.28043, 50.8882], [-1.30905, 50.9136], [-1.26845, 50.8713], [-1.27758, 50.86], [-1.26455, 50.8561], [-1.32114, 50.8886], [-1.27944, 50.8459], [-1.23642, 50.8458], [-1.32968, 50.8687], [-1.28868, 50.9642], [-1.308, 51.014], [-1.11764, 50.8872], [-1.17143, 51.0196], [-1.12356, 50.938], [-1.30823, 51.0541], [-1.33843, 51.0536], [-1.30407, 51.0702], [-1.33773, 51.0636], [-1.37776, 51.0243], [-1.33646, 51.0774], [-1.31793, 51.0974], [-1.19602, 51.0916], [-1.30442, 51.1285], [-0.96441, 51.0317]]}}, {"type": "Feature", "properties": {"id": "South East_C061", "name": "South East Constituency 61", "region": "South East", "electorate": 13723, "ward_count": 2, "ward_codes": ["E05013236", "E05013232"], "compliant": false}, "geometry": {"type": "MultiPoint", "coordinates": [[-0.51351, 52.4524], [-0.52825, 52.344]]}}, {"type": "Feature", "properties": {"id": "South East_C062", "name": "South East Constituency 62", "region": "South East", "electorate": 198849, "ward_count": 33, "ward_codes": ["E05013153", "E05013139", "E05015796", "E05015558", "E05015559", "E05011707", "E05012153", "E05013878", "E05012155", "E05012154", "E05012136", "E05012152", "E05012146", "E05009743", "E05012134", "E05009733", "E05012133", "E05011710", "E05009735", "E05012132", "E05013079", "E05012135", "E05013092", "E05013082", "E05013080", "E05013081", "E05013083", "E05013085", "E05013086", "E05013087", "E05013089", "E05013090", "E05013091"], "compliant": false}, "geometry": {"type": "MultiPoint", "coordinates": [[-0.77508, 51.569], [-0.84406, 51.5934], [-0.87206, 51.5331], [-0.90954, 51.5343], [-1.00132, 51.5575], [-1.03535, 51.4989], [-1.05631, 51.4776], [-1.03484, 51.4567], [-1.03375, 51.4435], [-1.05053, 51.4497], [-1.03379, 51.3975], [-1.07523, 51.4361], [-1.09666, 51.4655], [-1.12024, 51.5388], [-1.11747, 51.4361], [-1.09522, 51.5987], [-1.1623, 51.5017], [-1.13072, 51.5999], [-1.08381, 51.6667], [-1.13003, 51.3935], [-1.03631, 51.3375], [-1.2024, 51.424], [-1.13015, 51.3401], [-1.05641, 51.2909], [-1.11256, 51.2423], [-1.09523, 51.2618], [-1.07699, 51.2587], [-1.13183, 51.2328], [-1.13528, 51.2507], [-1.08483, 51.2764], [-1.0817, 51.284], [-1.12453, 51.3006], [-1.1169, 51.2577]]}}, {"type": "Feature", "properties": {"id": "South East_C063", "name": "South East Constituency 63", "region": "South East", "electorate": 142758, "ward_count": 24, "ward_codes": ["E05010715", "E05010727", "E05010713", "E05010725", "E05010702", "E05010707", "E05010717", "E05010718", "E05010696", "E05015557", "E05010709", "E05013451", "E05015554", "E05015555", "E05013408", "E05015556", "E05010721", "E05010722", "E05010723", "E05013470", "E05013442", "E05015484", "E05012083", "E05012071"], "compliant": true}, "geometry": {"type": "MultiPoint", "coordinates": [[-1.96095, 51.7143], [-1.96049, 51.7078], [-1.94962, 51.7102], [-1.94871, 51.7195], [-1.97239, 51.7021], [-1.98441, 51.7048], [-1.93272, 51.7037], [-1.93274, 51.6703], [-2.00512, 51.7193], [-1.98995, 51.731], [-2.03491, 51.6766], [-1.99864, 51.6325], [-1.95872, 51.7929], [-2.06212, 51.7839], [-2.01789, 51.5719], [-1.9266, 51.8662], [-2.13423, 51.6285], [-2.15895, 51.6454], [-2.17227, 51.6404], [-2.17725, 51.5776], [-2.10313, 51.5884], [-2.03627, 51.9425], [-1.94602, 51.9357], [-2.05695, 51.9522]]}}, {"type": "Feature", "properties": {"id": "South East_C064", "name": "South East Constituency 64", "region": "South East", "electorate": 141817, "ward_count": 25, "ward_codes": ["E05014719", "E05014732", "E05014726", "E05014715", "E05014713", "E05014710", "E05014712", "E05014711", "E05014714", "E05011584", "E05011603", "E05014727", "E05014730", "E05014729", "E05014728", "E05014731", "E05014733", "E05014718", "E05014734", "E05011634", "E05011592", "E05011813", "E05007566", "E05011823", "E05014725"], "compliant": true}, "geometry": {"type": "MultiPoint", "coordinates": [[-0.19081, 50.8905], [-0.17502, 50.9326], [-0.13973, 50.9217], [-0.14806, 50.9554], [-0.13691, 50.95], [-0.14793, 50.9683], [-0.12908, 50.968], [-0.11933, 50.9493], [-0.11337, 50.9598], [-0.10617, 50.9149], [-0.08878, 50.9703], [-0.10259, 50.9932], [-0.1174, 50.9986], [-0.0872, 50.9935], [-0.09422, 51.0], [-0.10665, 51.0112], [-0.08148, 51.0122], [-0.18101, 51.0042], [-0.04721, 51.035], [0.023094, 51.0243], [0.025341, 50.9663], [-0.26711, 50.8875], [-0.24942, 50.8541], [-0.27937, 51.0373], [-0.19324, 51.0735]]}}, {"type": "Feature", "properties": {"id": "South East_C065", "name": "South East Constituency 65", "region": "South East", "electorate": 139862, "ward_count": 26, "ward_codes": ["E05012299", "E05012304", "E05015167", "E05015166", "E05011672", "E05015165", "E05015168", "E05015148", "E05011671", "E05011679", "E05011681", "E05015162", "E05015164", "E05015161", "E05015163", "E05015146", "E05011678", "E05015147", "E05014957", "E05011673", "E05012319", "E05012318", "E05012310", "E05012320", "E05012298", "E05011824"], "compliant": true}, "geometry": {"type": "MultiPoint", "coordinates": [[-0.80364, 51.0887], [-0.76815, 51.1101], [-0.75018, 51.1167], [-0.74335, 51.0894], [-0.74442, 51.0483], [-0.70396, 51.0926], [-0.66625, 51.1508], [-0.63631, 51.1036], [-0.70406, 50.9921], [-0.76289, 50.9818], [-0.62049, 50.9899], [-0.6303, 51.1813], [-0.61358, 51.1776], [-0.61662, 51.1976], [-0.59779, 51.1942], [-0.54144, 51.1181], [-0.56113, 51.0374], [-0.56304, 51.1669], [-0.58962, 51.2141], [-0.63329, 50.949], [-0.87806, 51.0883], [-0.85497, 51.1102], [-0.84663, 51.1197], [-0.86756, 51.1275], [-0.92953, 51.1274], [-0.50956, 50.9174]]}}, {"type": "Feature", "properties": {"id": "South East_C066", "name": "South East Constituency 66", "region": "South East", "electorate": 56247, "ward_count": 10, "ward_codes": ["E05012672", "E05012673", "E05012671", "E05012674", "E05012657", "E05012650", "E05012654", "E05012730", "E05012691", "E05012722"], "compliant": false}, "geometry": {"type": "MultiPoint", "coordinates": [[-1.95453, 50.7195], [-1.93634, 50.7225], [-1.97556, 50.7327], [-1.97874, 50.7198], [-1.96256, 50.7515], [-1.94979, 50.7765], [-1.9953, 50.7649], [-1.9843, 50.8014], [-1.95642, 50.8059], [-1.96852, 50.6114]]}}, {"type": "Feature", "properties": {"id": "South East_C067", "name": "South East Constituency 67", "region": "South East", "electorate": 47881, "ward_count": 8, "ward_codes": ["E05009803", "E05009808", "E05009819", "E05009807", "E05009805", "E05009821", "E05009820", "E05009809"], "compliant": false}, "geometry": {"type": "MultiPoint", "coordinates": [[-0.59394, 50.868], [-0.55842, 50.8216], [-0.54217, 50.8114], [-0.52701, 50.8173], [-0.52836, 50.8073], [-0.51198, 50.8121], [-0.49892, 50.8104], [-0.47424, 50.8103]]}}, {"type": "Feature", "properties": {"id": "South East_C068", "name": "South East Constituency 68", "region": "South East", "electorate": 153302, "ward_count": 28, "ward_codes": ["E05014785", "E05014771", "E05014775", "E05014794", "E05014795", "E05014793", "E05015501", "E05014786", "E05015498", "E05012936", "E05012100", "E05015495", "E05012102", "E05012938", "E05012937", "E05012093", "E05012927", "E05014776", "E05014782", "E05014783", "E05014781", "E05014780", "E05014778", "E05014784", "E05014792", "E05014789", "E05014787", "E05012098"], "compliant": true}, "geometry": {"type": "MultiPoint", "coordinates": [[-1.62357, 50.8817], [-1.60825, 50.9288], [-1.48489, 50.8434], [-1.51484, 50.9269], [-1.49789, 50.9102], [-1.49327, 50.9246], [-1.46115, 50.9275], [-1.44756, 50.8908], [-1.44929, 50.9167], [-1.4706, 50.9525], [-1.49998, 50.9846], [-1.44209, 50.9416], [-1.47165, 50.9819], [-1.48126, 51.004], [-1.43305, 50.9838], [-1.56426, 51.0003], [-1.46917, 51.0241], [-1.42748, 50.8724], [-1.40329, 50.8661], [-1.39786, 50.8558], [-1.38683, 50.8324], [-1.48204, 50.7971], [-1.35192, 50.8149], [-1.54865, 50.7606], [-1.60259, 50.78], [-1.56053, 50.7468], [-1.59631, 50.7429], [-1.52417, 51.088]]}}, {"type": "Feature", "properties": {"id": "South East_C069", "name": "South East Constituency 69", "region": "South East", "electorate": 143995, "ward_count": 23, "ward_codes": ["E05010025", "E05010022", "E05011767", "E05010027", "E05011760", "E05010021", "E05011746", "E05011781", "E05010024", "E05010020", "E05011751", "E05015478", "E05012991", "E05011779", "E05010016", "E05010026", "E05010411", "E05010410", "E05009547", "E05012990", "E05010405", "E05010402", "E05009549"], "compliant": true}, "geometry": {"type": "MultiPoint", "coordinates": [[0.950652, 51.0297], [0.949959, 50.9871], [0.916442, 51.0725], [0.881686, 50.9804], [0.91364, 51.1143], [1.00682, 51.0711], [0.980435, 51.1312], [0.947344, 51.1716], [1.05372, 51.1465], [1.08086, 51.0839], [0.938166, 51.2314], [0.875247, 51.2068], [1.03656, 51.221], [0.798205, 51.0759], [1.13899, 51.0911], [1.14439, 51.0782], [1.06048, 51.2631], [1.07241, 51.2802], [0.943457, 51.2996], [1.10127, 51.2737], [1.08228, 51.2906], [1.10138, 51.2892], [0.828819, 51.2648]]}}, {"type": "Feature", "properties": {"id": "South East_C070", "name": "South East Constituency 70", "region": "South East", "electorate": 141420, "ward_count": 24, "ward_codes": ["E05014500", "E05014491", "E05014507", "E05014517", "E05014493", "E05014496", "E05014514", "E05014402", "E05014409", "E05009418", "E05009413", "E05009410", "E05009415", "E05009417", "E05009411", "E05009424", "E05009406", "E05009420", "E05009412", "E05009407", "E05009408", "E05009419", "E05009414", "E05009422"], "compliant": true}, "geometry": {"type": "MultiPoint", "coordinates": [[-0.51089, 52.127], [-0.50978, 52.1436], [-0.51093, 52.1114], [-0.54679, 52.1067], [-0.58079, 52.1437], [-0.51295, 52.1749], [-0.55232, 52.2212], [-0.58377, 52.057], [-0.50946, 52.0032], [-0.69205, 52.126], [-0.6759, 52.0097], [-0.70757, 52.0521], [-0.69876, 52.0253], [-0.73038, 52.0773], [-0.73104, 52.0411], [-0.73946, 52.0252], [-0.72903, 51.982], [-0.76816, 52.0623], [-0.76507, 52.039], [-0.73859, 51.9976], [-0.75759, 52.0053], [-0.77847, 52.0112], [-0.78752, 52.0284], [-0.79077, 51.999]]}}, {"type": "Feature", "properties": {"id": "South East_C071", "name": "South East Constituency 71", "region": "South East", "electorate": 143732, "ward_count": 24, "ward_codes": ["E05015613", "E05015803", "E05015806", "E05011745", "E05011765", "E05011773", "E05011771", "E05015602", "E05011778", "E05011772", "E05011777", "E05011757", "E05011619", "E05011774", "E05011613", "E05011616", "E05011621", "E05011624", "E05011620", "E05015601", "E05011749", "E05015805", "E05011617", "E05011614"], "compliant": true}, "geometry": {"type": "MultiPoint", "coordinates": [[0.546253, 51.1645], [0.547414, 51.1093], [0.534494, 51.0489], [0.643459, 51.1136], [0.65625, 51.0481], [0.672333, 51.0875], [0.69205, 51.0751], [0.644541, 51.1933], [0.697465, 51.1608], [0.719085, 51.0594], [0.774755, 51.1237], [0.75297, 51.0335], [0.585878, 50.9854], [0.777628, 51.184], [0.637555, 50.9443], [0.702828, 50.9646], [0.719141, 50.9483], [0.663128, 50.9013], [0.485708, 50.9958], [0.674907, 51.2613], [0.799708, 51.2142], [0.417605, 51.1176], [0.411542, 51.0407], [0.41241, 50.9859]]}}, {"type": "Feature", "properties": {"id": "South East_C072", "name": "South East Constituency 72", "region": "South East", "electorate": 258343, "ward_count": 47, "ward_codes": ["E05015136", "E05015620", "E05015623", "E05015621", "E05015618", "E05015619", "E05015617", "E05015137", "E05015616", "E05015622", "E05015615", "E05015107", "E05015108", "E05015460", "E05015120", "E05015145", "E05015110", "E05015117", "E05015109", "E05015458", "E05015116", "E05015141", "E05015459", "E05015444", "E05015464", "E05015439", "E05015440", "E05015445", "E05015453", "E05015454", "E05015455", "E05015456", "E05015113", "E05015118", "E05015119", "E05015127", "E05015128", "E05015129", "E05015130", "E05015131", "E05015132", "E05015133", "E05015134", "E05015135", "E05010697", "E05010700", "E05010712"], "compliant": false}, "geometry": {"type": "MultiPoint", "coordinates": [[-1.88495, 52.2753], [-1.90491, 52.289], [-1.89561, 52.3027], [-1.91239, 52.3168], [-1.92658, 52.3008], [-1.93269, 52.2809], [-1.9427, 52.3055], [-1.90597, 52.2589], [-1.95946, 52.3101], [-1.96722, 52.2915], [-1.97652, 52.2612], [-1.88819, 52.2343], [-1.85765, 52.2085], [-2.02591, 52.2384], [-1.90616, 52.1821], [-1.81087, 52.274], [-1.86841, 52.1673], [-1.80023, 52.2401], [-1.8427, 52.1671], [-1.94498, 52.132], [-1.77988, 52.302], [-1.78087, 52.167], [-1.83348, 52.1146], [-1.87642, 52.0992], [-2.03748, 52.1377], [-1.89082, 52.0873], [-1.92616, 52.0915], [-1.91636, 52.0461], [-1.94689, 52.0987], [-1.93473, 52.0781], [-2.02136, 52.1019], [-1.95816, 52.1001], [-1.70644, 52.253], [-1.73113, 52.1639], [-1.6947, 52.1098], [-1.72364, 52.213], [-1.74745, 52.2039], [-1.71344, 52.198], [-1.7027, 52.187], [-1.75413, 52.195], [-1.68479, 52.1783], [-1.72268, 52.1845], [-1.66757, 52.1929], [-1.69946, 52.2018], [-1.73524, 52.0502], [-1.80512, 52.0537], [-1.71433, 52.0012]]}}, {"type": "Feature", "properties": {"id": "South East_C073", "name": "South East Constituency 73", "region": "South East", "electorate": 25704, "ward_count": 4, "ward_codes": ["E05015531", "E05013150", "E05012890", "E05012898"], "compliant": false}, "geometry": {"type": "MultiPoint", "coordinates": [[-0.52242, 51.4825], [-0.51123, 51.5235], [-0.50933, 51.3926], [-0.52582, 51.4122]]}}, {"type": "Feature", "properties": {"id": "South East_C074", "name": "South East Constituency 74", "region": "South East", "electorate": 104714, "ward_count": 17, "ward_codes": ["E05013478", "E05013477", "E05013479", "E05013482", "E05013480", "E05013481", "E05013483", "E05013436", "E05013437", "E05013407", "E05013406", "E05013493", "E05013449", "E05013405", "E05013425", "E05013424", "E05013410"], "compliant": false}, "geometry": {"type": "MultiPoint", "coordinates": [[-2.20944, 51.3185], [-2.20254, 51.3293], [-2.20452, 51.3052], [-2.1962, 51.309], [-2.22082, 51.3088], [-2.22409, 51.3232], [-2.18078, 51.3203], [-2.18022, 51.3395], [-2.20421, 51.3692], [-2.25024, 51.3392], [-2.2513, 51.3525], [-2.27985, 51.3608], [-2.13853, 51.3295], [-2.24988, 51.4341], [-2.20804, 51.4373], [-2.18555, 51.4314], [-2.2224, 51.4876]]}}, {"type": "Feature", "properties": {"id": "South East_C075", "name": "South East Constituency 75", "region": "South East", "electorate": 419882, "ward_count": 74, "ward_codes": ["E05012159", "E05012173", "E05012158", "E05012168", "E05012171", "E05012172", "E05012157", "E05012166", "E05012165", "E05012167", "E05012164", "E05012156", "E05012160", "E05012170", "E05012174", "E05009462", "E05009479", "E05009476", "E05009481", "E05009480", "E05009472", "E05012176", "E05009475", "E05012163", "E05012169", "E05012161", "E05012175", "E05009438", "E05009439", "E05009440", "E05009441", "E05009442", "E05009443", "E05009445", "E05009448", "E05009449", "E05009450", "E05009452", "E05009453", "E05009454", "E05009455", "E05009456", "E05009457", "E05009458", "E05009459", "E05009460", "E05009463", "E05009464", "E05009468", "E05009469", "E05009470", "E05009471", "E05009473", "E05009474", "E05009478", "E05009482", "E05009485", "E05009486", "E05009487", "E05009488", "E05009489", "E05009490", "E05008143", "E05008153", "E05008154", "E05008156", "E05008158", "E05008166", "E05008167", "E05008168", "E05012957", "E05012958", "E05012959", "E05012960"], "compliant": false}, "geometry": {"type": "MultiPoint", "coordinates": [[-2.53091, 51.8258], [-2.51775, 51.7932], [-2.49796, 51.8222], [-2.52675, 51.8587], [-2.45803, 51.7915], [-2.52584, 51.7591], [-2.56399, 51.7723], [-2.51495, 51.7431], [-2.50637, 51.7242], [-2.55721, 51.7232], [-2.57824, 51.8412], [-2.60788, 51.823], [-2.61829, 51.7939], [-2.63373, 51.7712], [-2.63053, 51.7253], [-2.61024, 51.8678], [-2.56966, 51.9103], [-2.50622, 51.9013], [-2.59538, 51.9109], [-2.57494, 51.9231], [-2.67217, 51.9], [-2.40332, 51.8289], [-2.56296, 51.9856], [-2.36254, 51.8788], [-2.39482, 51.9181], [-2.43309, 51.9581], [-2.62593, 51.6835], [-2.9182, 52.2223], [-2.69292, 52.0611], [-2.60394, 52.0285], [-2.74988, 52.0431], [-2.74783, 51.9197], [-2.77507, 52.278], [-2.73375, 52.0721], [-3.02117, 52.1287], [-2.70744, 52.0515], [-2.70757, 52.0649], [-2.65906, 51.9937], [-2.69463, 52.0548], [-2.99756, 52.0742], [-2.95676, 51.9789], [-2.7318, 52.0536], [-2.63414, 52.0749], [-2.64433, 52.1903], [-2.7298, 52.0471], [-2.70668, 52.0763], [-2.7594, 52.0697], [-3.05686, 52.1987], [-2.70312, 52.2205], [-2.67761, 52.2771], [-2.77685, 52.2045], [-2.77256, 52.2276], [-2.88163, 52.3248], [-2.73876, 52.0381], [-2.72653, 52.0376], [-2.71289, 52.0392], [-2.55789, 52.1228], [-2.68536, 52.0511], [-2.83942, 52.1442], [-2.74636, 52.0611], [-2.72113, 52.066], [-2.79099, 51.9878], [-2.99372, 52.4967], [-2.85309, 52.4504], [-2.61914, 52.353], [-3.04447, 52.4169], [-2.70657, 52.4711], [-2.7071, 52.3727], [-2.74944, 52.3854], [-2.71828, 52.3374], [-2.7776, 52.0734], [-2.74339, 52.1561], [-2.82802, 52.0589], [-2.69923, 52.1246]]}}, {"type": "Feature", "properties": {"id": "South East_C076", "name": "South East Constituency 76", "region": "South East", "electorate": 125611, "ward_count": 21, "ward_codes": ["E05005026", "E05005028", "E05005029", "E05005027", "E05011559", "E05005012", "E05011558", "E05009961", "E05015044", "E05015045", "E05015051", "E05015040", "E05015052", "E05015043", "E05015039", "E05015038", "E05015811", "E05015813", "E05015807", "E05015810", "E05015808"], "compliant": false}, "geometry": {"type": "MultiPoint", "coordinates": [[0.201687, 51.2826], [0.187095, 51.2891], [0.202552, 51.2635], [0.185624, 51.2596], [0.215378, 51.2861], [0.165886, 51.2989], [0.125558, 51.2693], [0.180792, 51.2029], [0.240402, 51.218], [0.249875, 51.1914], [0.279409, 51.2168], [0.286446, 51.2016], [0.277785, 51.1827], [0.302975, 51.2115], [0.276761, 51.2397], [0.322209, 51.2818], [0.330988, 51.1586], [0.29165, 51.1501], [0.275674, 51.1529], [0.292841, 51.1306], [0.408148, 51.1775]]}}, {"type": "Feature", "properties": {"id": "South East_C077", "name": "South East Constituency 77", "region": "South East", "electorate": 95941, "ward_count": 16, "ward_codes": ["E05002441", "E05002450", "E05002447", "E05002442", "E05002448", "E05002444", "E05002449", "E05002451", "E05002443", "E05002453", "E05002454", "E05002445", "E05002452", "E05002446", "E05015586", "E05015587"], "compliant": false}, "geometry": {"type": "MultiPoint", "coordinates": [[-1.0535, 50.8072], [-1.0518, 50.7941], [-1.04346, 50.7873], [-1.07292, 50.791], [-1.07179, 50.8044], [-1.05675, 50.8224], [-1.07147, 50.827], [-1.08739, 50.8171], [-1.09427, 50.8028], [-1.08863, 50.784], [-1.09394, 50.7913], [-1.07655, 50.8466], [-1.09498, 50.853], [-1.03948, 50.8415], [-0.95893, 50.7981], [-0.98856, 50.7976]]}}, {"type": "Feature", "properties": {"id": "South East_C078", "name": "South East Constituency 78", "region": "South East", "electorate": 152499, "ward_count": 26, "ward_codes": ["E05012144", "E05012145", "E05012141", "E05012142", "E05012143", "E05012151", "E05012137", "E05012148", "E05012150", "E05012149", "E05013084", "E05013093", "E05012138", "E05013094", "E05012934", "E05013095", "E05012088", "E05012085", "E05012097", "E05012930", "E05012931", "E05012928", "E05012929", "E05012932", "E05012935", "E05013088"], "compliant": true}, "geometry": {"type": "MultiPoint", "coordinates": [[-1.35876, 51.4183], [-1.33483, 51.3814], [-1.33108, 51.3996], [-1.30457, 51.4077], [-1.29772, 51.386], [-1.27961, 51.4049], [-1.30501, 51.4482], [-1.25802, 51.3987], [-1.2466, 51.4106], [-1.24551, 51.385], [-1.36227, 51.3208], [-1.21828, 51.3173], [-1.38911, 51.4999], [-1.29007, 51.2392], [-1.47978, 51.2806], [-1.14269, 51.2759], [-1.44415, 51.2276], [-1.44161, 51.2136], [-1.42052, 51.1752], [-1.46945, 51.2102], [-1.47385, 51.2005], [-1.4845, 51.219], [-1.5111, 51.2058], [-1.55431, 51.1847], [-1.52845, 51.2296], [-1.15627, 51.199]]}}, {"type": "Feature", "properties": {"id": "South West_C001", "name": "South West Constituency 1", "region": "South West", "electorate": 157419, "ward_count": 27, "ward_codes": ["E05014376", "E05014345", "E05014346", "E05014344", "E05014343", "E05014365", "E05014375", "E05014349", "E05014364", "E05014348", "E05014383", "E05014382", "E05014377", "E05014384", "E05014339", "E05014355", "E05014368", "E05014386", "E05014351", "E05014387", "E05014357", "E05014366", "E05014367", "E05014380", "E05014342", "E05014359", "E05014385"], "compliant": true}, "geometry": {"type": "MultiPoint", "coordinates": [[-3.04052, 51.0786], [-3.00909, 51.1226], [-3.01898, 51.1249], [-2.98989, 51.1317], [-2.94257, 51.1237], [-2.97522, 51.1851], [-2.99225, 51.0295], [-3.08594, 51.1522], [-2.97748, 51.2248], [-2.9965, 51.2468], [-3.08644, 51.0317], [-3.08501, 51.0186], [-3.12192, 51.0479], [-3.08485, 51.0068], [-3.12825, 51.0103], [-3.12837, 50.9933], [-3.20973, 51.067], [-3.23154, 51.1703], [-3.00788, 50.8902], [-3.2487, 50.9784], [-2.84728, 51.0336], [-2.92758, 50.9088], [-2.84191, 51.1379], [-2.86363, 50.9728], [-2.92625, 51.271], [-3.39168, 51.1453], [-3.26886, 51.0075]]}}, {"type": "Feature", "properties": {"id": "South West_C002", "name": "South West Constituency 2", "region": "South West", "electorate": 153909, "ward_count": 25, "ward_codes": ["E05012696", "E05012698", "E05012731", "E05012697", "E05012688", "E05012723", "E05012704", "E05012711", "E05012708", "E05012690", "E05012729", "E05012712", "E05012695", "E05012709", "E05012687", "E05015780", "E05012710", "E05012728", "E05012684", "E05015781", "E05012733", "E05012716", "E05012717", "E05012715", "E05015779"], "compliant": true}, "geometry": {"type": "MultiPoint", "coordinates": [[-2.4271, 50.7094], [-2.44463, 50.7122], [-2.46109, 50.6924], [-2.46307, 50.714], [-2.47997, 50.744], [-2.47666, 50.6626], [-2.43181, 50.6446], [-2.46102, 50.6263], [-2.45132, 50.6199], [-2.49836, 50.6342], [-2.47094, 50.6112], [-2.47245, 50.597], [-2.35408, 50.665], [-2.43471, 50.5555], [-2.43398, 50.8161], [-2.57847, 50.6737], [-2.22055, 50.7815], [-2.23849, 50.6969], [-2.32407, 50.8832], [-2.671, 50.781], [-2.60134, 50.8669], [-2.52538, 50.9305], [-2.52697, 50.9444], [-2.51484, 50.9547], [-2.76496, 50.7406]]}}, {"type": "Feature", "properties": {"id": "South West_C003", "name": "South West Constituency 3", "region": "South West", "electorate": 184670, "ward_count": 29, "ward_codes": ["E05014812", "E05014811", "E05014810", "E05014805", "E05014802", "E05014803", "E05014796", "E05014808", "E05014804", "E05014797", "E05011784", "E05011790", "E05011788", "E05011018", "E05011015", "E05011017", "E05011021", "E05011014", "E05011012", "E05011016", "E05011786", "E05011019", "E05011020", "E05014798", "E05014799", "E05014806", "E05014358", "E05014374", "E05012433"], "compliant": false}, "geometry": {"type": "MultiPoint", "coordinates": [[-3.45519, 50.9293], [-3.46792, 50.8957], [-3.48733, 50.9062], [-3.41799, 50.8955], [-3.42433, 50.8563], [-3.39748, 50.8639], [-3.43283, 50.8341], [-3.46763, 50.8166], [-3.3835, 50.8337], [-3.53684, 50.8337], [-3.41327, 50.7798], [-3.52096, 50.7847], [-3.39917, 50.752], [-3.47693, 50.7348], [-3.49693, 50.7421], [-3.51763, 50.7466], [-3.47803, 50.7179], [-3.50204, 50.7245], [-3.53459, 50.7417], [-3.51891, 50.7222], [-3.43685, 50.7041], [-3.50069, 50.7085], [-3.52993, 50.7197], [-3.37666, 50.9646], [-3.53972, 50.9732], [-3.33447, 50.8832], [-3.60193, 51.1186], [-3.47878, 51.2025], [-3.80957, 51.0749]]}}, {"type": "Feature", "properties": {"id": "South West_C004", "name": "South West Constituency 4", "region": "South West", "electorate": 157026, "ward_count": 26, "ward_codes": ["E05013325", "E05013275", "E05013351", "E05011923", "E05011925", "E05011924", "E05013844", "E05011921", "E05013301", "E05013837", "E05010564", "E05013281", "E05013309", "E05010560", "E05013337", "E05013276", "E05013302", "E05013277", "E05010551", "E05010550", "E05010565", "E05010567", "E05013350", "E05010566", "E05013303", "E05013305"], "compliant": true}, "geometry": {"type": "MultiPoint", "coordinates": [[-4.51376, 50.7683], [-4.54191, 50.823], [-4.49522, 50.8773], [-4.44896, 50.9367], [-4.33142, 50.8279], [-4.35258, 50.8135], [-4.4328, 50.6797], [-4.27075, 50.7364], [-4.35246, 50.6261], [-4.4982, 50.573], [-4.26905, 50.632], [-4.59683, 50.6553], [-4.35986, 50.4944], [-4.20395, 50.5825], [-4.51263, 50.4862], [-4.29821, 50.4942], [-4.46836, 50.463], [-4.24206, 50.5168], [-4.13372, 50.6916], [-4.1905, 50.4667], [-4.14004, 50.5635], [-4.1528, 50.5387], [-4.26489, 50.4149], [-4.13328, 50.5434], [-4.52177, 50.4418], [-4.41554, 50.3976]]}}, {"type": "Feature", "properties": {"id": "South West_C005", "name": "South West Constituency 5", "region": "South West", "electorate": 228873, "ward_count": 40, "ward_codes": ["E05012265", "E05012259", "E05012268", "E05012254", "E05012269", "E05012267", "E05012257", "E05012263", "E05012264", "E05012256", "E05011907", "E05012261", "E05012262", "E05012258", "E05012255", "E05011897", "E05011911", "E05011900", "E05011904", "E05010139", "E05011898", "E05012260", "E05010133", "E05012266", "E05011908", "E05011894", "E05010128", "E05010130", "E05010132", "E05010137", "E05010138", "E05010141", "E05010142", "E05010143", "E05010144", "E05010146", "E05011892", "E05011893", "E05011896", "E05011903"], "compliant": false}, "geometry": {"type": "MultiPoint", "coordinates": [[-3.51992, 50.4931], [-3.52383, 50.4709], [-3.54369, 50.4712], [-3.54279, 50.4944], [-3.50609, 50.4654], [-3.56717, 50.479], [-3.56677, 50.4637], [-3.5679, 50.4489], [-3.56577, 50.4364], [-3.57842, 50.4388], [-3.57025, 50.5094], [-3.57353, 50.4219], [-3.5963, 50.4412], [-3.60381, 50.4246], [-3.55494, 50.3923], [-3.5869, 50.525], [-3.52202, 50.5258], [-3.60802, 50.5207], [-3.6333, 50.4857], [-3.63635, 50.448], [-3.61132, 50.5356], [-3.52272, 50.3897], [-3.57261, 50.3808], [-3.50383, 50.3921], [-3.5761, 50.571], [-3.54614, 50.5719], [-3.69455, 50.3028], [-3.69629, 50.3556], [-3.7217, 50.4661], [-3.77048, 50.288], [-3.80429, 50.3261], [-3.82005, 50.2518], [-3.8154, 50.4531], [-3.70734, 50.2392], [-3.69329, 50.4246], [-3.69506, 50.3982], [-3.65822, 50.5089], [-3.77156, 50.5153], [-3.64069, 50.5401], [-3.71434, 50.5653]]}}, {"type": "Feature", "properties": {"id": "South West_C006", "name": "South West Constituency 6", "region": "South West", "electorate": 156152, "ward_count": 25, "ward_codes": ["E05011787", "E05011783", "E05011802", "E05011799", "E05011807", "E05011782", "E05011811", "E05012705", "E05014352", "E05011789", "E05011798", "E05011797", "E05011803", "E05011796", "E05011804", "E05011805", "E05011801", "E05011800", "E05011806", "E05014814", "E05011785", "E05011808", "E05011809", "E05015782", "E05014340"], "compliant": true}, "geometry": {"type": "MultiPoint", "coordinates": [[-3.12245, 50.7606], [-3.13335, 50.702], [-3.07408, 50.7146], [-3.05145, 50.7787], [-2.99923, 50.731], [-2.98481, 50.7817], [-3.00504, 50.8252], [-2.92081, 50.7364], [-2.95042, 50.8482], [-3.15508, 50.851], [-3.17923, 50.7999], [-3.19318, 50.7813], [-3.21376, 50.7207], [-3.25774, 50.7874], [-3.24605, 50.7043], [-3.25053, 50.6826], [-3.28469, 50.7475], [-3.30195, 50.7033], [-3.30402, 50.8218], [-3.24731, 50.9119], [-3.318, 50.6645], [-3.36916, 50.7248], [-3.36438, 50.7529], [-2.8573, 50.7881], [-3.10334, 50.957]]}}, {"type": "Feature", "properties": {"id": "South West_C007", "name": "South West Constituency 7", "region": "South West", "electorate": 173199, "ward_count": 32, "ward_codes": ["E05012423", "E05012415", "E05012427", "E05012434", "E05011917", "E05011929", "E05011922", "E05012428", "E05012432", "E05012412", "E05012413", "E05012414", "E05012424", "E05012418", "E05012430", "E05012419", "E05012431", "E05012425", "E05012426", "E05012422", "E05012417", "E05012420", "E05011928", "E05011926", "E05011927", "E05011916", "E05011918", "E05010558", "E05012429", "E05011919", "E05011920", "E05011930"], "compliant": false}, "geometry": {"type": "MultiPoint", "coordinates": [[-4.13434, 51.0624], [-4.0961, 51.0681], [-4.12061, 51.036], [-4.07054, 51.0708], [-4.18018, 51.0086], [-4.05577, 50.9361], [-4.14036, 50.9617], [-3.99506, 51.0511], [-4.04498, 51.0699], [-4.05833, 51.0806], [-4.06225, 51.0917], [-4.0303, 51.0759], [-4.12495, 51.099], [-4.13898, 51.1277], [-4.04986, 51.1534], [-4.20254, 51.1121], [-4.15354, 51.1701], [-4.0947, 51.1966], [-4.13315, 51.1906], [-4.00589, 51.2023], [-3.91197, 51.14], [-3.92577, 50.9975], [-4.16837, 50.8927], [-4.22642, 50.9627], [-4.21622, 51.0335], [-4.21036, 51.047], [-4.21681, 51.0207], [-4.10056, 50.7951], [-3.84908, 51.2073], [-4.22214, 51.0042], [-4.23434, 51.0173], [-4.23695, 51.0372]]}}, {"type": "Feature", "properties": {"id": "South West_C008", "name": "South West Constituency 8", "region": "South West", "electorate": 147240, "ward_count": 26, "ward_codes": ["E05014350", "E05014391", "E05014390", "E05014393", "E05014392", "E05014347", "E05014354", "E05014369", "E05014379", "E05012683", "E05014356", "E05014381", "E05014363", "E05014372", "E05014373", "E05014388", "E05014378", "E05014341", "E05014371", "E05014389", "E05014353", "E05012476", "E05014370", "E05012475", "E05012490", "E05012484"], "compliant": true}, "geometry": {"type": "MultiPoint", "coordinates": [[-2.55709, 51.055], [-2.61302, 50.9514], [-2.62909, 50.9547], [-2.654, 50.9583], [-2.64845, 50.9358], [-2.67622, 50.9627], [-2.69334, 50.9169], [-2.743, 50.9822], [-2.71582, 51.0545], [-2.73563, 50.8303], [-2.80515, 50.8767], [-2.74174, 51.1193], [-2.70466, 51.146], [-2.55849, 51.1279], [-2.70131, 51.1834], [-2.64566, 51.2099], [-2.56056, 51.1986], [-2.45324, 50.9995], [-2.55523, 51.2644], [-2.41772, 51.0796], [-2.77474, 51.2857], [-2.48915, 51.281], [-2.43813, 51.2175], [-2.47655, 51.2938], [-2.46517, 51.2825], [-2.44689, 51.2913]]}}, {"type": "Feature", "properties": {"id": "South West_C009", "name": "South West Constituency 9", "region": "South West", "electorate": 211706, "ward_count": 36, "ward_codes": ["E05002095", "E05002078", "E05002083", "E05002079", "E05002087", "E05002081", "E05002084", "E05002096", "E05002094", "E05002097", "E05002082", "E05002085", "E05002080", "E05002093", "E05002086", "E05010147", "E05002090", "E05002089", "E05002092", "E05002091", "E05010145", "E05002088", "E05010140", "E05010129", "E05010552", "E05010131", "E05010134", "E05010135", "E05010136", "E05013327", "E05013348", "E05013349", "E05013353", "E05010553", "E05010555", "E05010559"], "compliant": false}, "geometry": {"type": "MultiPoint", "coordinates": [[-4.12708, 50.4329], [-4.14045, 50.4169], [-4.12398, 50.4031], [-4.12336, 50.3895], [-4.14622, 50.3878], [-4.13755, 50.3782], [-4.16723, 50.3969], [-4.1599, 50.3794], [-4.15012, 50.3682], [-4.12003, 50.3704], [-4.1031, 50.3873], [-4.1728, 50.4138], [-4.17836, 50.3806], [-4.18939, 50.4018], [-4.10339, 50.4144], [-4.10219, 50.4325], [-4.0638, 50.3977], [-4.06131, 50.3843], [-4.1013, 50.3561], [-4.06859, 50.3597], [-4.06628, 50.3339], [-4.03178, 50.3876], [-4.00197, 50.37], [-4.00855, 50.4456], [-4.11553, 50.4888], [-3.88386, 50.3243], [-3.89043, 50.4029], [-3.90888, 50.3899], [-3.93196, 50.3914], [-4.30091, 50.3737], [-4.22271, 50.4027], [-4.22687, 50.4173], [-4.21385, 50.3777], [-4.04119, 50.5066], [-4.02018, 50.6074], [-4.09422, 50.5973]]}}, {"type": "Feature", "properties": {"id": "South West_C010", "name": "South West Constituency 10", "region": "South West", "electorate": 224081, "ward_count": 40, "ward_codes": ["E05013843", "E05013851", "E05013330", "E05013329", "E05013289", "E05013842", "E05013278", "E05013323", "E05013279", "E05013852", "E05013838", "E05013280", "E05013292", "E05013841", "E05013324", "E05013282", "E05013295", "E05013861", "E05013849", "E05013848", "E05013313", "E05013840", "E05013839", "E05013288", "E05013286", "E05013284", "E05013291", "E05013293", "E05013297", "E05013308", "E05013311", "E05013312", "E05013845", "E05013320", "E05013321", "E05013857", "E05013858", "E05013354", "E05013355", "E05013356"], "compliant": false}, "geometry": {"type": "MultiPoint", "coordinates": [[-5.17391, 50.1905], [-5.19894, 50.2369], [-5.22675, 50.2213], [-5.22875, 50.2499], [-5.26277, 50.2035], [-5.27617, 50.2527], [-5.28748, 50.2213], [-5.29836, 50.232], [-5.29567, 50.2123], [-5.21431, 50.2923], [-5.25638, 50.1489], [-5.32625, 50.2166], [-5.3741, 50.2015], [-5.2789, 50.1058], [-5.36911, 50.1086], [-5.14861, 50.139], [-5.24164, 50.0824], [-5.14684, 50.2638], [-5.15563, 50.3167], [-5.11052, 50.1686], [-5.10681, 50.1949], [-5.11925, 50.1431], [-5.08605, 50.1403], [-5.08069, 50.2318], [-5.079, 50.1578], [-5.06754, 50.148], [-5.07311, 50.2804], [-5.41403, 50.1842], [-5.65157, 50.1325], [-5.57982, 50.1574], [-5.599, 50.0804], [-5.17802, 50.0214], [-5.43103, 50.1378], [-5.53806, 50.1242], [-5.54282, 50.1168], [-5.46821, 50.1819], [-5.51395, 50.1916], [-5.0628, 50.2571], [-5.05929, 50.2693], [-5.03281, 50.2717]]}}, {"type": "Feature", "properties": {"id": "South West_C011", "name": "South West Constituency 11", "region": "South West", "electorate": 150292, "ward_count": 26, "ward_codes": ["E05012435", "E05012416", "E05012421", "E05014809", "E05012436", "E05014815", "E05014807", "E05014816", "E05014801", "E05014817", "E05014800", "E05014813", "E05010556", "E05011931", "E05010557", "E05010563", "E05011912", "E05010554", "E05011910", "E05011905", "E05011013", "E05011022", "E05011895", "E05011011", "E05010561", "E05010562"], "compliant": true}, "geometry": {"type": "MultiPoint", "coordinates": [[-3.85526, 51.018], [-3.74626, 51.0017], [-3.88519, 50.9389], [-3.81418, 50.8747], [-3.69538, 50.929], [-3.81107, 50.7988], [-3.67326, 50.8439], [-3.61525, 50.8695], [-3.66407, 50.7921], [-3.74723, 50.7556], [-3.65305, 50.788], [-3.52948, 50.8995], [-3.84027, 50.7383], [-3.95139, 50.8798], [-3.94263, 50.8043], [-3.92079, 50.7359], [-3.65959, 50.6773], [-3.85119, 50.6559], [-3.79182, 50.642], [-3.56321, 50.6736], [-3.55436, 50.7317], [-3.55084, 50.7157], [-3.69394, 50.6055], [-3.53017, 50.7029], [-4.03385, 50.7625], [-4.01397, 50.7052]]}}, {"type": "Feature", "properties": {"id": "South West_C012", "name": "South West Constituency 12", "region": "South West", "electorate": 49407, "ward_count": 8, "ward_codes": ["E05011023", "E05011899", "E05011902", "E05011906", "E05011909", "E05011913", "E05011914", "E05011915"], "compliant": false}, "geometry": {"type": "MultiPoint", "coordinates": [[-3.47513, 50.6986], [-3.5974, 50.6148], [-3.50898, 50.5868], [-3.49491, 50.6291], [-3.62436, 50.5633], [-3.5083, 50.5629], [-3.49122, 50.5598], [-3.51022, 50.5536]]}}, {"type": "Feature", "properties": {"id": "South West_C013", "name": "South West Constituency 13", "region": "South West", "electorate": 26292, "ward_count": 5, "ward_codes": ["E05011094", "E05011090", "E05011091", "E05011092", "E05011093"], "compliant": false}, "geometry": {"type": "MultiPoint", "coordinates": [[-6.33499, 49.9532], [-6.35647, 49.9525], [-6.34596, 49.8904], [-6.2953, 49.9649], [-6.30217, 49.9233]]}}, {"type": "Feature", "properties": {"id": "South West_C014", "name": "South West Constituency 14", "region": "South West", "electorate": 39738, "ward_count": 7, "ward_codes": ["E05011810", "E05011791", "E05011792", "E05011795", "E05011793", "E05011794", "E05011901"], "compliant": false}, "geometry": {"type": "MultiPoint", "coordinates": [[-3.40389, 50.6721], [-3.38197, 50.6429], [-3.40774, 50.6342], [-3.3693, 50.6366], [-3.37889, 50.6197], [-3.41283, 50.621], [-3.46746, 50.5985]]}}, {"type": "Feature", "properties": {"id": "South West_C015", "name": "South West Constituency 15", "region": "South West", "electorate": 154708, "ward_count": 28, "ward_codes": ["E05013319", "E05013836", "E05013854", "E05013853", "E05013846", "E05013336", "E05013859", "E05013331", "E05013346", "E05013290", "E05013307", "E05013298", "E05013273", "E05013274", "E05013358", "E05013856", "E05013338", "E05013357", "E05013850", "E05013317", "E05013341", "E05013855", "E05013315", "E05013847", "E05013860", "E05013306", "E05013314", "E05013347"], "compliant": true}, "geometry": {"type": "MultiPoint", "coordinates": [[-4.78595, 50.3654], [-4.78228, 50.3464], [-4.79394, 50.3374], [-4.76357, 50.3434], [-4.76766, 50.3178], [-4.72492, 50.3541], [-4.8361, 50.3136], [-4.81033, 50.4027], [-4.883, 50.344], [-4.67259, 50.3481], [-4.59764, 50.4046], [-4.67625, 50.4941], [-4.73032, 50.467], [-4.69948, 50.4686], [-4.80019, 50.5544], [-4.95512, 50.3727], [-4.92799, 50.4419], [-4.883, 50.5534], [-4.974, 50.3103], [-4.96761, 50.5149], [-4.95891, 50.2152], [-5.02029, 50.4173], [-5.04731, 50.4148], [-5.0703, 50.4061], [-5.06842, 50.3511], [-4.52498, 50.3566], [-5.0963, 50.4156], [-4.68652, 50.5681]]}}, {"type": "Feature", "properties": {"id": "South West_C016", "name": "South West Constituency 16", "region": "South West", "electorate": 187814, "ward_count": 32, "ward_codes": ["E05012706", "E05012725", "E05012663", "E05012692", "E05012660", "E05012720", "E05012718", "E05012694", "E05012685", "E05012703", "E05012732", "E05012682", "E05012714", "E05013476", "E05012721", "E05012702", "E05012719", "E05013452", "E05013450", "E05013495", "E05013485", "E05013486", "E05013487", "E05013488", "E05014360", "E05014361", "E05014362", "E05013434", "E05013471", "E05013489", "E05013490", "E05013491"], "compliant": false}, "geometry": {"type": "MultiPoint", "coordinates": [[-2.10301, 50.7596], [-2.13318, 50.6954], [-2.01354, 50.7227], [-2.02516, 50.7687], [-2.00032, 50.7444], [-2.05732, 50.8192], [-2.06671, 50.6455], [-2.03771, 50.9098], [-2.15783, 50.866], [-2.13223, 50.8986], [-2.21464, 50.8417], [-2.18807, 50.9521], [-2.20045, 51.0075], [-2.1154, 51.0026], [-2.31956, 50.9279], [-2.26752, 51.0328], [-2.37786, 50.9526], [-2.06738, 51.1037], [-2.27148, 51.0968], [-2.12381, 51.1789], [-2.19714, 51.1966], [-2.16344, 51.2024], [-2.22629, 51.2175], [-2.20262, 51.2045], [-2.30353, 51.2052], [-2.30358, 51.279], [-2.33578, 51.2346], [-2.11843, 51.2658], [-2.21491, 51.291], [-2.16781, 51.2549], [-2.18953, 51.2684], [-2.20054, 51.2589]]}}, {"type": "Feature", "properties": {"id": "East of England_C001", "name": "East of England Constituency 1", "region": "East of England", "electorate": 147355, "ward_count": 24, "ward_codes": ["E05007124", "E05007118", "E05007126", "E05012756", "E05007125", "E05007123", "E05007121", "E05007117", "E05007127", "E05007119", "E05007130", "E05007120", "E05007122", "E05007129", "E05007132", "E05007128", "E05007131", "E05012581", "E05012583", "E05012584", "E05012592", "E05012594", "E05012747", "E05012567"], "compliant": true}, "geometry": {"type": "MultiPoint", "coordinates": [[1.2011, 52.031], [1.1962, 52.0623], [1.18594, 52.0549], [1.21611, 52.051], [1.18538, 52.0716], [1.17077, 52.0469], [1.17377, 52.0332], [1.16561, 52.0568], [1.15711, 52.0696], [1.14866, 52.0417], [1.13356, 52.0646], [1.13977, 52.0739], [1.13028, 52.0534], [1.13233, 52.0378], [1.13906, 52.086], [1.11765, 52.0441], [1.12055, 52.0723], [1.15622, 52.0033], [1.10627, 52.0526], [1.15629, 51.9761], [1.07838, 52.0811], [1.13477, 52.1245], [1.239, 52.0607], [1.07274, 51.9636]]}}, {"type": "Feature", "properties": {"id": "East of England_C002", "name": "East of England Constituency 2", "region": "East of England", "electorate": 141791, "ward_count": 25, "ward_codes": ["E05009918", "E05014489", "E05009916", "E05009915", "E05014490", "E05009920", "E05009929", "E05010380", "E05004098", "E05004100", "E05004111", "E05004109", "E05004119", "E05004106", "E05004118", "E05004116", "E05004115", "E05015473", "E05004117", "E05004097", "E05004108", "E05015470", "E05004099", "E05015472", "E05015471"], "compliant": true}, "geometry": {"type": "MultiPoint", "coordinates": [[0.37131, 51.8541], [0.364711, 51.8908], [0.404807, 51.8706], [0.451359, 51.8625], [0.354186, 51.9319], [0.33696, 51.8047], [0.277775, 51.9073], [0.483295, 51.893], [0.463649, 51.7958], [0.391658, 51.7728], [0.445177, 51.7471], [0.463412, 51.7507], [0.410462, 51.7304], [0.466138, 51.7391], [0.454055, 51.7294], [0.488842, 51.7471], [0.492383, 51.7601], [0.476384, 51.7304], [0.490261, 51.7365], [0.518786, 51.8209], [0.473157, 51.7185], [0.460445, 51.7111], [0.510665, 51.7427], [0.485297, 51.7155], [0.501222, 51.7231]]}}, {"type": "Feature", "properties": {"id": "East of England_C003", "name": "East of England Constituency 3", "region": "East of England", "electorate": 139903, "ward_count": 23, "ward_codes": ["E05015653", "E05015652", "E05015654", "E05015663", "E05015661", "E05015662", "E05015659", "E05015658", "E05015656", "E05015657", "E05015651", "E05015660", "E05015655", "E05013973", "E05013968", "E05013971", "E05013986", "E05013970", "E05013975", "E05013985", "E05013982", "E05002239", "E05013972"], "compliant": true}, "geometry": {"type": "MultiPoint", "coordinates": [[0.308881, 51.6161], [0.299318, 51.6269], [0.287656, 51.6157], [0.291482, 51.6021], [0.291044, 51.6422], [0.326248, 51.6387], [0.329292, 51.6208], [0.344616, 51.6362], [0.332155, 51.5904], [0.364775, 51.6267], [0.309294, 51.672], [0.367266, 51.6656], [0.221524, 51.6508], [0.242312, 51.5914], [0.268082, 51.5684], [0.233387, 51.6157], [0.27621, 51.5419], [0.230465, 51.5729], [0.211433, 51.6024], [0.21201, 51.5837], [0.224186, 51.5605], [0.299893, 51.5242], [0.216507, 51.5494]]}}, {"type": "Feature", "properties": {"id": "East of England_C004", "name": "East of England Constituency 4", "region": "East of England", "electorate": 143098, "ward_count": 24, "ward_codes": ["E05009956", "E05009959", "E05005017", "E05015048", "E05014917", "E05014918", "E05012401", "E05014920", "E05014916", "E05014928", "E05014913", "E05014924", "E05014923", "E05014919", "E05014921", "E05014927", "E05014925", "E05015466", "E05014926", "E05014922", "E05014914", "E05015467", "E05012398", "E05012392"], "compliant": true}, "geometry": {"type": "MultiPoint", "coordinates": [[0.297239, 51.3633], [0.319723, 51.3639], [0.26281, 51.3439], [0.300535, 51.3021], [0.358151, 51.3779], [0.366477, 51.3493], [0.295914, 51.4098], [0.34369, 51.4247], [0.39245, 51.3839], [0.366791, 51.4239], [0.351004, 51.4324], [0.380435, 51.4157], [0.349512, 51.4417], [0.329073, 51.4388], [0.3627, 51.438], [0.377821, 51.428], [0.376148, 51.4398], [0.291425, 51.4408], [0.392271, 51.4264], [0.399276, 51.4201], [0.394407, 51.4378], [0.302571, 51.4452], [0.301328, 51.4546], [0.275634, 51.4253]]}}, {"type": "Feature", "properties": {"id": "East of England_C005", "name": "East of England Constituency 5", "region": "East of England", "electorate": 139315, "ward_count": 25, "ward_codes": ["E05015703", "E05015702", "E05015691", "E05015699", "E05015701", "E05015698", "E05015696", "E05015692", "E05015647", "E05015695", "E05010856", "E05015697", "E05015700", "E05010854", "E05015694", "E05015693", "E05010844", "E05010855", "E05010851", "E05002227", "E05002212", "E05002215", "E05002217", "E05010848", "E05010850"], "compliant": true}, "geometry": {"type": "MultiPoint", "coordinates": [[0.58518, 51.5529], [0.577972, 51.5734], [0.56332, 51.5582], [0.555458, 51.5497], [0.554878, 51.5667], [0.553191, 51.5739], [0.568593, 51.5319], [0.558682, 51.5192], [0.524984, 51.5592], [0.580212, 51.5156], [0.593615, 51.5847], [0.607629, 51.5484], [0.615474, 51.5649], [0.592957, 51.5927], [0.615644, 51.5239], [0.613763, 51.5185], [0.583953, 51.6104], [0.625464, 51.59], [0.633783, 51.5793], [0.636598, 51.5477], [0.646845, 51.5564], [0.650547, 51.5697], [0.658188, 51.5434], [0.643435, 51.6056], [0.635069, 51.624]]}}, {"type": "Feature", "properties": {"id": "East of England_C006", "name": "East of England Constituency 6", "region": "East of England", "electorate": 152786, "ward_count": 24, "ward_codes": ["E05015690", "E05015689", "E05015683", "E05015685", "E05015687", "E05015684", "E05015680", "E05015686", "E05015682", "E05015688", "E05015370", "E05015734", "E05015728", "E05015373", "E05015372", "E05015727", "E05015736", "E05015359", "E05015363", "E05015360", "E05015356", "E05015376", "E05009008", "E05015739"], "compliant": true}, "geometry": {"type": "MultiPoint", "coordinates": [[0.082149, 51.745], [0.092677, 51.7597], [0.072967, 51.7606], [0.074935, 51.7751], [0.102701, 51.7758], [0.10857, 51.75], [0.114388, 51.761], [0.118495, 51.7788], [0.137818, 51.7603], [0.143496, 51.7851], [0.073466, 51.7958], [0.143791, 51.7332], [0.071816, 51.718], [0.147373, 51.8157], [0.104368, 51.8319], [0.116532, 51.6919], [0.027028, 51.7534], [0.148018, 51.8516], [0.010059, 51.7873], [0.137399, 51.8619], [0.157061, 51.8648], [0.010102, 51.831], [0.000168, 51.7669], [0.019352, 51.7035]]}}, {"type": "Feature", "properties": {"id": "East of England_C007", "name": "East of England Constituency 7", "region": "East of England", "electorate": 209544, "ward_count": 33, "ward_codes": ["E05011242", "E05015729", "E05011243", "E05011235", "E05011236", "E05011239", "E05011241", "E05011253", "E05011250", "E05011246", "E05011240", "E05013915", "E05011247", "E05011248", "E05011251", "E05014066", "E05014064", "E05014053", "E05011244", "E05013926", "E05013916", "E05013904", "E05014055", "E05014060", "E05014061", "E05014065", "E05014068", "E05014072", "E05014087", "E05014090", "E05014091", "E05011232", "E05015732"], "compliant": false}, "geometry": {"type": "MultiPoint", "coordinates": [[0.089168, 51.5988], [0.087096, 51.6118], [0.06116, 51.5938], [0.070388, 51.5821], [0.048213, 51.608], [0.053421, 51.5838], [0.05657, 51.5698], [0.069349, 51.5687], [0.088501, 51.5729], [0.080949, 51.5614], [0.079434, 51.5548], [0.055449, 51.5552], [0.077028, 51.5472], [0.09724, 51.5539], [0.106683, 51.57], [0.078948, 51.5409], [0.093745, 51.5444], [0.079502, 51.5363], [0.110315, 51.5597], [0.06314, 51.5368], [0.046311, 51.5496], [0.068424, 51.5175], [0.126219, 51.5229], [0.108241, 51.5348], [0.087704, 51.5315], [0.116149, 51.5455], [0.095079, 51.5257], [0.113009, 51.4879], [0.090159, 51.4882], [0.105062, 51.5049], [0.094807, 51.4975], [0.13618, 51.502], [0.077991, 51.6443]]}}, {"type": "Feature", "properties": {"id": "East of England_C008", "name": "East of England Constituency 8", "region": "East of England", "electorate": 228576, "ward_count": 40, "ward_codes": ["E05014093", "E05014094", "E05014092", "E05014089", "E05014078", "E05014075", "E05014083", "E05014074", "E05014077", "E05014079", "E05014084", "E05014085", "E05014073", "E05014086", "E05014000", "E05013723", "E05013726", "E05013715", "E05014082", "E05014076", "E05013724", "E05014004", "E05013720", "E05013988", "E05013991", "E05013922", "E05013989", "E05013990", "E05013993", "E05013996", "E05013997", "E05013998", "E05014001", "E05014003", "E05014088", "E05011220", "E05011224", "E05011226", "E05011227", "E05011230"], "compliant": false}, "geometry": {"type": "MultiPoint", "coordinates": [[0.063266, 51.4831], [0.05382, 51.4899], [0.069734, 51.4914], [0.068903, 51.473], [0.063843, 51.463], [0.039131, 51.4874], [0.041034, 51.4687], [0.035367, 51.4789], [0.041174, 51.4586], [0.067469, 51.4483], [0.027807, 51.4601], [0.034464, 51.4479], [0.014857, 51.4641], [0.061986, 51.4333], [0.041483, 51.4294], [0.022288, 51.4349], [0.006682, 51.452], [0.001086, 51.4653], [0.011263, 51.4947], [0.008774, 51.4876], [0.00164, 51.4404], [0.018992, 51.4188], [0.000209, 51.4251], [0.04343, 51.4034], [0.015988, 51.3996], [0.058077, 51.5038], [0.026334, 51.3168], [0.044745, 51.3706], [0.075059, 51.4142], [0.058716, 51.3249], [0.070012, 51.3689], [0.009529, 51.3699], [0.112314, 51.3712], [0.078089, 51.3823], [0.094121, 51.4778], [0.094816, 51.4446], [0.100805, 51.4678], [0.101336, 51.4578], [0.088282, 51.4304], [0.114879, 51.4238]]}}, {"type": "Feature", "properties": {"id": "East of England_C009", "name": "East of England Constituency 9", "region": "East of England", "electorate": 141225, "ward_count": 23, "ward_codes": ["E05012591", "E05012604", "E05012590", "E05012595", "E05012611", "E05012609", "E05012593", "E05012605", "E05012601", "E05012589", "E05012597", "E05012582", "E05012607", "E05012580", "E05012614", "E05012576", "E05012577", "E05012613", "E05012566", "E05012568", "E05012572", "E05012570", "E05012578"], "compliant": true}, "geometry": {"type": "MultiPoint", "coordinates": [[1.04514, 52.0964], [1.05367, 52.1615], [0.999891, 52.1263], [1.00225, 52.1782], [1.01685, 52.1847], [0.994179, 52.1884], [0.982723, 52.1947], [0.963319, 52.1754], [0.992859, 52.2207], [1.00813, 52.2692], [0.91223, 52.2271], [0.945278, 52.0736], [0.886986, 52.1904], [0.874752, 52.133], [0.939784, 52.2964], [0.950465, 52.0521], [0.973364, 52.0415], [0.859054, 52.2609], [0.845903, 52.0612], [0.961196, 52.0021], [1.05645, 52.0423], [1.04116, 51.9991], [0.793736, 52.1109]]}}, {"type": "Feature", "properties": {"id": "East of England_C010", "name": "East of England Constituency 10", "region": "East of England", "electorate": 169800, "ward_count": 29, "ward_codes": ["E05010390", "E05010378", "E05010385", "E05010366", "E05010367", "E05010365", "E05010370", "E05010368", "E05010369", "E05010374", "E05012961", "E05012963", "E05012962", "E05010372", "E05012965", "E05012967", "E05012964", "E05010389", "E05012966", "E05010388", "E05010379", "E05010384", "E05004206", "E05004193", "E05004195", "E05010842", "E05010382", "E05010383", "E05012569"], "compliant": false}, "geometry": {"type": "MultiPoint", "coordinates": [[0.532438, 52.0004], [0.569417, 51.9846], [0.484546, 51.9572], [0.562758, 51.9053], [0.543916, 51.8849], [0.571869, 51.8838], [0.546677, 51.8713], [0.574822, 51.8737], [0.560237, 51.8694], [0.54448, 51.8517], [0.609317, 51.9359], [0.631412, 51.94], [0.648262, 51.9467], [0.650141, 51.8878], [0.633321, 51.8397], [0.631415, 51.8185], [0.585721, 51.7965], [0.61584, 51.8019], [0.644339, 51.7991], [0.635989, 51.787], [0.697483, 51.8457], [0.704489, 51.9404], [0.638128, 51.7297], [0.702251, 51.7849], [0.68068, 51.7439], [0.747776, 51.8117], [0.618224, 52.0505], [0.686315, 52.0017], [0.90738, 51.9834]]}}, {"type": "Feature", "properties": {"id": "East of England_C011", "name": "East of England Constituency 11", "region": "East of England", "electorate": 151043, "ward_count": 25, "ward_codes": ["E05010838", "E05010834", "E05010828", "E05010830", "E05010835", "E05010837", "E05010840", "E05010839", "E05010827", "E05010829", "E05010836", "E05010841", "E05010831", "E05010843", "E05010833", "E05010832", "E05011933", "E05011932", "E05004204", "E05011935", "E05012573", "E05011949", "E05012575", "E05004205", "E05012565"], "compliant": true}, "geometry": {"type": "MultiPoint", "coordinates": [[0.777705, 51.9241], [0.894866, 51.914], [0.902099, 51.8938], [0.920953, 51.9131], [0.897883, 51.8828], [0.860727, 51.881], [0.877406, 51.8641], [0.940537, 51.9039], [0.901619, 51.8616], [0.93474, 51.8873], [0.931427, 51.8614], [0.841792, 51.8766], [0.840174, 51.9074], [0.958586, 51.8721], [0.921938, 51.814], [0.800451, 51.8359], [0.973654, 51.9157], [1.01011, 51.8739], [0.85652, 51.752], [1.01662, 51.8207], [1.0323, 51.9732], [1.05317, 51.9368], [0.760151, 52.029], [0.778527, 51.7774], [0.788877, 52.0169]]}}, {"type": "Feature", "properties": {"id": "East of England_C012", "name": "East of England Constituency 12", "region": "East of England", "electorate": 234058, "ward_count": 39, "ward_codes": ["E05012410", "E05012395", "E05012409", "E05012404", "E05012403", "E05012408", "E05012394", "E05012393", "E05012406", "E05012411", "E05012399", "E05012402", "E05011222", "E05011231", "E05009960", "E05011217", "E05012400", "E05009964", "E05005032", "E05012396", "E05005031", "E05011225", "E05011219", "E05013992", "E05014006", "E05014007", "E05012405", "E05011218", "E05011221", "E05011223", "E05011228", "E05011229", "E05011233", "E05005011", "E05005016", "E05005018", "E05005021", "E05009958", "E05009962"], "compliant": false}, "geometry": {"type": "MultiPoint", "coordinates": [[0.202277, 51.4455], [0.208091, 51.4542], [0.218653, 51.4485], [0.214691, 51.4356], [0.231299, 51.4431], [0.232826, 51.4531], [0.229715, 51.4664], [0.238099, 51.4347], [0.245713, 51.445], [0.212187, 51.4195], [0.185296, 51.4405], [0.181098, 51.4327], [0.173879, 51.4528], [0.197619, 51.4696], [0.185893, 51.4111], [0.169292, 51.4656], [0.167021, 51.4213], [0.192718, 51.3974], [0.178219, 51.4021], [0.253519, 51.4203], [0.162489, 51.3978], [0.166226, 51.4829], [0.14959, 51.4596], [0.116511, 51.3582], [0.129098, 51.3818], [0.122966, 51.404], [0.262632, 51.4478], [0.146304, 51.4859], [0.116743, 51.4426], [0.12943, 51.4595], [0.160141, 51.4758], [0.143664, 51.4294], [0.129682, 51.476], [0.166333, 51.3794], [0.2412, 51.3766], [0.129391, 51.3231], [0.235485, 51.3088], [0.199202, 51.3557], [0.198153, 51.3242]]}}, {"type": "Feature", "properties": {"id": "East of England_C013", "name": "East of England Constituency 13", "region": "East of England", "electorate": 144441, "ward_count": 25, "ward_codes": ["E05015037", "E05015050", "E05015049", "E05015047", "E05014451", "E05014469", "E05014467", "E05014915", "E05014912", "E05014468", "E05014457", "E05014449", "E05014450", "E05014452", "E05014453", "E05014455", "E05014458", "E05014459", "E05014460", "E05014464", "E05014465", "E05014466", "E05014472", "E05015035", "E05015053"], "compliant": true}, "geometry": {"type": "MultiPoint", "coordinates": [[0.40489, 51.319], [0.417815, 51.338], [0.444666, 51.3291], [0.443247, 51.3084], [0.44659, 51.3661], [0.473508, 51.3913], [0.488761, 51.4003], [0.439762, 51.4243], [0.412331, 51.4337], [0.505541, 51.4448], [0.570758, 51.4393], [0.649042, 51.4584], [0.53206, 51.3851], [0.509402, 51.3503], [0.517958, 51.3717], [0.5466, 51.3826], [0.552737, 51.3462], [0.542114, 51.3697], [0.537014, 51.3533], [0.504253, 51.3717], [0.485209, 51.3677], [0.541303, 51.4035], [0.526205, 51.3547], [0.487596, 51.3274], [0.519582, 51.335]]}}, {"type": "Feature", "properties": {"id": "East of England_C014", "name": "East of England Constituency 14", "region": "East of England", "electorate": 145234, "ward_count": 25, "ward_codes": ["E05012738", "E05012754", "E05012749", "E05012745", "E05012743", "E05012739", "E05012748", "E05012735", "E05012762", "E05012758", "E05012744", "E05012736", "E05012746", "E05015548", "E05015552", "E05012851", "E05012755", "E05012599", "E05012852", "E05012612", "E05012742", "E05012760", "E05011877", "E05012602", "E05011866"], "compliant": true}, "geometry": {"type": "MultiPoint", "coordinates": [[1.71195, 52.4634], [1.70454, 52.4857], [1.73538, 52.4611], [1.74473, 52.4818], [1.7417, 52.4978], [1.67982, 52.4619], [1.71211, 52.4181], [1.6146, 52.456], [1.65809, 52.3795], [1.65796, 52.3391], [1.52027, 52.3589], [1.49441, 52.4161], [1.44915, 52.3051], [1.53363, 52.2011], [1.49797, 52.2137], [1.38497, 52.4704], [1.4868, 52.1212], [1.32001, 52.3625], [1.30703, 52.418], [1.32171, 52.2926], [1.35633, 52.2273], [1.40552, 52.1684], [1.30855, 52.4898], [1.22719, 52.3069], [1.21607, 52.4052]]}}, {"type": "Feature", "properties": {"id": "East of England_C015", "name": "East of England Constituency 15", "region": "East of England", "electorate": 216862, "ward_count": 35, "ward_codes": ["E05013897", "E05013887", "E05013883", "E05013882", "E05013917", "E05013911", "E05013912", "E05013927", "E05013914", "E05011254", "E05013913", "E05013918", "E05013920", "E05013905", "E05013919", "E05013921", "E05013906", "E05013909", "E05013908", "E05013907", "E05013923", "E05013910", "E05011255", "E05013885", "E05013889", "E05013890", "E05013900", "E05011238", "E05011249", "E05011252", "E05015724", "E05015725", "E05015731", "E05015733", "E05015740"], "compliant": false}, "geometry": {"type": "MultiPoint", "coordinates": [[0.00728, 51.5692], [0.00289, 51.576], [0.000754, 51.5573], [0.010484, 51.5588], [0.006063, 51.5494], [0.026247, 51.5522], [0.018295, 51.5456], [0.011556, 51.535], [0.028384, 51.5402], [0.036366, 51.5656], [0.037688, 51.5419], [0.027323, 51.5316], [0.020298, 51.524], [0.042048, 51.5311], [0.032034, 51.5224], [0.050693, 51.5428], [0.004582, 51.5216], [0.051758, 51.5328], [0.030359, 51.5146], [0.0145, 51.5129], [0.026357, 51.5043], [0.057775, 51.5252], [0.029928, 51.5782], [0.004987, 51.6365], [0.001529, 51.6029], [0.009348, 51.6138], [0.005705, 51.5905], [0.028633, 51.6012], [0.024737, 51.6172], [0.025618, 51.59], [0.054574, 51.6321], [0.036087, 51.6281], [0.050199, 51.6447], [0.064251, 51.6622], [0.034312, 51.6662]]}}, {"type": "Feature", "properties": {"id": "East of England_C016", "name": "East of England Constituency 16", "region": "East of England", "electorate": 171255, "ward_count": 28, "ward_codes": ["E05011942", "E05011939", "E05011941", "E05011940", "E05011945", "E05011957", "E05011959", "E05011960", "E05011948", "E05011946", "E05011961", "E05011947", "E05011944", "E05011952", "E05011936", "E05011950", "E05011943", "E05011954", "E05011956", "E05011951", "E05011937", "E05011962", "E05011938", "E05011953", "E05011955", "E05011958", "E05011963", "E05011934"], "compliant": false}, "geometry": {"type": "MultiPoint", "coordinates": [[1.25101, 51.9416], [1.25946, 51.9276], [1.24104, 51.9328], [1.27132, 51.9361], [1.28647, 51.9428], [1.19261, 51.9245], [1.17727, 51.9089], [1.17818, 51.8546], [1.22869, 51.8512], [1.25815, 51.8592], [1.27421, 51.8656], [1.21569, 51.8436], [1.24621, 51.8345], [1.19996, 51.8084], [1.16865, 51.8158], [1.1572, 51.832], [1.17341, 51.8005], [1.15552, 51.8031], [1.1644, 51.7959], [1.15634, 51.7915], [1.13713, 51.8083], [1.11939, 51.871], [1.13907, 51.7936], [1.13862, 51.785], [1.07369, 51.8015], [1.05618, 51.8612], [1.11019, 51.7863], [1.12353, 51.8031]]}}, {"type": "Feature", "properties": {"id": "East of England_C017", "name": "East of England Constituency 17", "region": "East of England", "electorate": 8076, "ward_count": 1, "ward_codes": ["E05012574"], "compliant": false}, "geometry": {"type": "MultiPoint", "coordinates": [[1.24271, 51.9721]]}}, {"type": "Feature", "properties": {"id": "East of England_C018", "name": "East of England Constituency 18", "region": "East of England", "electorate": 141184, "ward_count": 24, "ward_codes": ["E05002213", "E05002214", "E05002226", "E05002219", "E05002220", "E05002218", "E05002225", "E05002221", "E05002216", "E05010853", "E05010846", "E05010847", "E05002223", "E05002224", "E05010849", "E05002228", "E05010852", "E05002222", "E05010845", "E05004191", "E05004192", "E05004200", "E05004202", "E05004203"], "compliant": true}, "geometry": {"type": "MultiPoint", "coordinates": [[0.668779, 51.555], [0.679637, 51.5412], [0.687416, 51.5476], [0.69309, 51.5536], [0.683975, 51.5644], [0.704015, 51.5378], [0.710155, 51.5453], [0.72299, 51.5542], [0.726199, 51.5377], [0.755953, 51.5735], [0.69158, 51.6033], [0.670713, 51.5949], [0.753758, 51.5484], [0.749513, 51.5325], [0.677263, 51.6167], [0.776842, 51.5338], [0.758745, 51.6074], [0.796009, 51.534], [0.879495, 51.5891], [0.856753, 51.6362], [0.818612, 51.6283], [0.802816, 51.6965], [0.853162, 51.6562], [0.880834, 51.6976]]}}, {"type": "Feature", "properties": {"id": "East of England_C019", "name": "East of England Constituency 19", "region": "East of England", "electorate": 144611, "ward_count": 24, "ward_codes": ["E05009552", "E05009553", "E05009548", "E05009564", "E05009551", "E05009567", "E05009558", "E05009555", "E05009566", "E05009546", "E05009545", "E05009557", "E05009550", "E05009561", "E05009560", "E05009563", "E05009554", "E05014461", "E05014462", "E05014463", "E05014470", "E05014456", "E05014471", "E05014454"], "compliant": true}, "geometry": {"type": "MultiPoint", "coordinates": [[0.746704, 51.3645], [0.739977, 51.3527], [0.731837, 51.3433], [0.719723, 51.3517], [0.728346, 51.3375], [0.730697, 51.3282], [0.749495, 51.3334], [0.759829, 51.3484], [0.717358, 51.3102], [0.692305, 51.3338], [0.717825, 51.3774], [0.754663, 51.4073], [0.647979, 51.3661], [0.802377, 51.3953], [0.754117, 51.4325], [0.818112, 51.3234], [0.79432, 51.4287], [0.610829, 51.375], [0.604713, 51.3473], [0.594403, 51.3605], [0.582911, 51.3754], [0.570433, 51.3499], [0.565738, 51.3743], [0.560751, 51.391]]}}, {"type": "Feature", "properties": {"id": "East of England_C020", "name": "East of England Constituency 20", "region": "East of England", "electorate": 187123, "ward_count": 31, "ward_codes": ["E05012787", "E05012786", "E05012788", "E05015578", "E05015577", "E05012783", "E05012784", "E05012801", "E05011566", "E05012792", "E05012791", "E05012773", "E05012793", "E05015489", "E05011561", "E05011569", "E05011570", "E05011564", "E05011563", "E05015488", "E05011568", "E05012332", "E05011565", "E05012774", "E05012775", "E05012776", "E05012777", "E05012778", "E05012779", "E05012805", "E05010371"], "compliant": false}, "geometry": {"type": "MultiPoint", "coordinates": [[0.545983, 52.3525], [0.517917, 52.3514], [0.497107, 52.3477], [0.567176, 52.3125], [0.508949, 52.3001], [0.501126, 52.2591], [0.517487, 52.404], [0.454537, 52.3864], [0.412258, 52.3144], [0.40101, 52.2594], [0.411089, 52.2462], [0.377131, 52.2716], [0.375986, 52.2455], [0.414715, 52.2066], [0.311808, 52.2878], [0.316859, 52.3515], [0.343126, 52.3267], [0.323, 52.4188], [0.300431, 52.3872], [0.289218, 52.2319], [0.326706, 52.4715], [0.460637, 52.5], [0.242811, 52.3893], [0.440943, 52.0791], [0.449191, 52.0844], [0.434891, 52.0918], [0.424603, 52.0789], [0.455372, 52.0755], [0.412169, 52.0846], [0.458145, 52.1323], [0.448495, 52.0451]]}}, {"type": "Feature", "properties": {"id": "East of England_C021", "name": "East of England Constituency 21", "region": "East of England", "electorate": 140985, "ward_count": 25, "ward_codes": ["E05004199", "E05004197", "E05004198", "E05004196", "E05004194", "E05004201", "E05004190", "E05004114", "E05004113", "E05004105", "E05004096", "E05004110", "E05015649", "E05015650", "E05004101", "E05015646", "E05015640", "E05004112", "E05015641", "E05015648", "E05015645", "E05015637", "E05002233", "E05015644", "E05015638"], "compliant": true}, "geometry": {"type": "MultiPoint", "coordinates": [[0.662761, 51.7215], [0.660687, 51.7355], [0.685223, 51.7155], [0.696322, 51.7175], [0.699984, 51.7374], [0.66692, 51.6733], [0.739045, 51.6645], [0.604757, 51.653], [0.612852, 51.6399], [0.563675, 51.7208], [0.541634, 51.6797], [0.557581, 51.6446], [0.541917, 51.6124], [0.529179, 51.6023], [0.489012, 51.6967], [0.509805, 51.5814], [0.487827, 51.6045], [0.452821, 51.659], [0.46955, 51.5831], [0.471121, 51.5727], [0.472306, 51.5535], [0.436122, 51.6326], [0.485295, 51.5243], [0.435236, 51.5731], [0.411512, 51.6399]]}}, {"type": "Feature", "properties": {"id": "East of England_C022", "name": "East of England Constituency 22", "region": "East of England", "electorate": 143346, "ward_count": 26, "ward_codes": ["E05011296", "E05013058", "E05013052", "E05013062", "E05013057", "E05013051", "E05013063", "E05013059", "E05013056", "E05013061", "E05013054", "E05013055", "E05013060", "E05013050", "E05011297", "E05013053", "E05011304", "E05014170", "E05011294", "E05011307", "E05011291", "E05011301", "E05011289", "E05013880", "E05011283", "E05011300"], "compliant": true}, "geometry": {"type": "MultiPoint", "coordinates": [[0.054174, 52.1764], [0.1011, 52.2025], [0.09956, 52.2205], [0.115287, 52.1786], [0.126497, 52.2039], [0.117508, 52.2223], [0.12677, 52.217], [0.133655, 52.1966], [0.13572, 52.2281], [0.151241, 52.2017], [0.14905, 52.1903], [0.151997, 52.2264], [0.147746, 52.1766], [0.158569, 52.2113], [0.111888, 52.2501], [0.171724, 52.1854], [0.147493, 52.1464], [0.162816, 52.1269], [0.046458, 52.2291], [0.113675, 52.1017], [0.235075, 52.1864], [0.189799, 52.2796], [0.123281, 52.297], [0.054682, 52.2673], [0.023358, 52.2524], [0.003202, 52.0819]]}}, {"type": "Feature", "properties": {"id": "East of England_C023", "name": "East of England Constituency 23", "region": "East of England", "electorate": 141757, "ward_count": 24, "ward_codes": ["E05010393", "E05010395", "E05010396", "E05010408", "E05010407", "E05010397", "E05010409", "E05010399", "E05010398", "E05012956", "E05010392", "E05010404", "E05012955", "E05005100", "E05005082", "E05005083", "E05005103", "E05005102", "E05005091", "E05005086", "E05005093", "E05005098", "E05005095", "E05005094"], "compliant": true}, "geometry": {"type": "MultiPoint", "coordinates": [[1.0514, 51.3083], [1.06403, 51.3439], [1.0306, 51.3435], [1.04303, 51.3618], [1.06814, 51.3637], [1.09906, 51.347], [1.09562, 51.3673], [1.12148, 51.3661], [1.13384, 51.3462], [1.1284, 51.3095], [1.14906, 51.3674], [0.998357, 51.3349], [1.1923, 51.3477], [1.3048, 51.3432], [1.29491, 51.3783], [1.29631, 51.3712], [1.3319, 51.3756], [1.35569, 51.3839], [1.35909, 51.3774], [1.38161, 51.3325], [1.38382, 51.3872], [1.38777, 51.3735], [1.39145, 51.343], [1.39457, 51.3358]]}}, {"type": "Feature", "properties": {"id": "East of England_C024", "name": "East of England Constituency 24", "region": "East of England", "electorate": 66134, "ward_count": 12, "ward_codes": ["E05005085", "E05005090", "E05005099", "E05005101", "E05005097", "E05005096", "E05005081", "E05005084", "E05005092", "E05005089", "E05005087", "E05005088"], "compliant": false}, "geometry": {"type": "MultiPoint", "coordinates": [[1.41301, 51.3319], [1.41989, 51.338], [1.42709, 51.3434], [1.43244, 51.3529], [1.41273, 51.3617], [1.4003, 51.3505], [1.42233, 51.3722], [1.43819, 51.3652], [1.4358, 51.3786], [1.4066, 51.3801], [1.41659, 51.3869], [1.39468, 51.3886]]}}, {"type": "Feature", "properties": {"id": "East of England_C025", "name": "East of England Constituency 25", "region": "East of England", "electorate": 148858, "ward_count": 26, "ward_codes": ["E05009927", "E05009926", "E05015358", "E05015355", "E05015357", "E05009928", "E05009914", "E05009911", "E05009922", "E05009912", "E05015371", "E05009923", "E05009925", "E05009921", "E05009913", "E05009924", "E05009919", "E05009910", "E05014169", "E05011298", "E05009931", "E05011292", "E05015361", "E05015737", "E05011282", "E05015681"], "compliant": true}, "geometry": {"type": "MultiPoint", "coordinates": [[0.210102, 51.8876], [0.196202, 51.9098], [0.173162, 51.8785], [0.173595, 51.8646], [0.146352, 51.8821], [0.169365, 51.9243], [0.245095, 51.9173], [0.244194, 51.8414], [0.221097, 51.9776], [0.14541, 51.9831], [0.067816, 51.9264], [0.235016, 52.0112], [0.255793, 52.0114], [0.158264, 52.0424], [0.286157, 51.9824], [0.249383, 52.0349], [0.238966, 51.8066], [0.301553, 52.0497], [0.167192, 52.0759], [0.242448, 52.0915], [0.37206, 52.0005], [0.071116, 52.0612], [0.014713, 51.8907], [0.254191, 51.7512], [0.332507, 52.136], [0.143618, 51.7724]]}}, {"type": "Feature", "properties": {"id": "East of England_C026", "name": "East of England Constituency 26", "region": "East of England", "electorate": 149117, "ward_count": 26, "ward_codes": ["E05015735", "E05015738", "E05013974", "E05013977", "E05013978", "E05013983", "E05013981", "E05013980", "E05013976", "E05014058", "E05014059", "E05014063", "E05014071", "E05014054", "E05014069", "E05014070", "E05011237", "E05014067", "E05011245", "E05014057", "E05013969", "E05014062", "E05011234", "E05014056", "E05015726", "E05015730"], "compliant": true}, "geometry": {"type": "MultiPoint", "coordinates": [[0.248921, 51.7072], [0.145074, 51.6697], [0.176779, 51.6115], [0.192055, 51.5916], [0.162156, 51.5899], [0.183368, 51.5797], [0.189991, 51.5728], [0.164988, 51.5717], [0.197468, 51.5635], [0.138596, 51.5834], [0.172094, 51.5563], [0.153912, 51.5587], [0.141398, 51.5672], [0.162881, 51.5464], [0.136815, 51.5587], [0.161781, 51.5384], [0.1233, 51.5746], [0.13513, 51.5486], [0.121435, 51.6104], [0.118018, 51.5544], [0.195827, 51.5471], [0.137659, 51.536], [0.110292, 51.591], [0.15469, 51.5242], [0.108816, 51.6351], [0.083955, 51.6561]]}}, {"type": "Feature", "properties": {"id": "East of England_C027", "name": "East of England Constituency 27", "region": "East of England", "electorate": 209296, "ward_count": 35, "ward_codes": ["E05012795", "E05012766", "E05012797", "E05012789", "E05012802", "E05012803", "E05012763", "E05012772", "E05012798", "E05012780", "E05012800", "E05015579", "E05012794", "E05015580", "E05012571", "E05012804", "E05012770", "E05012782", "E05012764", "E05010259", "E05012579", "E05010260", "E05012585", "E05012586", "E05012587", "E05012588", "E05010245", "E05010247", "E05010258", "E05010261", "E05012767", "E05012768", "E05012769", "E05012771", "E05012799"], "compliant": false}, "geometry": {"type": "MultiPoint", "coordinates": [[0.63882, 52.3122], [0.605153, 52.2403], [0.693626, 52.261], [0.691246, 52.2469], [0.707284, 52.2591], [0.697879, 52.2362], [0.710353, 52.2435], [0.726143, 52.2509], [0.722766, 52.2307], [0.706298, 52.2108], [0.732433, 52.2736], [0.745371, 52.2446], [0.781648, 52.3162], [0.778569, 52.2127], [0.69624, 52.1368], [0.612544, 52.1441], [0.578011, 52.2037], [0.82777, 52.3105], [0.767062, 52.3576], [0.736725, 52.4036], [0.737591, 52.0912], [0.758367, 52.4156], [0.741428, 52.0471], [0.718159, 52.0465], [0.743679, 52.0414], [0.724585, 52.0344], [0.680408, 52.4678], [0.889056, 52.4347], [0.760005, 52.4244], [0.714209, 52.4227], [0.623406, 52.4474], [0.672507, 52.4356], [0.594166, 52.4239], [0.568045, 52.1041], [0.894288, 52.3194]]}}, {"type": "Feature", "properties": {"id": "East of England_C028", "name": "East of England Constituency 28", "region": "East of England", "electorate": 138007, "ward_count": 24, "ward_codes": ["E05002247", "E05002246", "E05002231", "E05002238", "E05002237", "E05002236", "E05002244", "E05002235", "E05002232", "E05002241", "E05002230", "E05002240", "E05002248", "E05002234", "E05002229", "E05002243", "E05002245", "E05002242", "E05015643", "E05015642", "E05015639", "E05013979", "E05013984", "E05013967"], "compliant": false}, "geometry": {"type": "MultiPoint", "coordinates": [[0.3716, 51.4698], [0.346657, 51.4635], [0.371569, 51.4892], [0.346211, 51.4815], [0.345646, 51.493], [0.327738, 51.4828], [0.325955, 51.5029], [0.315274, 51.4793], [0.303813, 51.4948], [0.295927, 51.4863], [0.29289, 51.5071], [0.375541, 51.5298], [0.261596, 51.4798], [0.40794, 51.479], [0.250663, 51.5064], [0.436091, 51.5099], [0.441079, 51.5313], [0.445894, 51.5243], [0.429811, 51.5574], [0.40273, 51.5757], [0.419919, 51.6075], [0.199609, 51.513], [0.18886, 51.5314], [0.179032, 51.5228]]}}, {"type": "Feature", "properties": {"id": "East of England_C029", "name": "East of England Constituency 29", "region": "East of England", "electorate": 143796, "ward_count": 23, "ward_codes": ["E05012741", "E05012759", "E05015551", "E05015549", "E05015553", "E05015550", "E05012740", "E05012737", "E05012610", "E05012596", "E05012603", "E05012598", "E05012606", "E05012600", "E05011872", "E05011867", "E05012608", "E05011869", "E05010246", "E05011875", "E05011889", "E05010257", "E05012765"], "compliant": true}, "geometry": {"type": "MultiPoint", "coordinates": [[1.35553, 51.975], [1.31763, 51.9594], [1.27005, 52.0149], [1.26277, 52.0484], [1.30477, 52.0911], [1.33041, 52.1088], [1.40821, 52.0519], [1.24744, 52.1178], [1.15201, 52.1915], [1.19628, 52.2403], [1.11296, 52.2525], [1.15636, 52.3097], [1.13581, 52.3528], [1.05058, 52.3291], [1.10059, 52.383], [1.10548, 52.4311], [0.99514, 52.3383], [1.1356, 52.4823], [0.992946, 52.4067], [1.18913, 52.4955], [1.23921, 52.4888], [1.04392, 52.4684], [0.908909, 52.3559]]}}, {"type": "Feature", "properties": {"id": "East of England_C030", "name": "East of England Constituency 30", "region": "East of England", "electorate": 35478, "ward_count": 5, "ward_codes": ["E05009556", "E05009559", "E05009565", "E05009544", "E05009562"], "compliant": false}, "geometry": {"type": "MultiPoint", "coordinates": [[0.89189, 51.3265], [0.876406, 51.3176], [0.892138, 51.3065], [0.902479, 51.3175], [0.881185, 51.3893]]}}, {"type": "Feature", "properties": {"id": "East of England_C031", "name": "East of England Constituency 31", "region": "East of England", "electorate": 48445, "ward_count": 8, "ward_codes": ["E05015422", "E05015423", "E05015421", "E05011572", "E05011567", "E05013881", "E05011571", "E05011562"], "compliant": false}, "geometry": {"type": "MultiPoint", "coordinates": [[0.046869, 52.4381], [0.036272, 52.49], [0.078185, 52.4764], [0.145176, 52.3922], [0.1045, 52.3518], [0.057725, 52.3207], [0.205681, 52.3659], [0.216677, 52.4458]]}}, {"type": "Feature", "properties": {"id": "West Midlands_C001", "name": "West Midlands Constituency 1", "region": "West Midlands", "electorate": 149530, "ward_count": 27, "ward_codes": ["E05001311", "E05001265", "E05001263", "E05001269", "E05001271", "E05001266", "E05001310", "E05001316", "E05001314", "E05001281", "E05001282", "E05001268", "E05001303", "E05001304", "E05001305", "E05001309", "E05001267", "E05001276", "E05001273", "E05001317", "E05001274", "E05001320", "E05001307", "E05001319", "E05001306", "E05014856", "E05014857"], "compliant": true}, "geometry": {"type": "MultiPoint", "coordinates": [[-1.97788, 52.5673], [-1.99133, 52.556], [-1.97146, 52.5425], [-1.99552, 52.5359], [-1.94833, 52.5377], [-1.953, 52.554], [-1.9522, 52.5723], [-1.98235, 52.5841], [-2.00488, 52.579], [-2.01867, 52.5593], [-2.0232, 52.5414], [-2.01047, 52.5188], [-2.02679, 52.5799], [-2.00392, 52.6007], [-1.98379, 52.6011], [-2.04361, 52.5652], [-2.04053, 52.5317], [-1.97816, 52.5008], [-2.02457, 52.5078], [-2.03609, 52.6002], [-2.05623, 52.5426], [-2.05299, 52.5851], [-2.01946, 52.622], [-2.03765, 52.612], [-1.99492, 52.6258], [-2.05821, 52.6135], [-2.0768, 52.5974]]}}, {"type": "Feature", "properties": {"id": "West Midlands_C002", "name": "West Midlands Constituency 2", "region": "West Midlands", "electorate": 141115, "ward_count": 25, "ward_codes": ["E05008148", "E05008146", "E05008145", "E05008198", "E05008147", "E05015223", "E05015220", "E05015236", "E05015210", "E05015212", "E05015219", "E05015235", "E05015224", "E05015231", "E05015222", "E05015230", "E05015232", "E05015221", "E05015234", "E05015238", "E05015217", "E05015209", "E05015213", "E05015225", "E05015215"], "compliant": true}, "geometry": {"type": "MultiPoint", "coordinates": [[-2.50115, 52.5065], [-2.44153, 52.5319], [-2.42513, 52.5559], [-2.3523, 52.5796], [-2.45944, 52.6108], [-2.44137, 52.6361], [-2.49211, 52.6332], [-2.47045, 52.6378], [-2.44233, 52.6489], [-2.4618, 52.6481], [-2.47894, 52.656], [-2.43027, 52.6647], [-2.45557, 52.6714], [-2.47157, 52.683], [-2.48566, 52.6793], [-2.45681, 52.6952], [-2.41943, 52.6872], [-2.47738, 52.6933], [-2.43585, 52.6967], [-2.45756, 52.7122], [-2.48918, 52.7089], [-2.50433, 52.6975], [-2.44034, 52.7173], [-2.41908, 52.714], [-2.52314, 52.6944]]}}, {"type": "Feature", "properties": {"id": "West Midlands_C003", "name": "West Midlands Constituency 3", "region": "West Midlands", "electorate": 144340, "ward_count": 25, "ward_codes": ["E05015249", "E05015257", "E05015258", "E05015243", "E05015248", "E05015239", "E05015242", "E05015252", "E05015240", "E05015254", "E05011353", "E05015255", "E05015256", "E05011352", "E05015259", "E05015250", "E05011357", "E05015251", "E05015247", "E05011358", "E05011374", "E05013031", "E05015253", "E05013036", "E05011379"], "compliant": true}, "geometry": {"type": "MultiPoint", "coordinates": [[-2.3129, 53.3736], [-2.32197, 53.3935], [-2.32614, 53.4037], [-2.32092, 53.4135], [-2.33875, 53.3761], [-2.34673, 53.3906], [-2.35279, 53.4054], [-2.34702, 53.4192], [-2.33267, 53.4275], [-2.30897, 53.4298], [-2.29036, 53.4041], [-2.28998, 53.4195], [-2.32087, 53.4416], [-2.28457, 53.3887], [-2.34985, 53.4486], [-2.29454, 53.4452], [-2.28378, 53.4412], [-2.34118, 53.4619], [-2.30744, 53.4656], [-2.26538, 53.4322], [-2.26066, 53.4025], [-2.29325, 53.473], [-2.26482, 53.4596], [-2.31011, 53.4828], [-2.2577, 53.4489]]}}, {"type": "Feature", "properties": {"id": "West Midlands_C004", "name": "West Midlands Constituency 4", "region": "West Midlands", "electorate": 151415, "ward_count": 27, "ward_codes": ["E05008613", "E05008636", "E05008638", "E05008634", "E05008635", "E05008637", "E05008639", "E05008615", "E05008647", "E05008646", "E05015015", "E05008628", "E05008655", "E05008656", "E05008610", "E05008629", "E05015014", "E05015020", "E05015031", "E05015022", "E05015025", "E05008657", "E05015019", "E05015023", "E05015032", "E05008645", "E05008653"], "compliant": true}, "geometry": {"type": "MultiPoint", "coordinates": [[-2.10858, 53.2861], [-2.11492, 53.2723], [-2.13112, 53.2741], [-2.13067, 53.2541], [-2.10737, 53.2571], [-2.13296, 53.2453], [-2.15459, 53.2534], [-2.15905, 53.2655], [-2.17705, 53.3018], [-2.12357, 53.3223], [-2.16836, 53.3467], [-2.20241, 53.2195], [-2.20498, 53.3314], [-2.21927, 53.3182], [-2.23288, 53.3044], [-2.20602, 53.3476], [-2.16249, 53.3723], [-2.19484, 53.3676], [-2.13453, 53.3754], [-2.16267, 53.3925], [-2.22116, 53.3709], [-2.24942, 53.3491], [-2.19486, 53.3934], [-2.17596, 53.4025], [-2.13092, 53.3942], [-2.06272, 53.3319], [-2.05669, 53.2448]]}}, {"type": "Feature", "properties": {"id": "West Midlands_C005", "name": "West Midlands Constituency 5", "region": "West Midlands", "electorate": 205716, "ward_count": 36, "ward_codes": ["E05013170", "E05013183", "E05013182", "E05013172", "E05013174", "E05013169", "E05013177", "E05013181", "E05014131", "E05010948", "E05014135", "E05014122", "E05014133", "E05014134", "E05014129", "E05014136", "E05014132", "E05010941", "E05014128", "E05014123", "E05014125", "E05014137", "E05014121", "E05011032", "E05014120", "E05013171", "E05013173", "E05013176", "E05013178", "E05013179", "E05013180", "E05013184", "E05013185", "E05012215", "E05012220", "E05012234"], "compliant": false}, "geometry": {"type": "MultiPoint", "coordinates": [[-2.77144, 53.3673], [-2.76584, 53.3778], [-2.7455, 53.3715], [-2.74438, 53.3859], [-2.73395, 53.3592], [-2.72531, 53.3726], [-2.72402, 53.3894], [-2.70632, 53.3717], [-2.76401, 53.4134], [-2.77587, 53.3963], [-2.74604, 53.4352], [-2.70571, 53.4132], [-2.71348, 53.4343], [-2.70875, 53.4241], [-2.72482, 53.4469], [-2.76081, 53.4476], [-2.74174, 53.452], [-2.79449, 53.422], [-2.69761, 53.4476], [-2.78581, 53.4492], [-2.72856, 53.4765], [-2.76086, 53.4678], [-2.69963, 53.4647], [-2.65975, 53.4009], [-2.69757, 53.4942], [-2.71939, 53.3206], [-2.7153, 53.3374], [-2.79281, 53.3392], [-2.71482, 53.3291], [-2.69828, 53.3434], [-2.69256, 53.3235], [-2.74002, 53.3164], [-2.6695, 53.334], [-2.71866, 53.288], [-2.7664, 53.2766], [-2.75428, 53.2479]]}}, {"type": "Feature", "properties": {"id": "West Midlands_C006", "name": "West Midlands Constituency 6", "region": "West Midlands", "electorate": 147057, "ward_count": 25, "ward_codes": ["E05012244", "E05012210", "E05012246", "E05012245", "E05012253", "E05012237", "E05012238", "E05012227", "E05012222", "E05012235", "E05012242", "E05012209", "E05012211", "E05012228", "E05012218", "E05012221", "E05012217", "E05012216", "E05012212", "E05000960", "E05012247", "E05000957", "E05000958", "E05012223", "E05012226"], "compliant": true}, "geometry": {"type": "MultiPoint", "coordinates": [[-2.90378, 53.2901], [-2.90425, 53.2796], [-2.90861, 53.2708], [-2.90279, 53.263], [-2.88724, 53.2692], [-2.92176, 53.2615], [-2.93228, 53.2745], [-2.92498, 53.2975], [-2.94468, 53.2758], [-2.94229, 53.2407], [-2.88321, 53.2185], [-2.92263, 53.2013], [-2.88994, 53.196], [-2.87222, 53.2037], [-2.89507, 53.1747], [-2.91888, 53.1728], [-2.85977, 53.189], [-2.83393, 53.2534], [-2.886, 53.1483], [-2.95839, 53.3183], [-3.00796, 53.2809], [-2.98203, 53.3441], [-3.03154, 53.3288], [-3.05991, 53.2719], [-3.05482, 53.299]]}}, {"type": "Feature", "properties": {"id": "West Midlands_C007", "name": "West Midlands Constituency 7", "region": "West Midlands", "electorate": 153028, "ward_count": 25, "ward_codes": ["E05010636", "E05014593", "E05014607", "E05010638", "E05010627", "E05010623", "E05010646", "E05010630", "E05010626", "E05010628", "E05010629", "E05010647", "E05010624", "E05010625", "E05010635", "E05010649", "E05010639", "E05010644", "E05010640", "E05008627", "E05010643", "E05010650", "E05010641", "E05010880", "E05010881"], "compliant": true}, "geometry": {"type": "MultiPoint", "coordinates": [[-1.78169, 53.4009], [-1.74519, 53.3107], [-1.7779, 53.2793], [-1.85998, 53.2813], [-1.88121, 53.332], [-1.89372, 53.2687], [-1.88969, 53.258], [-1.88449, 53.2401], [-1.91035, 53.2561], [-1.91854, 53.3154], [-1.92492, 53.2696], [-1.9215, 53.2472], [-1.92777, 53.3434], [-1.97048, 53.2569], [-1.91041, 53.3854], [-1.98715, 53.325], [-1.98527, 53.3639], [-1.9667, 53.3956], [-2.01336, 53.3728], [-2.029, 53.3532], [-1.91376, 53.4471], [-1.94178, 53.4356], [-1.93434, 53.4462], [-1.61517, 53.4071], [-1.64326, 53.4593]]}}, {"type": "Feature", "properties": {"id": "West Midlands_C008", "name": "West Midlands Constituency 8", "region": "West Midlands", "electorate": 162713, "ward_count": 26, "ward_codes": ["E05014477", "E05014488", "E05014478", "E05014484", "E05014473", "E05014483", "E05014486", "E05014482", "E05014476", "E05008817", "E05008814", "E05014480", "E05008819", "E05008810", "E05008821", "E05008816", "E05010096", "E05008823", "E05008818", "E05008822", "E05010098", "E05010119", "E05008811", "E05010090", "E05010118", "E05014474"], "compliant": false}, "geometry": {"type": "MultiPoint", "coordinates": [[-1.60737, 52.7972], [-1.60616, 52.8077], [-1.62773, 52.8167], [-1.62423, 52.7887], [-1.63781, 52.7952], [-1.65276, 52.8063], [-1.62971, 52.8341], [-1.65526, 52.8254], [-1.67132, 52.7893], [-1.5906, 52.7796], [-1.6145, 52.7562], [-1.68371, 52.8376], [-1.66059, 52.735], [-1.57083, 52.7608], [-1.55585, 52.7735], [-1.54976, 52.7861], [-1.53891, 52.7454], [-1.51948, 52.7839], [-1.51769, 52.8065], [-1.55024, 52.8634], [-1.5232, 52.7523], [-1.53227, 52.7162], [-1.59762, 52.8876], [-1.54803, 52.6881], [-1.51311, 52.7012], [-1.78811, 52.7964]]}}, {"type": "Feature", "properties": {"id": "West Midlands_C009", "name": "West Midlands Constituency 9", "region": "West Midlands", "electorate": 148762, "ward_count": 26, "ward_codes": ["E05008658", "E05011381", "E05011378", "E05015021", "E05011362", "E05011363", "E05011375", "E05011380", "E05011364", "E05011354", "E05015027", "E05015026", "E05011377", "E05011372", "E05011369", "E05011351", "E05011368", "E05011370", "E05011376", "E05011361", "E05011350", "E05013019", "E05013028", "E05011356", "E05011365", "E05011371"], "compliant": true}, "geometry": {"type": "MultiPoint", "coordinates": [[-2.25848, 53.3245], [-2.27568, 53.3675], [-2.25556, 53.3849], [-2.22418, 53.3913], [-2.2255, 53.4139], [-2.2459, 53.4211], [-2.23359, 53.4348], [-2.219, 53.4328], [-2.22986, 53.446], [-2.20502, 53.4316], [-2.19183, 53.4134], [-2.18811, 53.4262], [-2.212, 53.4515], [-2.23706, 53.4543], [-2.18763, 53.4454], [-2.21212, 53.4665], [-2.24547, 53.4668], [-2.18786, 53.4567], [-2.23047, 53.4787], [-2.24928, 53.4768], [-2.20946, 53.4807], [-2.25555, 53.4862], [-2.27285, 53.4767], [-2.24075, 53.4998], [-2.16571, 53.4618], [-2.18862, 53.496]]}}, {"type": "Feature", "properties": {"id": "West Midlands_C010", "name": "West Midlands Constituency 10", "region": "West Midlands", "electorate": 275061, "ward_count": 47, "ward_codes": ["E05010938", "E05010940", "E05010946", "E05010939", "E05015340", "E05015294", "E05015336", "E05015311", "E05010947", "E05015337", "E05010942", "E05015338", "E05015282", "E05015320", "E05015286", "E05015315", "E05015293", "E05015334", "E05015305", "E05015326", "E05015287", "E05015284", "E05015316", "E05015335", "E05000946", "E05015277", "E05015278", "E05015281", "E05015300", "E05015304", "E05015306", "E05015307", "E05015312", "E05015313", "E05015314", "E05015318", "E05015321", "E05015323", "E05015324", "E05015339", "E05010935", "E05010936", "E05010937", "E05010943", "E05010944", "E05010945", "E05010949"], "compliant": false}, "geometry": {"type": "MultiPoint", "coordinates": [[-2.85121, 53.4797], [-2.83087, 53.4421], [-2.85977, 53.4325], [-2.85765, 53.4216], [-2.87753, 53.4317], [-2.88255, 53.4481], [-2.89141, 53.4319], [-2.87432, 53.4157], [-2.87357, 53.412], [-2.8903, 53.4244], [-2.86021, 53.4054], [-2.90355, 53.4409], [-2.90256, 53.4133], [-2.90782, 53.4244], [-2.88744, 53.3977], [-2.91084, 53.4164], [-2.90043, 53.4541], [-2.90584, 53.4021], [-2.87177, 53.3893], [-2.92447, 53.4225], [-2.90911, 53.3932], [-2.89607, 53.3837], [-2.92175, 53.4118], [-2.92321, 53.3977], [-2.9221, 53.4959], [-2.92954, 53.3672], [-2.90042, 53.3756], [-2.84974, 53.3903], [-2.91127, 53.4649], [-2.88843, 53.3504], [-2.91171, 53.3615], [-2.92904, 53.3828], [-2.91917, 53.3709], [-2.86703, 53.3672], [-2.92095, 53.4444], [-2.91526, 53.3842], [-2.94328, 53.3813], [-2.84918, 53.3403], [-2.88565, 53.3649], [-2.87703, 53.3793], [-2.89901, 53.4729], [-2.81838, 53.3834], [-2.81797, 53.3595], [-2.88438, 53.4966], [-2.82405, 53.4055], [-2.83145, 53.4206], [-2.89865, 53.4829]]}}, {"type": "Feature", "properties": {"id": "West Midlands_C011", "name": "West Midlands Constituency 11", "region": "West Midlands", "electorate": 144194, "ward_count": 24, "ward_codes": ["E05010483", "E05010496", "E05010489", "E05010490", "E05010481", "E05010482", "E05010485", "E05010492", "E05010495", "E05010491", "E05010501", "E05010480", "E05015067", "E05010493", "E05010494", "E05010498", "E05015068", "E05010500", "E05010497", "E05015063", "E05010488", "E05015749", "E05015745", "E05015743"], "compliant": true}, "geometry": {"type": "MultiPoint", "coordinates": [[-2.14227, 52.8124], [-2.14155, 52.7985], [-2.13736, 52.7922], [-2.13661, 52.8223], [-2.11911, 52.8233], [-2.1088, 52.8156], [-2.10369, 52.8024], [-2.11931, 52.7854], [-2.1068, 52.7832], [-2.0946, 52.8093], [-2.08331, 52.7864], [-2.08386, 52.7962], [-2.09571, 52.7439], [-2.04884, 52.7672], [-2.05575, 52.8571], [-2.19634, 52.7859], [-2.10717, 52.6997], [-2.14668, 52.8907], [-2.13351, 52.9013], [-2.07198, 52.6904], [-1.98829, 52.7982], [-2.01569, 52.7168], [-2.03115, 52.6954], [-2.01805, 52.7062]]}}, {"type": "Feature", "properties": {"id": "West Midlands_C012", "name": "West Midlands Constituency 12", "region": "West Midlands", "electorate": 192373, "ward_count": 33, "ward_codes": ["E05007464", "E05007469", "E05007074", "E05007075", "E05007067", "E05007068", "E05007070", "E05007073", "E05007066", "E05007069", "E05007072", "E05007071", "E05010661", "E05007472", "E05007468", "E05007465", "E05007471", "E05010667", "E05007470", "E05007461", "E05010672", "E05010655", "E05007473", "E05007462", "E05005494", "E05015827", "E05015831", "E05015835", "E05015843", "E05007457", "E05007458", "E05007459", "E05007460"], "compliant": false}, "geometry": {"type": "MultiPoint", "coordinates": [[-1.70907, 52.5536], [-1.68993, 52.5784], [-1.69145, 52.5966], [-1.66154, 52.6032], [-1.67668, 52.6175], [-1.67611, 52.6318], [-1.66018, 52.6244], [-1.64954, 52.6136], [-1.65679, 52.6337], [-1.70443, 52.6298], [-1.65056, 52.6461], [-1.71421, 52.6431], [-1.73108, 52.6211], [-1.6265, 52.6189], [-1.64609, 52.5643], [-1.62021, 52.5965], [-1.60515, 52.6187], [-1.6465, 52.6917], [-1.59372, 52.6537], [-1.58985, 52.5702], [-1.7436, 52.6639], [-1.76708, 52.6231], [-1.73907, 52.5156], [-1.71701, 52.5062], [-1.51183, 52.6205], [-1.50652, 52.5039], [-1.50441, 52.5313], [-1.53151, 52.5272], [-1.52103, 52.5204], [-1.60172, 52.5232], [-1.54706, 52.5728], [-1.54339, 52.5824], [-1.53582, 52.56]]}}, {"type": "Feature", "properties": {"id": "West Midlands_C013", "name": "West Midlands Constituency 13", "region": "West Midlands", "electorate": 147773, "ward_count": 25, "ward_codes": ["E05011430", "E05011418", "E05011420", "E05011416", "E05011423", "E05011419", "E05011435", "E05011427", "E05011432", "E05011431", "E05011429", "E05011434", "E05014557", "E05014564", "E05011417", "E05014588", "E05014585", "E05014567", "E05011433", "E05014575", "E05014587", "E05014578", "E05014565", "E05014561", "E05014562"], "compliant": true}, "geometry": {"type": "MultiPoint", "coordinates": [[-2.26045, 53.0735], [-2.25792, 53.0513], [-2.25652, 53.035], [-2.23365, 53.0491], [-2.25035, 53.0196], [-2.23569, 53.0234], [-2.22265, 53.0316], [-2.2152, 53.0227], [-2.22409, 53.0098], [-2.24768, 53.0044], [-2.26962, 53.0165], [-2.23394, 52.9964], [-2.20519, 53.013], [-2.20542, 53.044], [-2.21855, 52.9956], [-2.21549, 53.0593], [-2.20364, 53.0003], [-2.18858, 53.0254], [-2.22486, 52.983], [-2.19096, 53.0066], [-2.19911, 52.9889], [-2.19772, 53.0595], [-2.18948, 53.0522], [-2.1876, 52.9952], [-2.18213, 53.0647]]}}, {"type": "Feature", "properties": {"id": "West Midlands_C014", "name": "West Midlands Constituency 14", "region": "West Midlands", "electorate": 150035, "ward_count": 24, "ward_codes": ["E05015055", "E05015065", "E05015057", "E05015054", "E05014854", "E05015069", "E05015070", "E05015071", "E05014855", "E05014850", "E05014851", "E05014849", "E05014847", "E05014853", "E05014852", "E05014841", "E05014842", "E05014840", "E05015072", "E05014848", "E05014846", "E05014844", "E05014843", "E05015059"], "compliant": true}, "geometry": {"type": "MultiPoint", "coordinates": [[-2.21918, 52.687], [-2.21312, 52.7134], [-2.21717, 52.6264], [-2.14901, 52.6315], [-2.17186, 52.6037], [-2.19564, 52.5908], [-2.20612, 52.5946], [-2.22416, 52.5948], [-2.18572, 52.5871], [-2.1425, 52.6148], [-2.15164, 52.5917], [-2.16941, 52.5697], [-2.14788, 52.5763], [-2.13175, 52.5916], [-2.1536, 52.5617], [-2.11875, 52.627], [-2.11511, 52.607], [-2.12835, 52.5692], [-2.17079, 52.5433], [-2.10277, 52.597], [-2.09582, 52.6133], [-2.10393, 52.5702], [-2.09089, 52.5826], [-2.07596, 52.6572]]}}, {"type": "Feature", "properties": {"id": "West Midlands_C015", "name": "West Midlands Constituency 15", "region": "West Midlands", "electorate": 146206, "ward_count": 25, "ward_codes": ["E05008169", "E05011424", "E05008170", "E05008151", "E05015214", "E05015227", "E05015229", "E05015226", "E05015228", "E05015211", "E05010487", "E05010484", "E05008188", "E05015216", "E05015208", "E05015233", "E05015218", "E05015207", "E05008162", "E05015237", "E05008189", "E05008179", "E05011426", "E05008612", "E05008661"], "compliant": true}, "geometry": {"type": "MultiPoint", "coordinates": [[-2.43086, 52.966], [-2.39697, 52.923], [-2.49997, 52.902], [-2.46446, 52.8569], [-2.44243, 52.789], [-2.38066, 52.776], [-2.38151, 52.7667], [-2.36851, 52.7723], [-2.3698, 52.7631], [-2.39025, 52.7461], [-2.30613, 52.7901], [-2.27297, 52.8722], [-2.35833, 52.6995], [-2.57015, 52.7616], [-2.51003, 52.7172], [-2.52918, 52.7149], [-2.52391, 52.7043], [-2.54369, 52.7224], [-2.57759, 52.8386], [-2.5788, 52.7096], [-2.33109, 52.6591], [-2.55916, 52.9202], [-2.3287, 52.9586], [-2.53132, 53.0002], [-2.43442, 53.021]]}}, {"type": "Feature", "properties": {"id": "West Midlands_C016", "name": "West Midlands Constituency 16", "region": "West Midlands", "electorate": 148595, "ward_count": 24, "ward_codes": ["E05014997", "E05015004", "E05014126", "E05014990", "E05014127", "E05011027", "E05014124", "E05011045", "E05011040", "E05011028", "E05011038", "E05011025", "E05011033", "E05011030", "E05011035", "E05011042", "E05011041", "E05011044", "E05011034", "E05011024", "E05011039", "E05013175", "E05011031", "E05013186"], "compliant": true}, "geometry": {"type": "MultiPoint", "coordinates": [[-2.59007, 53.4813], [-2.56431, 53.4747], [-2.60936, 53.451], [-2.63452, 53.4868], [-2.64998, 53.4555], [-2.61374, 53.43], [-2.65201, 53.4728], [-2.62728, 53.4109], [-2.57705, 53.4136], [-2.63111, 53.4014], [-2.58543, 53.4058], [-2.60234, 53.3939], [-2.63059, 53.3878], [-2.57609, 53.3935], [-2.5847, 53.3802], [-2.5595, 53.3987], [-2.55052, 53.4126], [-2.58628, 53.3693], [-2.55611, 53.3858], [-2.58551, 53.3458], [-2.67043, 53.3759], [-2.64314, 53.3443], [-2.53762, 53.3564], [-2.65468, 53.3165]]}}, {"type": "Feature", "properties": {"id": "West Midlands_C017", "name": "West Midlands Constituency 17", "region": "West Midlands", "electorate": 140382, "ward_count": 23, "ward_codes": ["E05008660", "E05008195", "E05008196", "E05012224", "E05008194", "E05012241", "E05012214", "E05012239", "E05012240", "E05008616", "E05008642", "E05008643", "E05012251", "E05012250", "E05008659", "E05012248", "E05008633", "E05008654", "E05008623", "E05008625", "E05012252", "E05008622", "E05008620"], "compliant": true}, "geometry": {"type": "MultiPoint", "coordinates": [[-2.63821, 53.0519], [-2.70289, 52.9713], [-2.65892, 52.9499], [-2.74577, 53.026], [-2.73101, 52.8777], [-2.76689, 53.1173], [-2.8421, 53.0922], [-2.62994, 53.1755], [-2.71506, 53.197], [-2.56163, 53.1183], [-2.51404, 53.073], [-2.49886, 53.0521], [-2.52786, 53.1693], [-2.5699, 53.2057], [-2.48708, 53.0885], [-2.52604, 53.1871], [-2.478, 53.1166], [-2.4705, 53.0707], [-2.46816, 53.1073], [-2.46194, 53.0945], [-2.49907, 53.2008], [-2.45224, 53.1127], [-2.45201, 53.1001]]}}, {"type": "Feature", "properties": {"id": "West Midlands_C018", "name": "West Midlands Constituency 18", "region": "West Midlands", "electorate": 120292, "ward_count": 20, "ward_codes": ["E05000965", "E05000967", "E05000972", "E05000974", "E05000955", "E05000959", "E05000968", "E05000956", "E05000970", "E05000971", "E05000954", "E05000973", "E05000964", "E05000969", "E05000966", "E05000961", "E05000962", "E05000975", "E05000963", "E05012232"], "compliant": false}, "geometry": {"type": "MultiPoint", "coordinates": [[-3.03937, 53.4198], [-3.04502, 53.4335], [-3.03551, 53.4103], [-3.07047, 53.427], [-3.05609, 53.4012], [-3.06994, 53.3867], [-3.04838, 53.3797], [-3.02213, 53.3868], [-3.04926, 53.3697], [-3.0132, 53.374], [-3.02587, 53.3521], [-3.09186, 53.3831], [-3.09611, 53.4099], [-3.09621, 53.3551], [-3.12428, 53.4002], [-3.12413, 53.368], [-3.10693, 53.3264], [-3.15534, 53.3642], [-3.16098, 53.3902], [-3.08797, 53.291]]}}, {"type": "Feature", "properties": {"id": "West Midlands_C019", "name": "West Midlands Constituency 19", "region": "West Midlands", "electorate": 224714, "ward_count": 40, "ward_codes": ["E05015291", "E05015290", "E05015329", "E05015328", "E05015279", "E05015308", "E05015297", "E05015298", "E05015292", "E05015331", "E05015309", "E05015299", "E05015283", "E05015296", "E05015285", "E05015310", "E05015330", "E05015289", "E05015288", "E05015319", "E05015327", "E05015280", "E05015295", "E05015322", "E05015333", "E05000934", "E05000936", "E05000937", "E05000939", "E05000942", "E05000943", "E05000947", "E05000951", "E05000953", "E05015301", "E05015302", "E05015303", "E05015317", "E05015325", "E05015332"], "compliant": false}, "geometry": {"type": "MultiPoint", "coordinates": [[-2.94477, 53.4423], [-2.9318, 53.439], [-2.92905, 53.4304], [-2.94408, 53.4269], [-2.9548, 53.4337], [-2.94294, 53.4156], [-2.95633, 53.4202], [-2.96391, 53.4258], [-2.96495, 53.4431], [-2.95507, 53.4557], [-2.9742, 53.4364], [-2.97228, 53.4179], [-2.97058, 53.4075], [-2.9476, 53.403], [-2.96423, 53.4015], [-2.98406, 53.4348], [-2.98243, 53.4209], [-2.97966, 53.3996], [-2.98871, 53.4069], [-2.95553, 53.3936], [-2.96444, 53.3912], [-2.94225, 53.3936], [-2.96899, 53.3839], [-2.93288, 53.3979], [-2.99068, 53.3986], [-3.04438, 53.4915], [-3.02539, 53.4711], [-2.98197, 53.4522], [-2.99741, 53.4777], [-3.01085, 53.4532], [-2.99235, 53.4652], [-2.96991, 53.4757], [-2.9716, 53.4905], [-3.02426, 53.486], [-2.94568, 53.4696], [-2.93727, 53.46], [-2.96137, 53.376], [-2.96641, 53.4638], [-2.9475, 53.376], [-2.99749, 53.4267]]}}, {"type": "Feature", "properties": {"id": "West Midlands_C020", "name": "West Midlands Constituency 20", "region": "West Midlands", "electorate": 187801, "ward_count": 32, "ward_codes": ["E05001313", "E05011159", "E05001318", "E05011150", "E05011160", "E05011161", "E05011179", "E05011173", "E05011121", "E05011125", "E05011153", "E05011142", "E05011143", "E05011139", "E05011135", "E05011147", "E05011174", "E05011178", "E05011181", "E05001301", "E05011162", "E05011175", "E05010665", "E05011177", "E05011176", "E05001286", "E05001300", "E05011132", "E05011180", "E05010653", "E05010669", "E05001283"], "compliant": false}, "geometry": {"type": "MultiPoint", "coordinates": [[-1.92086, 52.5649], [-1.90028, 52.5447], [-1.8929, 52.5734], [-1.88006, 52.546], [-1.9037, 52.5265], [-1.86107, 52.5385], [-1.86125, 52.5635], [-1.86189, 52.5218], [-1.88574, 52.5097], [-1.91383, 52.5094], [-1.90866, 52.5021], [-1.92968, 52.508], [-1.93811, 52.5216], [-1.84863, 52.5127], [-1.83083, 52.5294], [-1.95096, 52.5083], [-1.85123, 52.5865], [-1.83164, 52.562], [-1.82006, 52.544], [-1.91897, 52.5994], [-1.81318, 52.5201], [-1.83136, 52.5973], [-1.87421, 52.6079], [-1.7978, 52.5829], [-1.79414, 52.5642], [-1.77687, 52.507], [-1.74633, 52.502], [-1.78611, 52.5185], [-1.77198, 52.539], [-1.8067, 52.6799], [-1.85324, 52.6335], [-1.98415, 52.5204]]}}, {"type": "Feature", "properties": {"id": "West Midlands_C021", "name": "West Midlands Constituency 21", "region": "West Midlands", "electorate": 210426, "ward_count": 35, "ward_codes": ["E05008190", "E05008140", "E05008173", "E05008193", "E05008150", "E05008136", "E05008160", "E05008191", "E05008139", "E05008180", "E05008142", "E05008178", "E05008171", "E05008157", "E05008141", "E05008181", "E05008144", "E05008164", "E05008149", "E05008187", "E05008186", "E05009285", "E05008172", "E05008192", "E05009281", "E05009282", "E05009283", "E05009284", "E05009286", "E05009287", "E05008152", "E05008159", "E05008163", "E05008165", "E05008183"], "compliant": false}, "geometry": {"type": "MultiPoint", "coordinates": [[-2.72187, 52.7285], [-2.7166, 52.7386], [-2.71643, 52.7152], [-2.73306, 52.7156], [-2.74031, 52.7195], [-2.72734, 52.7066], [-2.73231, 52.7441], [-2.80062, 52.7436], [-2.75549, 52.7361], [-2.77205, 52.7195], [-2.75032, 52.6995], [-2.76553, 52.7056], [-2.769, 52.6893], [-2.78256, 52.7106], [-2.7502, 52.6802], [-2.78629, 52.6991], [-2.8018, 52.7081], [-2.84234, 52.6766], [-2.77038, 52.5985], [-2.6686, 52.8075], [-2.62244, 52.6363], [-2.88945, 52.8206], [-2.91795, 52.6356], [-2.86305, 52.8937], [-3.08046, 52.8913], [-3.03955, 52.8577], [-3.06449, 52.8549], [-3.06342, 52.8627], [-3.07167, 52.8254], [-2.9731, 52.869], [-3.00791, 52.597], [-2.89514, 52.9124], [-3.01414, 52.7826], [-2.93865, 52.7094], [-2.95121, 52.9372]]}}, {"type": "Feature", "properties": {"id": "West Midlands_C022", "name": "West Midlands Constituency 22", "region": "West Midlands", "electorate": 143797, "ward_count": 25, "ward_codes": ["E05012219", "E05012230", "E05012229", "E05012231", "E05012213", "E05012233", "E05012225", "E05012249", "E05012236", "E05008640", "E05008631", "E05012243", "E05011037", "E05011036", "E05008632", "E05011043", "E05015241", "E05011026", "E05008626", "E05008641", "E05008617", "E05015244", "E05013022", "E05015246", "E05011029"], "compliant": true}, "geometry": {"type": "MultiPoint", "coordinates": [[-2.54711, 53.2459], [-2.54508, 53.2594], [-2.50613, 53.2463], [-2.49518, 53.2625], [-2.49925, 53.2266], [-2.48071, 53.2529], [-2.59561, 53.302], [-2.47995, 53.177], [-2.41115, 53.2445], [-2.43607, 53.1858], [-2.44949, 53.3242], [-2.62576, 53.2542], [-2.47577, 53.3694], [-2.52596, 53.3795], [-2.3655, 53.3034], [-2.49507, 53.4107], [-2.39865, 53.3891], [-2.52208, 53.4237], [-2.35603, 53.2213], [-2.32892, 53.3263], [-2.33616, 53.2751], [-2.39024, 53.4253], [-2.44953, 53.4435], [-2.38679, 53.4426], [-2.52754, 53.4535]]}}, {"type": "Feature", "properties": {"id": "West Midlands_C023", "name": "West Midlands Constituency 23", "region": "West Midlands", "electorate": 143700, "ward_count": 22, "ward_codes": ["E05015507", "E05015519", "E05015518", "E05015512", "E05015520", "E05008820", "E05014691", "E05014594", "E05014603", "E05008813", "E05008812", "E05014589", "E05014590", "E05014608", "E05014597", "E05014606", "E05014599", "E05014592", "E05014605", "E05014604", "E05014598", "E05014609"], "compliant": true}, "geometry": {"type": "MultiPoint", "coordinates": [[-1.50217, 52.9146], [-1.51551, 52.9267], [-1.52348, 52.901], [-1.50557, 52.8931], [-1.53565, 52.9122], [-1.5107, 52.8662], [-1.54524, 53.0026], [-1.64196, 52.9525], [-1.62037, 53.0267], [-1.6803, 52.888], [-1.6832, 52.8688], [-1.70289, 53.0183], [-1.70614, 52.9937], [-1.59034, 53.0844], [-1.54956, 53.1051], [-1.76579, 52.9496], [-1.71336, 53.0831], [-1.62597, 53.1323], [-1.57969, 53.1375], [-1.52764, 53.1381], [-1.5768, 53.1688], [-1.69426, 53.1729]]}}, {"type": "Feature", "properties": {"id": "West Midlands_C024", "name": "West Midlands Constituency 24", "region": "West Midlands", "electorate": 52236, "ward_count": 10, "ward_codes": ["E05013030", "E05013021", "E05013023", "E05013024", "E05013018", "E05013025", "E05015245", "E05013020", "E05014992", "E05015002"], "compliant": false}, "geometry": {"type": "MultiPoint", "coordinates": [[-2.28323, 53.4903], [-2.25844, 53.4985], [-2.31045, 53.4964], [-2.34196, 53.4899], [-2.35803, 53.4819], [-2.40504, 53.4657], [-2.37695, 53.4586], [-2.40401, 53.495], [-2.46329, 53.4877], [-2.5099, 53.4836]]}}, {"type": "Feature", "properties": {"id": "West Midlands_C025", "name": "West Midlands Constituency 25", "region": "West Midlands", "electorate": 173200, "ward_count": 29, "ward_codes": ["E05015751", "E05015746", "E05015750", "E05015748", "E05010657", "E05015747", "E05015752", "E05010658", "E05010654", "E05010671", "E05001308", "E05015742", "E05015061", "E05001312", "E05015060", "E05015744", "E05015056", "E05001302", "E05001315", "E05010663", "E05010662", "E05015753", "E05010666", "E05015058", "E05010656", "E05010660", "E05010664", "E05010668", "E05010670"], "compliant": false}, "geometry": {"type": "MultiPoint", "coordinates": [[-1.98477, 52.723], [-1.98235, 52.7451], [-1.95898, 52.708], [-1.96978, 52.6943], [-1.94405, 52.689], [-2.00911, 52.6911], [-1.98866, 52.666], [-1.94384, 52.669], [-1.92608, 52.687], [-1.9153, 52.677], [-1.93962, 52.6499], [-1.92938, 52.7432], [-2.01244, 52.6646], [-1.96944, 52.6285], [-2.0142, 52.6529], [-2.03398, 52.6811], [-2.03905, 52.6617], [-1.93064, 52.6305], [-1.94833, 52.6118], [-1.88515, 52.6848], [-1.8871, 52.6628], [-1.92731, 52.7593], [-1.87374, 52.7134], [-2.05586, 52.6331], [-1.83839, 52.6944], [-1.82518, 52.6957], [-1.84595, 52.6815], [-1.82919, 52.6701], [-1.81667, 52.6895]]}}, {"type": "Feature", "properties": {"id": "West Midlands_C026", "name": "West Midlands Constituency 26", "region": "West Midlands", "electorate": 148605, "ward_count": 25, "ward_codes": ["E05014568", "E05014586", "E05014579", "E05014566", "E05014577", "E05014580", "E05014558", "E05014583", "E05014560", "E05014581", "E05014576", "E05014569", "E05014563", "E05010479", "E05014582", "E05014555", "E05007065", "E05014574", "E05014559", "E05014573", "E05007048", "E05014584", "E05014570", "E05014556", "E05010499"], "compliant": true}, "geometry": {"type": "MultiPoint", "coordinates": [[-2.14805, 52.9992], [-2.13134, 52.9968], [-2.12859, 52.9855], [-2.13588, 52.9785], [-2.12115, 52.9761], [-2.10772, 52.9953], [-2.12742, 53.0171], [-2.11149, 52.9688], [-2.1539, 52.9771], [-2.0966, 52.9814], [-2.16472, 52.9835], [-2.16279, 53.0024], [-2.14929, 53.0216], [-2.1418, 52.9532], [-2.0929, 52.9697], [-2.13633, 53.0346], [-2.11132, 53.0292], [-2.17477, 53.0112], [-2.16269, 53.0334], [-2.18114, 52.9685], [-2.07927, 53.0279], [-2.17731, 53.0415], [-2.16789, 53.0509], [-2.1505, 53.0617], [-2.12925, 52.9333]]}}, {"type": "Feature", "properties": {"id": "West Midlands_C027", "name": "West Midlands Constituency 27", "region": "West Midlands", "electorate": 145242, "ward_count": 26, "ward_codes": ["E05015028", "E05015018", "E05015034", "E05015033", "E05014525", "E05015016", "E05014524", "E05014523", "E05014522", "E05014526", "E05014535", "E05014527", "E05014528", "E05015017", "E05014531", "E05014532", "E05014520", "E05014530", "E05014529", "E05015024", "E05011359", "E05014536", "E05015029", "E05015030", "E05014533", "E05014537"], "compliant": true}, "geometry": {"type": "MultiPoint", "coordinates": [[-2.13835, 53.4044], [-2.14638, 53.4174], [-2.15917, 53.4248], [-2.15909, 53.4452], [-2.13658, 53.4514], [-2.10453, 53.4265], [-2.10651, 53.4421], [-2.11256, 53.4576], [-2.1346, 53.4729], [-2.13209, 53.4859], [-2.10755, 53.4827], [-2.15663, 53.4869], [-2.09111, 53.4755], [-2.09269, 53.4129], [-2.07969, 53.4607], [-2.08032, 53.441], [-2.08018, 53.4912], [-2.06267, 53.4504], [-2.06049, 53.4751], [-2.11313, 53.3814], [-2.17481, 53.4802], [-2.05274, 53.4958], [-2.04541, 53.4048], [-2.06422, 53.3767], [-2.01882, 53.4535], [-2.00734, 53.4858]]}}, {"type": "Feature", "properties": {"id": "West Midlands_C028", "name": "West Midlands Constituency 28", "region": "West Midlands", "electorate": 98029, "ward_count": 17, "ward_codes": ["E05015914", "E05015062", "E05015073", "E05015910", "E05015921", "E05015922", "E05015924", "E05014845", "E05015907", "E05015908", "E05015923", "E05001279", "E05014839", "E05014838", "E05001280", "E05015066", "E05008137"], "compliant": false}, "geometry": {"type": "MultiPoint", "coordinates": [[-2.17351, 52.5041], [-2.16653, 52.5214], [-2.19787, 52.5272], [-2.13413, 52.5212], [-2.12138, 52.5443], [-2.10011, 52.51], [-2.10247, 52.5321], [-2.10527, 52.5557], [-2.09371, 52.5205], [-2.08889, 52.5435], [-2.07686, 52.5043], [-2.06334, 52.5244], [-2.06975, 52.5619], [-2.07877, 52.5719], [-2.04719, 52.5032], [-2.24998, 52.5582], [-2.28455, 52.6284]]}}, {"type": "Feature", "properties": {"id": "West Midlands_C029", "name": "West Midlands Constituency 29", "region": "West Midlands", "electorate": 139765, "ward_count": 23, "ward_codes": ["E05010486", "E05007056", "E05007047", "E05007051", "E05007052", "E05007049", "E05007050", "E05007053", "E05007054", "E05007059", "E05007062", "E05007060", "E05007063", "E05007061", "E05007040", "E05007058", "E05007046", "E05007042", "E05007044", "E05007055", "E05007041", "E05007043", "E05014572"], "compliant": true}, "geometry": {"type": "MultiPoint", "coordinates": [[-2.08021, 52.948], [-2.05405, 52.9693], [-2.0656, 53.0], [-2.01663, 53.0042], [-1.97696, 52.9491], [-1.96656, 53.0009], [-1.9657, 52.9765], [-2.0409, 53.0519], [-1.92651, 53.0229], [-1.95926, 53.0623], [-2.03918, 53.0908], [-2.00915, 53.0972], [-2.04524, 53.1051], [-2.02393, 53.1149], [-2.10824, 53.0575], [-2.08928, 53.1205], [-2.13184, 53.0835], [-2.14333, 53.1167], [-2.15259, 53.1008], [-2.00532, 53.1684], [-2.16898, 53.1133], [-2.15948, 53.1348], [-2.19158, 53.081]]}}, {"type": "Feature", "properties": {"id": "West Midlands_C030", "name": "West Midlands Constituency 30", "region": "West Midlands", "electorate": 43715, "ward_count": 7, "ward_codes": ["E05010637", "E05010631", "E05010645", "E05010642", "E05010634", "E05010633", "E05010632"], "compliant": false}, "geometry": {"type": "MultiPoint", "coordinates": [[-1.95324, 53.4409], [-1.95577, 53.4523], [-1.96509, 53.4371], [-1.9553, 53.4613], [-1.97628, 53.452], [-1.97759, 53.4636], [-1.98929, 53.4488]]}}, {"type": "Feature", "properties": {"id": "West Midlands_C031", "name": "West Midlands Constituency 31", "region": "West Midlands", "electorate": 151817, "ward_count": 26, "ward_codes": ["E05014479", "E05014600", "E05014487", "E05014481", "E05010659", "E05014475", "E05014485", "E05007039", "E05010652", "E05010651", "E05007057", "E05007064", "E05014601", "E05014591", "E05014595", "E05014596", "E05014602", "E05012042", "E05012041", "E05010865", "E05010869", "E05012048", "E05010867", "E05010863", "E05010872", "E05010882"], "compliant": true}, "geometry": {"type": "MultiPoint", "coordinates": [[-1.78539, 52.8483], [-1.76921, 52.9082], [-1.86362, 52.8949], [-1.8781, 52.9049], [-1.88306, 52.7765], [-1.93264, 52.8876], [-1.84569, 52.9837], [-1.90189, 52.9874], [-1.8434, 52.7356], [-1.7659, 52.7232], [-1.84379, 53.0802], [-1.88899, 53.1226], [-1.81302, 53.2062], [-1.71395, 53.2109], [-1.69376, 53.258], [-1.58809, 53.2256], [-1.66002, 53.3173], [-1.50565, 53.2304], [-1.52708, 53.2854], [-1.57086, 53.3288], [-1.59254, 53.3655], [-1.50103, 53.3099], [-1.51596, 53.3494], [-1.52276, 53.3824], [-1.50742, 53.4079], [-1.50109, 53.3922]]}}, {"type": "Feature", "properties": {"id": "West Midlands_C032", "name": "West Midlands Constituency 32", "region": "West Midlands", "electorate": 115519, "ward_count": 20, "ward_codes": ["E05008621", "E05008624", "E05008652", "E05008630", "E05008649", "E05008648", "E05008651", "E05008650", "E05008614", "E05008611", "E05011415", "E05011425", "E05008644", "E05011421", "E05011422", "E05014571", "E05011428", "E05008619", "E05007045", "E05008618"], "compliant": false}, "geometry": {"type": "MultiPoint", "coordinates": [[-2.43037, 53.1033], [-2.445, 53.0852], [-2.43998, 53.0674], [-2.37535, 53.0872], [-2.38328, 53.1307], [-2.38937, 53.1498], [-2.36555, 53.1498], [-2.34833, 53.145], [-2.35011, 53.1638], [-2.31099, 53.0978], [-2.30323, 53.0541], [-2.34386, 53.0025], [-2.24815, 53.1271], [-2.28425, 53.0063], [-2.23589, 53.0874], [-2.22186, 53.0736], [-2.20954, 53.1007], [-2.2275, 53.1665], [-2.19057, 53.114], [-2.17848, 53.166]]}}, {"type": "Feature", "properties": {"id": "West Midlands_C033", "name": "West Midlands Constituency 33", "region": "West Midlands", "electorate": 7602, "ward_count": 1, "ward_codes": ["E05008174"], "compliant": false}, "geometry": {"type": "MultiPoint", "coordinates": [[-2.5873, 52.5664]]}}, {"type": "Feature", "properties": {"id": "East Midlands_C001", "name": "East Midlands Constituency 1", "region": "East Midlands", "electorate": 199163, "ward_count": 35, "ward_codes": ["E05010080", "E05014639", "E05014630", "E05014622", "E05014620", "E05014640", "E05014635", "E05014629", "E05014617", "E05014615", "E05014625", "E05014611", "E05014613", "E05014636", "E05014619", "E05014621", "E05014627", "E05014618", "E05014645", "E05014614", "E05014623", "E05014644", "E05014631", "E05014610", "E05010066", "E05010073", "E05010075", "E05010079", "E05006400", "E05009701", "E05014624", "E05014626", "E05014628", "E05014643", "E05010679"], "compliant": false}, "geometry": {"type": "MultiPoint", "coordinates": [[-1.13052, 53.1037], [-1.1436, 53.1283], [-1.14385, 53.1427], [-1.15539, 53.1457], [-1.15472, 53.1518], [-1.16633, 53.1321], [-1.1718, 53.1392], [-1.13475, 53.1572], [-1.15853, 53.161], [-1.17509, 53.1455], [-1.17586, 53.1575], [-1.17751, 53.1259], [-1.18283, 53.1503], [-1.18582, 53.1402], [-1.18501, 53.1338], [-1.16019, 53.1222], [-1.18388, 53.1587], [-1.16374, 53.1707], [-1.19324, 53.1611], [-1.19974, 53.1423], [-1.18499, 53.1727], [-1.20404, 53.1515], [-1.2012, 53.1319], [-1.21076, 53.1441], [-1.03309, 53.1351], [-1.08839, 53.1841], [-1.05211, 53.1007], [-1.0212, 53.1577], [-1.14185, 53.2887], [-1.17607, 53.0696], [-1.1662, 53.1895], [-1.13657, 53.2], [-1.1275, 53.2162], [-1.18, 53.2132], [-1.19079, 53.0394]]}}, {"type": "Feature", "properties": {"id": "East Midlands_C002", "name": "East Midlands Constituency 2", "region": "East Midlands", "electorate": 213988, "ward_count": 37, "ward_codes": ["E05010785", "E05010790", "E05014436", "E05014434", "E05010792", "E05010794", "E05010786", "E05014435", "E05010787", "E05014428", "E05010793", "E05010788", "E05010791", "E05010784", "E05010789", "E05014447", "E05009647", "E05009648", "E05014432", "E05014441", "E05014448", "E05009649", "E05009652", "E05014429", "E05014426", "E05009636", "E05009638", "E05009639", "E05009643", "E05009644", "E05009645", "E05009646", "E05009651", "E05009653", "E05009654", "E05015091", "E05014438"], "compliant": false}, "geometry": {"type": "MultiPoint", "coordinates": [[-0.60627, 53.2166], [-0.58796, 53.2118], [-0.60471, 53.1938], [-0.58362, 53.186], [-0.56885, 53.2039], [-0.56295, 53.1943], [-0.56606, 53.2211], [-0.60036, 53.1719], [-0.56458, 53.2404], [-0.53645, 53.1964], [-0.53955, 53.215], [-0.54628, 53.2474], [-0.52659, 53.2486], [-0.51183, 53.2351], [-0.50964, 53.246], [-0.54072, 53.1547], [-0.50031, 53.2704], [-0.62278, 53.2703], [-0.46922, 53.2116], [-0.66219, 53.2129], [-0.66968, 53.1638], [-0.59195, 53.3331], [-0.44424, 53.2793], [-0.39679, 53.1956], [-0.66022, 53.1179], [-0.3306, 53.2646], [-0.39872, 53.2665], [-0.42611, 53.3372], [-0.64152, 53.4125], [-0.40898, 53.4907], [-0.70879, 53.3643], [-0.34184, 53.3942], [-0.66405, 53.3296], [-0.7339, 53.2946], [-0.49795, 53.411], [-0.55355, 53.4986], [-0.37383, 53.1564]]}}, {"type": "Feature", "properties": {"id": "East Midlands_C003", "name": "East Midlands Constituency 3", "region": "East Midlands", "electorate": 147369, "ward_count": 23, "ward_codes": ["E05011971", "E05011970", "E05005535", "E05005534", "E05005531", "E05005539", "E05005532", "E05005533", "E05010464", "E05005540", "E05010474", "E05010472", "E05010468", "E05010473", "E05005537", "E05005538", "E05010469", "E05010467", "E05010478", "E05010463", "E05010475", "E05010471", "E05011981"], "compliant": true}, "geometry": {"type": "MultiPoint", "coordinates": [[-0.97476, 52.5441], [-1.00427, 52.579], [-1.05807, 52.5941], [-1.06661, 52.6015], [-1.07266, 52.5875], [-1.08558, 52.5729], [-1.07979, 52.6085], [-1.09085, 52.5999], [-1.07316, 52.6259], [-1.10046, 52.5914], [-1.06305, 52.6381], [-1.09717, 52.6287], [-1.11307, 52.6068], [-1.10761, 52.6235], [-1.11097, 52.5761], [-1.11736, 52.5896], [-1.10322, 52.6398], [-1.06752, 52.6537], [-1.11873, 52.6366], [-1.12575, 52.6248], [-1.08501, 52.6573], [-1.13768, 52.6186], [-0.99753, 52.64]]}}, {"type": "Feature", "properties": {"id": "East Midlands_C004", "name": "East Midlands Constituency 4", "region": "East Midlands", "electorate": 141993, "ward_count": 23, "ward_codes": ["E05011837", "E05011843", "E05011859", "E05011836", "E05005766", "E05011840", "E05005775", "E05011856", "E05011855", "E05011839", "E05011835", "E05005758", "E05011838", "E05011860", "E05011853", "E05011851", "E05005770", "E05005767", "E05005771", "E05005762", "E05005779", "E05005764", "E05005780"], "compliant": true}, "geometry": {"type": "MultiPoint", "coordinates": [[1.06294, 52.9475], [1.08502, 52.9082], [1.09347, 52.8608], [1.07546, 52.8471], [1.10105, 52.791], [1.18157, 52.884], [1.08835, 52.7642], [1.19321, 52.9333], [1.20856, 52.9432], [1.24213, 52.8571], [1.25192, 52.9319], [1.25202, 52.7929], [1.28939, 52.9256], [1.3122, 52.9238], [1.37374, 52.8877], [1.33803, 52.906], [1.27631, 52.7303], [1.1479, 52.7111], [1.25073, 52.7008], [1.31178, 52.7605], [1.19948, 52.6906], [1.22445, 52.6839], [1.17548, 52.6765]]}}, {"type": "Feature", "properties": {"id": "East Midlands_C005", "name": "East Midlands Constituency 5", "region": "East Midlands", "electorate": 141273, "ward_count": 25, "ward_codes": ["E05010263", "E05010254", "E05010255", "E05010253", "E05010243", "E05010244", "E05010250", "E05010242", "E05010251", "E05011879", "E05010262", "E05010237", "E05011891", "E05010241", "E05010240", "E05011870", "E05011884", "E05011888", "E05011874", "E05011878", "E05011858", "E05011885", "E05012901", "E05011881", "E05011882"], "compliant": true}, "geometry": {"type": "MultiPoint", "coordinates": [[0.827612, 52.5691], [0.858389, 52.593], [0.9139, 52.6351], [0.790727, 52.6445], [0.939596, 52.6644], [0.928568, 52.6884], [0.966326, 52.7057], [0.966401, 52.68], [1.01915, 52.631], [1.00069, 52.5686], [1.02623, 52.7382], [0.879619, 52.5028], [1.0768, 52.6012], [1.06151, 52.5178], [1.02245, 52.505], [1.11335, 52.5757], [1.11616, 52.5931], [1.1122, 52.5422], [1.15248, 52.6299], [1.19035, 52.6147], [0.987463, 52.8243], [1.21105, 52.6564], [1.22206, 52.6358], [1.23087, 52.5548], [1.22816, 52.6481]]}}, {"type": "Feature", "properties": {"id": "East Midlands_C006", "name": "East Midlands Constituency 6", "region": "East Midlands", "electorate": 139167, "ward_count": 21, "ward_codes": ["E05015265", "E05015274", "E05015275", "E05015261", "E05015276", "E05015262", "E05015269", "E05010462", "E05010459", "E05010465", "E05015260", "E05010476", "E05010477", "E05010466", "E05015273", "E05015271", "E05015270", "E05005536", "E05010458", "E05010460", "E05014666"], "compliant": true}, "geometry": {"type": "MultiPoint", "coordinates": [[-1.19576, 52.59], [-1.20956, 52.5735], [-1.17865, 52.5733], [-1.18094, 52.6065], [-1.19679, 52.6162], [-1.17886, 52.6144], [-1.17336, 52.5827], [-1.16515, 52.6202], [-1.15313, 52.604], [-1.14994, 52.5891], [-1.154, 52.5672], [-1.15166, 52.6282], [-1.18581, 52.6396], [-1.15105, 52.6411], [-1.22434, 52.611], [-1.19384, 52.6475], [-1.21002, 52.649], [-1.13016, 52.5776], [-1.14234, 52.6604], [-1.16104, 52.6681], [-1.19265, 52.6713]]}}, {"type": "Feature", "properties": {"id": "East Midlands_C007", "name": "East Midlands Constituency 7", "region": "East Midlands", "electorate": 182895, "ward_count": 31, "ward_codes": ["E05010873", "E05010876", "E05010870", "E05010862", "E05010871", "E05010875", "E05010860", "E05010861", "E05010857", "E05012045", "E05012046", "E05012047", "E05012051", "E05012058", "E05010859", "E05010877", "E05012062", "E05010864", "E05010868", "E05010878", "E05010884", "E05015184", "E05015175", "E05000991", "E05010866", "E05010879", "E05010883", "E05012998", "E05013003", "E05013004", "E05013011"], "compliant": false}, "geometry": {"type": "MultiPoint", "coordinates": [[-1.42739, 53.3728], [-1.44619, 53.3595], [-1.46281, 53.353], [-1.4685, 53.3779], [-1.46855, 53.3397], [-1.48976, 53.362], [-1.496, 53.3759], [-1.46067, 53.4016], [-1.49497, 53.3307], [-1.45487, 53.3124], [-1.46707, 53.3056], [-1.46499, 53.2957], [-1.49028, 53.2972], [-1.42271, 53.3203], [-1.40159, 53.3448], [-1.40829, 53.3594], [-1.41567, 53.2944], [-1.41776, 53.3946], [-1.45819, 53.4205], [-1.43321, 53.428], [-1.37213, 53.3632], [-1.42258, 53.2729], [-1.45538, 53.2646], [-1.46432, 53.498], [-1.45935, 53.4519], [-1.49164, 53.4225], [-1.49392, 53.4602], [-1.36695, 53.4044], [-1.40146, 53.4828], [-1.4144, 53.4494], [-1.39306, 53.4315]]}}, {"type": "Feature", "properties": {"id": "East Midlands_C008", "name": "East Midlands Constituency 8", "region": "East Midlands", "electorate": 165137, "ward_count": 27, "ward_codes": ["E05009880", "E05009890", "E05009894", "E05009891", "E05009903", "E05009895", "E05009896", "E05009887", "E05009881", "E05009889", "E05009884", "E05009907", "E05009901", "E05009874", "E05001724", "E05009882", "E05009885", "E05009899", "E05009883", "E05009905", "E05009888", "E05009873", "E05009900", "E05009655", "E05009892", "E05009908", "E05009909"], "compliant": false}, "geometry": {"type": "MultiPoint", "coordinates": [[-0.01431, 53.4178], [-0.01275, 53.3771], [0.008212, 53.3759], [0.000245, 53.3679], [0.014592, 53.3696], [-0.00807, 53.3564], [0.016385, 53.3592], [0.029605, 53.3025], [0.09317, 53.383], [0.124676, 53.4471], [-0.06172, 53.4851], [0.138223, 53.3368], [-0.10321, 53.2706], [-0.11468, 53.3682], [-0.10795, 53.4977], [0.013123, 53.1989], [-0.10799, 53.1919], [0.096075, 53.1717], [0.052804, 53.1435], [0.201068, 53.2104], [0.243872, 53.3376], [0.26162, 53.2721], [0.268937, 53.3032], [-0.27818, 53.4662], [-0.20302, 53.2261], [-0.20659, 53.1464], [-0.2618, 53.2901]]}}, {"type": "Feature", "properties": {"id": "East Midlands_C009", "name": "East Midlands Constituency 9", "region": "East Midlands", "electorate": 204944, "ward_count": 35, "ward_codes": ["E05011969", "E05015264", "E05011968", "E05015263", "E05011967", "E05011966", "E05015268", "E05015267", "E05015272", "E05015266", "E05005485", "E05005492", "E05005482", "E05005481", "E05005483", "E05005489", "E05005493", "E05005486", "E05005487", "E05005491", "E05005490", "E05005488", "E05005480", "E05014671", "E05010097", "E05015828", "E05015832", "E05015833", "E05015837", "E05015840", "E05015841", "E05015842", "E05015844", "E05015845", "E05007467"], "compliant": false}, "geometry": {"type": "MultiPoint", "coordinates": [[-1.05798, 52.5091], [-1.11585, 52.5537], [-1.15297, 52.5158], [-1.18504, 52.5478], [-1.22344, 52.513], [-1.23157, 52.5376], [-1.26584, 52.5534], [-1.26055, 52.5922], [-1.23518, 52.6287], [-1.2986, 52.5218], [-1.30835, 52.5765], [-1.31498, 52.6142], [-1.34685, 52.5379], [-1.35852, 52.5728], [-1.3475, 52.5177], [-1.35819, 52.5535], [-1.31141, 52.6609], [-1.22893, 52.6676], [-1.37343, 52.5407], [-1.31115, 52.6909], [-1.39761, 52.5551], [-1.3997, 52.5391], [-1.37651, 52.6511], [-1.23372, 52.7054], [-1.31913, 52.7121], [-1.45498, 52.5138], [-1.46349, 52.504], [-1.43976, 52.5172], [-1.44846, 52.5426], [-1.48292, 52.5289], [-1.44907, 52.5289], [-1.48693, 52.5216], [-1.46909, 52.5393], [-1.4248, 52.5029], [-1.49995, 52.5502]]}}, {"type": "Feature", "properties": {"id": "East Midlands_C010", "name": "East Midlands Constituency 10", "region": "East Midlands", "electorate": 193241, "ward_count": 33, "ward_codes": ["E05009693", "E05009702", "E05009691", "E05009692", "E05009704", "E05009699", "E05009703", "E05012280", "E05009694", "E05009700", "E05014975", "E05014978", "E05012284", "E05012287", "E05009707", "E05009698", "E05009695", "E05012288", "E05009696", "E05009705", "E05014988", "E05012277", "E05014965", "E05012285", "E05014970", "E05014974", "E05014977", "E05014980", "E05014981", "E05014985", "E05014987", "E05009690", "E05009697"], "compliant": false}, "geometry": {"type": "MultiPoint", "coordinates": [[-1.09455, 52.9729], [-1.09489, 52.9803], [-1.09372, 52.9615], [-1.10794, 52.9706], [-1.1121, 52.9842], [-1.08301, 52.9863], [-1.10421, 52.9976], [-1.10993, 52.9536], [-1.08424, 52.9548], [-1.07321, 52.9625], [-1.08503, 52.9352], [-1.12123, 52.9369], [-1.13587, 52.9739], [-1.13557, 52.9599], [-1.12914, 52.9899], [-1.12487, 53.0003], [-1.11186, 53.0127], [-1.14757, 52.9879], [-1.13945, 53.0011], [-1.12831, 53.0163], [-1.13121, 52.9358], [-1.15073, 52.9498], [-1.11931, 52.9248], [-1.15311, 52.9381], [-1.04306, 52.907], [-1.12048, 52.9109], [-1.06827, 52.8658], [-1.14174, 52.9141], [-1.1322, 52.9205], [-1.14655, 52.8887], [-1.09298, 52.9111], [-1.10244, 53.0526], [-1.07191, 53.0121]]}}, {"type": "Feature", "properties": {"id": "East Midlands_C011", "name": "East Midlands Constituency 11", "region": "East Midlands", "electorate": 146270, "ward_count": 24, "ward_codes": ["E05011964", "E05005508", "E05005499", "E05005506", "E05005502", "E05005501", "E05005503", "E05005504", "E05005505", "E05005495", "E05005509", "E05005498", "E05005507", "E05005500", "E05014982", "E05005497", "E05012646", "E05005510", "E05012638", "E05012642", "E05012632", "E05012641", "E05012643", "E05010150"], "compliant": true}, "geometry": {"type": "MultiPoint", "coordinates": [[-0.88655, 52.6293], [-0.86583, 52.6881], [-0.88108, 52.7213], [-0.87911, 52.7484], [-0.90556, 52.7506], [-0.86573, 52.7565], [-0.90617, 52.7668], [-0.86873, 52.7786], [-0.89739, 52.7831], [-0.94469, 52.7721], [-0.84604, 52.804], [-0.97689, 52.7851], [-0.96629, 52.8126], [-0.8781, 52.8667], [-0.95572, 52.8764], [-0.79041, 52.8512], [-0.78071, 52.7239], [-0.75954, 52.7735], [-0.75372, 52.6916], [-0.74553, 52.67], [-0.7511, 52.6786], [-0.72592, 52.6758], [-0.73385, 52.6645], [-0.71233, 52.9073]]}}, {"type": "Feature", "properties": {"id": "East Midlands_C012", "name": "East Midlands Constituency 12", "region": "East Midlands", "electorate": 143289, "ward_count": 23, "ward_codes": ["E05011849", "E05011848", "E05011850", "E05011862", "E05011865", "E05011847", "E05011834", "E05011844", "E05015560", "E05011841", "E05005783", "E05011857", "E05011854", "E05005759", "E05005774", "E05005778", "E05005777", "E05015561", "E05005781", "E05005782", "E05005773", "E05012903", "E05012902"], "compliant": true}, "geometry": {"type": "MultiPoint", "coordinates": [[1.39102, 52.8154], [1.41018, 52.8151], [1.36719, 52.8196], [1.33127, 52.834], [1.374, 52.7758], [1.42809, 52.877], [1.46334, 52.8414], [1.43981, 52.74], [1.35782, 52.7184], [1.50471, 52.8028], [1.39449, 52.6965], [1.52453, 52.752], [1.53404, 52.7031], [1.48904, 52.6647], [1.39183, 52.6479], [1.34334, 52.6581], [1.32673, 52.6653], [1.3013, 52.6926], [1.34707, 52.64], [1.36223, 52.6346], [1.30787, 52.6655], [1.32472, 52.64], [1.29417, 52.6777]]}}, {"type": "Feature", "properties": {"id": "East Midlands_C013", "name": "East Midlands Constituency 13", "region": "East Midlands", "electorate": 145367, "ward_count": 24, "ward_codes": ["E05014681", "E05014679", "E05014680", "E05014667", "E05014669", "E05014668", "E05014686", "E05014688", "E05010470", "E05010461", "E05014684", "E05014689", "E05014685", "E05014687", "E05014678", "E05014673", "E05014676", "E05014675", "E05014677", "E05014672", "E05014674", "E05014986", "E05014979", "E05014968"], "compliant": true}, "geometry": {"type": "MultiPoint", "coordinates": [[-1.161, 52.7065], [-1.1439, 52.7236], [-1.16572, 52.7438], [-1.1339, 52.7514], [-1.13226, 52.6802], [-1.1147, 52.6857], [-1.09089, 52.6981], [-1.09824, 52.6804], [-1.11162, 52.6614], [-1.1179, 52.6462], [-1.09068, 52.7496], [-1.03493, 52.7255], [-1.03786, 52.6749], [-1.11781, 52.7935], [-1.204, 52.7472], [-1.19689, 52.7768], [-1.21078, 52.767], [-1.2362, 52.7493], [-1.22186, 52.781], [-1.23812, 52.7665], [-1.26159, 52.7553], [-1.22275, 52.8148], [-1.19721, 52.8371], [-1.11711, 52.846]]}}, {"type": "Feature", "properties": {"id": "East Midlands_C014", "name": "East Midlands Constituency 14", "region": "East Midlands", "electorate": 139665, "ward_count": 24, "ward_codes": ["E05011552", "E05011553", "E05010068", "E05010064", "E05010071", "E05011554", "E05011555", "E05010077", "E05010083", "E05014973", "E05010177", "E05005496", "E05014971", "E05014966", "E05010081", "E05010082", "E05014967", "E05010070", "E05010072", "E05014983", "E05010076", "E05014972", "E05014984", "E05009706"], "compliant": true}, "geometry": {"type": "MultiPoint", "coordinates": [[-0.73305, 53.0716], [-0.7905, 53.0706], [-0.79265, 53.0871], [-0.78931, 53.0509], [-0.8149, 53.0657], [-0.82075, 53.0811], [-0.84514, 53.0161], [-0.86247, 53.128], [-0.89092, 53.0818], [-0.86487, 53.0007], [-0.73269, 53.0054], [-0.79849, 52.9458], [-0.87306, 52.9391], [-0.93006, 52.9727], [-0.97851, 53.0925], [-0.88339, 53.1752], [-0.95082, 52.9412], [-0.73872, 53.1347], [-1.00684, 53.0382], [-0.99876, 52.964], [-1.02145, 53.0078], [-0.9953, 52.9066], [-1.03371, 52.9451], [-1.04109, 52.9756]]}}, {"type": "Feature", "properties": {"id": "East Midlands_C015", "name": "East Midlands Constituency 15", "region": "East Midlands", "electorate": 138326, "ward_count": 25, "ward_codes": ["E05005794", "E05005792", "E05005785", "E05005797", "E05005789", "E05005784", "E05005798", "E05012750", "E05005793", "E05011890", "E05011880", "E05011887", "E05011868", "E05011886", "E05012910", "E05005760", "E05005772", "E05005757", "E05005791", "E05005761", "E05005799", "E05005788", "E05005796", "E05005787", "E05005795"], "compliant": true}, "geometry": {"type": "MultiPoint", "coordinates": [[1.71603, 52.5675], [1.71889, 52.5564], [1.70711, 52.5482], [1.72897, 52.5785], [1.7189, 52.5821], [1.69704, 52.589], [1.71234, 52.6014], [1.68773, 52.5218], [1.65445, 52.5681], [1.61426, 52.5018], [1.49846, 52.5327], [1.42406, 52.5822], [1.39866, 52.5368], [1.32618, 52.5871], [1.31477, 52.6271], [1.49929, 52.5987], [1.58876, 52.5937], [1.54747, 52.6324], [1.62984, 52.6521], [1.49152, 52.6266], [1.59876, 52.6907], [1.67905, 52.614], [1.68115, 52.6761], [1.71364, 52.6441], [1.73498, 52.5919]]}}, {"type": "Feature", "properties": {"id": "East Midlands_C016", "name": "East Midlands Constituency 16", "region": "East Midlands", "electorate": 138437, "ward_count": 22, "ward_codes": ["E05012637", "E05012640", "E05010174", "E05010172", "E05012644", "E05010173", "E05010175", "E05010158", "E05012636", "E05010805", "E05010826", "E05013231", "E05010154", "E05010157", "E05010155", "E05010153", "E05010151", "E05010169", "E05010813", "E05010152", "E05010170", "E05010156"], "compliant": true}, "geometry": {"type": "MultiPoint", "coordinates": [[-0.57092, 52.6174], [-0.61407, 52.6388], [-0.50129, 52.651], [-0.49423, 52.6594], [-0.50006, 52.6863], [-0.47429, 52.661], [-0.46981, 52.6533], [-0.48375, 52.7458], [-0.59158, 52.7276], [-0.40359, 52.6266], [-0.44576, 52.5949], [-0.53628, 52.5509], [-0.35994, 52.696], [-0.36798, 52.7366], [-0.49908, 52.7987], [-0.39235, 52.78], [-0.35119, 52.7573], [-0.32784, 52.6853], [-0.31758, 52.6222], [-0.31879, 52.7758], [-0.34121, 52.8013], [-0.26906, 52.6735]]}}, {"type": "Feature", "properties": {"id": "East Midlands_C017", "name": "East Midlands Constituency 17", "region": "East Midlands", "electorate": 173165, "ward_count": 31, "ward_codes": ["E05006381", "E05006384", "E05006385", "E05006383", "E05006382", "E05006393", "E05006380", "E05006391", "E05006386", "E05006390", "E05006392", "E05006377", "E05006389", "E05006394", "E05010067", "E05006396", "E05006378", "E05006387", "E05006401", "E05006388", "E05010742", "E05010078", "E05015476", "E05015477", "E05006395", "E05006397", "E05009640", "E05009641", "E05009642", "E05009650", "E05010746"], "compliant": false}, "geometry": {"type": "MultiPoint", "coordinates": [[-0.92043, 53.2644], [-0.9499, 53.3055], [-0.95367, 53.3194], [-0.95431, 53.3326], [-0.9119, 53.3215], [-0.99467, 53.328], [-0.9145, 53.3666], [-1.01694, 53.383], [-0.93809, 53.4537], [-0.83573, 53.2967], [-0.82072, 53.355], [-0.83562, 53.4094], [-0.85859, 53.4497], [-0.82447, 53.246], [-0.97683, 53.2184], [-1.06977, 53.3178], [-1.06544, 53.3943], [-1.06004, 53.4204], [-1.07445, 53.2963], [-1.08548, 53.3656], [-1.04336, 53.456], [-1.05045, 53.2224], [-1.12191, 53.3495], [-1.11013, 53.3237], [-1.12306, 53.2563], [-1.13925, 53.3329], [-0.75231, 53.3927], [-0.76984, 53.4079], [-0.77474, 53.3908], [-0.72257, 53.4695], [-1.14397, 53.4519]]}}, {"type": "Feature", "properties": {"id": "East Midlands_C018", "name": "East Midlands Constituency 18", "region": "East Midlands", "electorate": 163539, "ward_count": 27, "ward_codes": ["E05010092", "E05010093", "E05010095", "E05010091", "E05010094", "E05010117", "E05010120", "E05010121", "E05010114", "E05010126", "E05010112", "E05010122", "E05010123", "E05010105", "E05010111", "E05010113", "E05010124", "E05010109", "E05010125", "E05010104", "E05010107", "E05010099", "E05010127", "E05010110", "E05005479", "E05005484", "E05008815"], "compliant": false}, "geometry": {"type": "MultiPoint", "coordinates": [[-1.4829, 52.7565], [-1.49389, 52.7506], [-1.49458, 52.7333], [-1.45778, 52.7412], [-1.45636, 52.7623], [-1.49567, 52.7068], [-1.43699, 52.7201], [-1.42062, 52.6939], [-1.40966, 52.683], [-1.39448, 52.7451], [-1.38908, 52.7113], [-1.3853, 52.7264], [-1.38249, 52.7199], [-1.36723, 52.7241], [-1.3639, 52.7094], [-1.37389, 52.6859], [-1.36307, 52.7472], [-1.36183, 52.7361], [-1.36685, 52.7544], [-1.35336, 52.7216], [-1.35339, 52.7008], [-1.3485, 52.7282], [-1.3946, 52.7916], [-1.34117, 52.741], [-1.43273, 52.5743], [-1.42285, 52.6434], [-1.4329, 52.8268]]}}, {"type": "Feature", "properties": {"id": "East Midlands_C019", "name": "East Midlands Constituency 19", "region": "East Midlands", "electorate": 21237, "ward_count": 4, "ward_codes": ["E05011842", "E05005790", "E05005786", "E05005800"], "compliant": false}, "geometry": {"type": "MultiPoint", "coordinates": [[1.60962, 52.7487], [1.67617, 52.7127], [1.72245, 52.6564], [1.73299, 52.6268]]}}, {"type": "Feature", "properties": {"id": "East Midlands_C020", "name": "East Midlands Constituency 20", "region": "East Midlands", "electorate": 147368, "ward_count": 25, "ward_codes": ["E05015514", "E05015515", "E05015522", "E05015513", "E05015509", "E05015524", "E05015510", "E05015511", "E05015517", "E05015521", "E05015523", "E05015516", "E05015508", "E05010613", "E05008809", "E05010617", "E05014697", "E05010621", "E05014702", "E05014694", "E05014705", "E05014692", "E05014693", "E05014704", "E05014698"], "compliant": true}, "geometry": {"type": "MultiPoint", "coordinates": [[-1.4547, 52.9416], [-1.45258, 52.9268], [-1.43315, 52.9454], [-1.43213, 52.9222], [-1.4364, 52.903], [-1.41188, 52.917], [-1.43355, 52.8853], [-1.4765, 52.9136], [-1.48334, 52.9362], [-1.48216, 52.9002], [-1.47757, 52.8827], [-1.44599, 52.8732], [-1.49377, 52.9523], [-1.41762, 52.9574], [-1.37398, 52.8703], [-1.36828, 52.9212], [-1.49371, 52.9844], [-1.35186, 52.9542], [-1.42382, 53.0174], [-1.47572, 53.0079], [-1.37131, 52.996], [-1.4589, 53.0312], [-1.48497, 53.0344], [-1.41382, 53.0423], [-1.45326, 53.0489]]}}, {"type": "Feature", "properties": {"id": "East Midlands_C021", "name": "East Midlands Constituency 21", "region": "East Midlands", "electorate": 175419, "ward_count": 30, "ward_codes": ["E05010822", "E05010806", "E05010821", "E05010817", "E05010824", "E05010814", "E05010820", "E05010807", "E05010812", "E05010808", "E05010825", "E05010818", "E05010816", "E05010811", "E05010823", "E05010809", "E05010815", "E05010819", "E05011281", "E05015433", "E05010810", "E05015434", "E05015432", "E05005644", "E05005654", "E05015427", "E05015428", "E05015429", "E05015430", "E05015431"], "compliant": false}, "geometry": {"type": "MultiPoint", "coordinates": [[-0.26888, 52.5857], [-0.2825, 52.5951], [-0.25409, 52.6039], [-0.24952, 52.5983], [-0.28012, 52.6209], [-0.2409, 52.6127], [-0.23744, 52.5874], [-0.25062, 52.5759], [-0.26366, 52.5637], [-0.22436, 52.5969], [-0.28727, 52.5708], [-0.28209, 52.555], [-0.25835, 52.5403], [-0.21809, 52.5597], [-0.2178, 52.5485], [-0.20502, 52.5817], [-0.2871, 52.5246], [-0.30962, 52.5513], [-0.21208, 52.519], [-0.15455, 52.5674], [-0.14452, 52.6222], [-0.09207, 52.5245], [-0.10746, 52.5537], [-0.17972, 52.705], [-0.18553, 52.7719], [0.105138, 52.5675], [0.092136, 52.5293], [0.018856, 52.5549], [0.044225, 52.6446], [-0.06857, 52.5606]]}}, {"type": "Feature", "properties": {"id": "East Midlands_C022", "name": "East Midlands Constituency 22", "region": "East Midlands", "electorate": 172499, "ward_count": 31, "ward_codes": ["E05010101", "E05010100", "E05010102", "E05010106", "E05010115", "E05010116", "E05010619", "E05010605", "E05010622", "E05010608", "E05010615", "E05010607", "E05010609", "E05010616", "E05010618", "E05010532", "E05010531", "E05015570", "E05010522", "E05015569", "E05010611", "E05010610", "E05015565", "E05010514", "E05014976", "E05010519", "E05010604", "E05010606", "E05010612", "E05010614", "E05010620"], "compliant": false}, "geometry": {"type": "MultiPoint", "coordinates": [[-1.34207, 52.8539], [-1.34713, 52.8289], [-1.36748, 52.8378], [-1.30111, 52.8496], [-1.2941, 52.8315], [-1.3178, 52.7944], [-1.29063, 52.8804], [-1.31851, 52.8928], [-1.29127, 52.8906], [-1.28827, 52.902], [-1.27177, 52.8905], [-1.27963, 52.9041], [-1.33306, 52.9209], [-1.2551, 52.8902], [-1.28924, 52.9248], [-1.27079, 52.9152], [-1.27545, 52.9263], [-1.26582, 52.9293], [-1.24796, 52.9169], [-1.26967, 52.941], [-1.31025, 52.9418], [-1.29761, 52.9551], [-1.24202, 52.9376], [-1.22896, 52.909], [-1.21993, 52.8695], [-1.22189, 52.927], [-1.30542, 52.9836], [-1.31093, 52.9941], [-1.29836, 52.9706], [-1.31955, 52.9708], [-1.32234, 52.9839]]}}, {"type": "Feature", "properties": {"id": "East Midlands_C023", "name": "East Midlands Constituency 23", "region": "East Midlands", "electorate": 214494, "ward_count": 38, "ward_codes": ["E05012337", "E05012344", "E05012327", "E05012338", "E05012323", "E05012349", "E05012336", "E05012347", "E05012331", "E05012335", "E05012342", "E05012334", "E05012343", "E05012354", "E05012345", "E05012333", "E05012325", "E05012353", "E05012321", "E05012348", "E05012350", "E05012339", "E05012355", "E05012326", "E05012329", "E05005659", "E05015424", "E05015426", "E05015435", "E05015436", "E05015437", "E05015438", "E05012328", "E05012330", "E05012341", "E05012346", "E05012351", "E05012352"], "compliant": false}, "geometry": {"type": "MultiPoint", "coordinates": [[0.534176, 52.895], [0.469926, 52.8701], [0.510236, 52.835], [0.491773, 52.9378], [0.58368, 52.9484], [0.409906, 52.8073], [0.439106, 52.7675], [0.439022, 52.7604], [0.436368, 52.7501], [0.421466, 52.7528], [0.401249, 52.7714], [0.410612, 52.7524], [0.400236, 52.7521], [0.437816, 52.7178], [0.400161, 52.7303], [0.534291, 52.7411], [0.340102, 52.7511], [0.398407, 52.6743], [0.467847, 52.6451], [0.297271, 52.7749], [0.299662, 52.6765], [0.655043, 52.7611], [0.509295, 52.5812], [0.39465, 52.5749], [0.390366, 52.6052], [0.223691, 52.786], [0.137276, 52.5851], [0.120275, 52.5482], [0.160264, 52.677], [0.166506, 52.6692], [0.151388, 52.6478], [0.17457, 52.6738], [0.376257, 52.6024], [0.228958, 52.6275], [0.376733, 52.6101], [0.377205, 52.5978], [0.27636, 52.5571], [0.20762, 52.7011]]}}, {"type": "Feature", "properties": {"id": "East Midlands_C024", "name": "East Midlands Constituency 24", "region": "East Midlands", "electorate": 195210, "ward_count": 34, "ward_codes": ["E05009625", "E05009635", "E05009627", "E05009629", "E05009630", "E05009628", "E05009633", "E05009634", "E05009622", "E05009632", "E05009623", "E05009898", "E05009621", "E05009624", "E05009631", "E05009877", "E05009626", "E05009879", "E05005651", "E05005648", "E05005649", "E05005657", "E05005645", "E05005653", "E05005646", "E05005647", "E05005650", "E05005652", "E05005655", "E05005656", "E05005658", "E05005660", "E05005661", "E05015425"], "compliant": false}, "geometry": {"type": "MultiPoint", "coordinates": [[-0.06652, 52.9404], [-0.02303, 52.9531], [-0.02794, 52.964], [-0.03914, 52.9732], [-0.03276, 52.9779], [-0.01266, 52.9747], [-0.05117, 52.9765], [-0.03069, 52.9894], [-0.04788, 52.9858], [-0.01364, 52.9846], [0.005797, 52.9836], [-0.04689, 53.0585], [0.089279, 52.9909], [-0.10183, 52.9095], [-0.12033, 52.9957], [-0.11895, 53.0971], [0.106329, 53.0507], [0.066233, 53.0815], [-0.08376, 52.782], [0.070448, 52.8553], [0.007841, 52.8022], [-0.12509, 52.7971], [-0.19695, 52.8817], [-0.13855, 52.7999], [0.020599, 52.7644], [0.115739, 52.8275], [0.13751, 52.7817], [-0.19878, 52.8165], [-0.15976, 52.7824], [-0.14731, 52.7688], [-0.16469, 52.7939], [0.027438, 52.7048], [-0.03825, 52.7509], [0.106974, 52.7119]]}}, {"type": "Feature", "properties": {"id": "East Midlands_C025", "name": "East Midlands Constituency 25", "region": "East Midlands", "electorate": 167099, "ward_count": 28, "ward_codes": ["E05011992", "E05011994", "E05011995", "E05014641", "E05014632", "E05014638", "E05014637", "E05014634", "E05014633", "E05014642", "E05014612", "E05014616", "E05010690", "E05010677", "E05010694", "E05010693", "E05010687", "E05010676", "E05010673", "E05010692", "E05010688", "E05010675", "E05010691", "E05010686", "E05011983", "E05011991", "E05010674", "E05010684"], "compliant": false}, "geometry": {"type": "MultiPoint", "coordinates": [[-1.236, 53.2269], [-1.21921, 53.2047], [-1.21334, 53.1927], [-1.21066, 53.1695], [-1.19467, 53.1778], [-1.22037, 53.1606], [-1.22478, 53.1573], [-1.24205, 53.1659], [-1.22483, 53.1495], [-1.21976, 53.1465], [-1.2318, 53.1428], [-1.22091, 53.1354], [-1.25494, 53.148], [-1.25148, 53.1269], [-1.26322, 53.1362], [-1.20588, 53.1143], [-1.26118, 53.118], [-1.27579, 53.1323], [-1.2255, 53.1016], [-1.25239, 53.1031], [-1.27129, 53.1246], [-1.28443, 53.1181], [-1.29365, 53.1537], [-1.28117, 53.1084], [-1.2693, 53.1891], [-1.21685, 53.2701], [-1.2609, 53.0661], [-1.22317, 53.0901]]}}, {"type": "Feature", "properties": {"id": "East Midlands_C026", "name": "East Midlands Constituency 26", "region": "East Midlands", "electorate": 93528, "ward_count": 15, "ward_codes": ["E05010248", "E05011861", "E05011846", "E05011845", "E05011863", "E05011864", "E05011852", "E05012322", "E05012324", "E05010249", "E05010252", "E05010256", "E05010238", "E05010239", "E05012340"], "compliant": false}, "geometry": {"type": "MultiPoint", "coordinates": [[0.79458, 52.7649], [0.81425, 52.8138], [0.860798, 52.8315], [0.861853, 52.8446], [0.857653, 52.8732], [0.824322, 52.9514], [0.967618, 52.9056], [0.701366, 52.8349], [0.704235, 52.9243], [0.777286, 52.7105], [0.659102, 52.6878], [0.67703, 52.647], [0.73827, 52.5817], [0.623518, 52.5555], [0.507216, 52.5332]]}}, {"type": "Feature", "properties": {"id": "East Midlands_C027", "name": "East Midlands Constituency 27", "region": "East Midlands", "electorate": 49250, "ward_count": 8, "ward_codes": ["E05009878", "E05009904", "E05009875", "E05009893", "E05009897", "E05009906", "E05009886", "E05009876"], "compliant": false}, "geometry": {"type": "MultiPoint", "coordinates": [[0.222678, 53.1353], [0.25341, 53.0918], [0.260046, 53.1586], [0.319555, 53.1598], [0.324921, 53.1373], [0.333107, 53.1724], [0.313218, 53.1894], [0.303422, 53.2186]]}}, {"type": "Feature", "properties": {"id": "East Midlands_C028", "name": "East Midlands Constituency 28", "region": "East Midlands", "electorate": 42263, "ward_count": 7, "ward_codes": ["E05012634", "E05012635", "E05012633", "E05012645", "E05012639", "E05013216", "E05011980"], "compliant": false}, "geometry": {"type": "MultiPoint", "coordinates": [[-0.67063, 52.7274], [-0.66529, 52.6724], [-0.72229, 52.6221], [-0.73193, 52.5836], [-0.70132, 52.566], [-0.76311, 52.5076], [-0.83803, 52.5597]]}}, {"type": "Feature", "properties": {"id": "East Midlands_C029", "name": "East Midlands Constituency 29", "region": "East Midlands", "electorate": 152323, "ward_count": 28, "ward_codes": ["E05014696", "E05014707", "E05014703", "E05014690", "E05012059", "E05014706", "E05014701", "E05011997", "E05014695", "E05014700", "E05010683", "E05011993", "E05011985", "E05011996", "E05010689", "E05010521", "E05011998", "E05014699", "E05010523", "E05010695", "E05010525", "E05010682", "E05010685", "E05010524", "E05012040", "E05012043", "E05012044", "E05012057"], "compliant": true}, "geometry": {"type": "MultiPoint", "coordinates": [[-1.45647, 53.0906], [-1.39195, 53.0759], [-1.39925, 53.0484], [-1.38752, 53.0987], [-1.42077, 53.1258], [-1.35804, 53.0801], [-1.36082, 53.0627], [-1.34726, 53.1006], [-1.35416, 53.035], [-1.36308, 53.0217], [-1.32561, 53.0647], [-1.32721, 53.09], [-1.33389, 53.1254], [-1.32712, 53.1085], [-1.30939, 53.0762], [-1.31797, 53.0418], [-1.34282, 53.1425], [-1.33739, 53.0093], [-1.30733, 53.0245], [-1.28852, 53.0583], [-1.3103, 53.0109], [-1.29702, 53.1246], [-1.28498, 53.0919], [-1.29753, 53.0143], [-1.49861, 53.1688], [-1.42066, 53.1731], [-1.41256, 53.158], [-1.37831, 53.1528]]}}, {"type": "Feature", "properties": {"id": "East Midlands_C030", "name": "East Midlands Constituency 30", "region": "East Midlands", "electorate": 149853, "ward_count": 27, "ward_codes": ["E05014440", "E05014425", "E05014427", "E05014437", "E05014444", "E05014443", "E05014442", "E05014446", "E05014445", "E05014430", "E05014433", "E05014431", "E05010176", "E05010148", "E05010167", "E05010171", "E05014439", "E05010149", "E05010168", "E05010162", "E05010163", "E05010164", "E05010159", "E05010165", "E05010160", "E05010161", "E05010166"], "compliant": true}, "geometry": {"type": "MultiPoint", "coordinates": [[-0.3909, 53.0477], [-0.41204, 53.0846], [-0.28391, 53.0912], [-0.2937, 53.0144], [-0.39938, 53.0009], [-0.42183, 53.0113], [-0.42216, 52.996], [-0.44085, 53.0033], [-0.42249, 52.9871], [-0.45266, 53.0404], [-0.36605, 52.9328], [-0.29839, 52.9688], [-0.33527, 52.8915], [-0.35732, 52.8454], [-0.50891, 52.8926], [-0.59631, 52.97], [-0.5461, 53.0901], [-0.59875, 52.9135], [-0.62161, 53.0249], [-0.62413, 52.9199], [-0.62872, 52.9087], [-0.63912, 52.9204], [-0.65904, 52.9236], [-0.64837, 52.8955], [-0.66001, 52.9138], [-0.66431, 52.9035], [-0.6337, 52.8231]]}}, {"type": "Feature", "properties": {"id": "East Midlands_C031", "name": "East Midlands Constituency 31", "region": "East Midlands", "electorate": 190372, "ward_count": 34, "ward_codes": ["E05012050", "E05015181", "E05015180", "E05015182", "E05012049", "E05012055", "E05010874", "E05010858", "E05012054", "E05011984", "E05011990", "E05011987", "E05013015", "E05012060", "E05015172", "E05015173", "E05011988", "E05011989", "E05011986", "E05012053", "E05015179", "E05015176", "E05012052", "E05015185", "E05012056", "E05011999", "E05012061", "E05012063", "E05015170", "E05015171", "E05015174", "E05015177", "E05015178", "E05015183"], "compliant": false}, "geometry": {"type": "MultiPoint", "coordinates": [[-1.34343, 53.2965], [-1.35607, 53.2781], [-1.35555, 53.2611], [-1.36261, 53.2519], [-1.36885, 53.3095], [-1.32458, 53.3182], [-1.35767, 53.3295], [-1.36468, 53.344], [-1.30181, 53.3225], [-1.29064, 53.2916], [-1.30024, 53.2616], [-1.3036, 53.2438], [-1.28252, 53.3297], [-1.35507, 53.2239], [-1.40036, 53.2622], [-1.39908, 53.2486], [-1.29134, 53.2211], [-1.2535, 53.2802], [-1.26987, 53.2359], [-1.34816, 53.2009], [-1.41567, 53.2372], [-1.40857, 53.2222], [-1.40117, 53.204], [-1.42975, 53.2532], [-1.38064, 53.1865], [-1.21692, 53.2915], [-1.41014, 53.1928], [-1.45826, 53.2], [-1.44318, 53.2325], [-1.46501, 53.2363], [-1.44742, 53.2459], [-1.46654, 53.2477], [-1.42922, 53.2239], [-1.4599, 53.2256]]}}, {"type": "Feature", "properties": {"id": "East Midlands_C032", "name": "East Midlands Constituency 32", "region": "East Midlands", "electorate": 147080, "ward_count": 25, "ward_codes": ["E05010730", "E05010735", "E05013006", "E05013002", "E05010733", "E05013000", "E05012997", "E05013014", "E05013017", "E05010739", "E05012999", "E05013005", "E05013012", "E05013007", "E05013010", "E05013013", "E05012994", "E05012995", "E05013008", "E05012996", "E05013016", "E05013009", "E05013001", "E05006399", "E05012993"], "compliant": true}, "geometry": {"type": "MultiPoint", "coordinates": [[-1.14182, 53.4989], [-1.1829, 53.483], [-1.17193, 53.4143], [-1.22454, 53.4226], [-1.24602, 53.4689], [-1.18642, 53.3867], [-1.26726, 53.456], [-1.2502, 53.3966], [-1.28824, 53.4305], [-1.27606, 53.4993], [-1.30132, 53.4451], [-1.30816, 53.4777], [-1.30576, 53.4045], [-1.3247, 53.4597], [-1.33694, 53.4386], [-1.32685, 53.485], [-1.2825, 53.3629], [-1.3267, 53.3722], [-1.35396, 53.4658], [-1.35651, 53.4218], [-1.33856, 53.4991], [-1.35643, 53.3851], [-1.37454, 53.4513], [-1.16199, 53.318], [-1.19348, 53.3393]]}}, {"type": "Feature", "properties": {"id": "East Midlands_C033", "name": "East Midlands Constituency 33", "region": "East Midlands", "electorate": 30237, "ward_count": 5, "ward_codes": ["E05010103", "E05014682", "E05014683", "E05010108", "E05014670"], "compliant": false}, "geometry": {"type": "MultiPoint", "coordinates": [[-1.2918, 52.7334], [-1.28742, 52.7563], [-1.30722, 52.7689], [-1.33599, 52.72], [-1.25413, 52.7857]]}}, {"type": "Feature", "properties": {"id": "East Midlands_C034", "name": "East Midlands Constituency 34", "region": "East Midlands", "electorate": 74061, "ward_count": 14, "ward_codes": ["E05012907", "E05005769", "E05012913", "E05005768", "E05012908", "E05012912", "E05012906", "E05012911", "E05012904", "E05012909", "E05012905", "E05011871", "E05005765", "E05011883"], "compliant": false}, "geometry": {"type": "MultiPoint", "coordinates": [[1.27667, 52.649], [1.2706, 52.6603], [1.2584, 52.642], [1.25177, 52.6592], [1.27195, 52.6278], [1.2484, 52.6261], [1.29219, 52.6276], [1.28802, 52.6206], [1.26168, 52.6099], [1.30152, 52.6435], [1.29938, 52.6139], [1.23694, 52.6014], [1.23177, 52.6732], [1.29017, 52.5391]]}}, {"type": "Feature", "properties": {"id": "East Midlands_C035", "name": "East Midlands Constituency 35", "region": "East Midlands", "electorate": 150043, "ward_count": 27, "ward_codes": ["E05010678", "E05010680", "E05010681", "E05012275", "E05012276", "E05012271", "E05012270", "E05012273", "E05009689", "E05012272", "E05012282", "E05012281", "E05012286", "E05015568", "E05012274", "E05012289", "E05010533", "E05012283", "E05010517", "E05010516", "E05015567", "E05010518", "E05012279", "E05015564", "E05014969", "E05012278", "E05015566"], "compliant": true}, "geometry": {"type": "MultiPoint", "coordinates": [[-1.20617, 53.0347], [-1.20054, 53.0274], [-1.22268, 53.03], [-1.20409, 53.0031], [-1.18082, 53.0048], [-1.182, 52.9842], [-1.20914, 52.9793], [-1.16134, 53.0011], [-1.15844, 53.0286], [-1.16643, 52.9762], [-1.19477, 52.967], [-1.16816, 52.9633], [-1.17336, 52.9557], [-1.2291, 52.9871], [-1.21972, 52.9676], [-1.22129, 52.9497], [-1.25309, 53.0125], [-1.18918, 52.9411], [-1.21954, 52.9355], [-1.20589, 52.9273], [-1.26204, 52.9963], [-1.19995, 52.9187], [-1.17031, 52.9171], [-1.27389, 52.9642], [-1.1473, 52.9249], [-1.17526, 52.9019], [-1.27404, 53.0258]]}}, {"type": "Feature", "properties": {"id": "Yorkshire and the Humber_C001", "name": "Yorkshire and the Humber Constituency 1", "region": "Yorkshire and the Humber", "electorate": 225894, "ward_count": 38, "ward_codes": ["E05001387", "E05001384", "E05001380", "E05001379", "E05001383", "E05001374", "E05001386", "E05001376", "E05001378", "E05001360", "E05001373", "E05001407", "E05001375", "E05001401", "E05001381", "E05001361", "E05001371", "E05001348", "E05001363", "E05001351", "E05001367", "E05001370", "E05001389", "E05001402", "E05000990", "E05001369", "E05001377", "E05001382", "E05001396", "E05001405", "E05001410", "E05008558", "E05008559", "E05008560", "E05008561", "E05010648", "E05014658", "E05014659"], "compliant": false}, "geometry": {"type": "MultiPoint", "coordinates": [[-1.90836, 53.7332], [-1.90136, 53.7104], [-1.87936, 53.7231], [-1.88574, 53.7402], [-1.86825, 53.7082], [-1.88671, 53.6782], [-1.84421, 53.7113], [-1.9082, 53.7648], [-1.83415, 53.7437], [-1.83962, 53.767], [-1.82502, 53.6847], [-1.8336, 53.659], [-1.79425, 53.7301], [-1.83587, 53.644], [-1.78357, 53.6926], [-1.7867, 53.7538], [-1.757, 53.6992], [-1.8124, 53.7884], [-1.84496, 53.8], [-1.79021, 53.7821], [-1.7701, 53.7667], [-1.7614, 53.749], [-1.77338, 53.6771], [-1.79565, 53.6548], [-1.71799, 53.5204], [-1.98794, 53.8322], [-1.98775, 53.7145], [-1.97187, 53.6644], [-1.73992, 53.6637], [-1.81975, 53.5569], [-1.7816, 53.6319], [-1.72891, 53.6344], [-1.92194, 53.6014], [-1.81679, 53.6227], [-1.84703, 53.5898], [-1.88435, 53.5025], [-1.99935, 53.581], [-1.9765, 53.5301]]}}, {"type": "Feature", "properties": {"id": "Yorkshire and the Humber_C002", "name": "Yorkshire and the Humber Constituency 2", "region": "Yorkshire and the Humber", "electorate": 141089, "ward_count": 24, "ward_codes": ["E05001135", "E05001149", "E05001150", "E05001148", "E05001152", "E05001137", "E05001140", "E05001142", "E05001145", "E05001139", "E05001136", "E05001138", "E05001163", "E05001172", "E05001154", "E05001151", "E05001157", "E05001168", "E05001147", "E05001141", "E05001146", "E05001175", "E05001144", "E05001143"], "compliant": true}, "geometry": {"type": "MultiPoint", "coordinates": [[-1.4256, 54.9999], [-1.41967, 54.9874], [-1.4286, 54.9801], [-1.44629, 54.9803], [-1.42664, 54.9642], [-1.4482, 54.9631], [-1.41084, 54.9692], [-1.40521, 54.9763], [-1.40087, 54.9865], [-1.40866, 54.952], [-1.46576, 54.9717], [-1.45146, 54.9503], [-1.43197, 54.9289], [-1.40542, 54.9259], [-1.44347, 54.9186], [-1.37371, 54.9594], [-1.38409, 54.9308], [-1.36819, 54.925], [-1.49003, 54.9794], [-1.49248, 54.9442], [-1.49974, 54.9676], [-1.49566, 54.9193], [-1.51423, 54.9642], [-1.51999, 54.9748]]}}, {"type": "Feature", "properties": {"id": "Yorkshire and the Humber_C003", "name": "Yorkshire and the Humber Constituency 3", "region": "Yorkshire and the Humber", "electorate": 144165, "ward_count": 23, "ward_codes": ["E05015090", "E05015080", "E05015083", "E05015089", "E05015074", "E05015075", "E05015092", "E05015088", "E05015086", "E05015084", "E05015085", "E05015082", "E05015081", "E05015079", "E05015087", "E05009637", "E05001719", "E05001726", "E05001715", "E05001727", "E05001723", "E05001721", "E05001725"], "compliant": true}, "geometry": {"type": "MultiPoint", "coordinates": [[-0.66998, 53.5392], [-0.6754, 53.5521], [-0.67236, 53.5649], [-0.65868, 53.5758], [-0.6438, 53.5679], [-0.61877, 53.5638], [-0.62593, 53.5985], [-0.62525, 53.5801], [-0.65844, 53.6058], [-0.71485, 53.5761], [-0.61605, 53.6602], [-0.54511, 53.554], [-0.46849, 53.6157], [-0.44769, 53.6688], [-0.324, 53.6415], [-0.28477, 53.5461], [-0.20788, 53.6039], [-0.15021, 53.5093], [-0.12172, 53.5745], [-0.12033, 53.56], [-0.10988, 53.5525], [-0.09433, 53.5333], [-0.09426, 53.5738]]}}, {"type": "Feature", "properties": {"id": "Yorkshire and the Humber_C004", "name": "Yorkshire and the Humber Constituency 4", "region": "Yorkshire and the Humber", "electorate": 144706, "ward_count": 23, "ward_codes": ["E05013039", "E05013048", "E05013049", "E05013038", "E05013043", "E05013041", "E05013045", "E05013044", "E05013040", "E05013047", "E05013042", "E05013046", "E05014859", "E05014861", "E05014860", "E05014858", "E05014862", "E05014877", "E05014875", "E05014876", "E05014882", "E05014872", "E05009866"], "compliant": true}, "geometry": {"type": "MultiPoint", "coordinates": [[-1.23321, 54.7108], [-1.24322, 54.6961], [-1.22328, 54.6882], [-1.21731, 54.6792], [-1.20597, 54.6973], [-1.22282, 54.6713], [-1.22011, 54.6631], [-1.2401, 54.6717], [-1.24628, 54.6463], [-1.19167, 54.6534], [-1.27053, 54.7087], [-1.30894, 54.6681], [-1.27247, 54.6159], [-1.23727, 54.601], [-1.29069, 54.6216], [-1.29064, 54.6091], [-1.30786, 54.6154], [-1.30206, 54.58], [-1.31376, 54.5887], [-1.32778, 54.5943], [-1.29341, 54.5656], [-1.29059, 54.5555], [-1.25131, 54.569]]}}, {"type": "Feature", "properties": {"id": "Yorkshire and the Humber_C005", "name": "Yorkshire and the Humber Constituency 5", "region": "Yorkshire and the Humber", "electorate": 152424, "ward_count": 26, "ward_codes": ["E05000992", "E05000993", "E05000986", "E05000976", "E05000988", "E05000985", "E05000996", "E05000994", "E05000979", "E05000977", "E05000983", "E05000984", "E05000995", "E05001448", "E05000980", "E05000987", "E05000978", "E05001462", "E05001450", "E05000989", "E05001461", "E05001459", "E05001463", "E05001453", "E05000981", "E05000982"], "compliant": true}, "geometry": {"type": "MultiPoint", "coordinates": [[-1.45459, 53.5984], [-1.47309, 53.5781], [-1.43558, 53.5847], [-1.46945, 53.5532], [-1.48375, 53.5633], [-1.48952, 53.5482], [-1.46068, 53.5247], [-1.43504, 53.5411], [-1.50977, 53.5838], [-1.41053, 53.5756], [-1.52656, 53.5471], [-1.42616, 53.5038], [-1.41351, 53.5205], [-1.45311, 53.6379], [-1.53733, 53.5788], [-1.38004, 53.5835], [-1.37076, 53.5391], [-1.49616, 53.649], [-1.36072, 53.6207], [-1.54557, 53.5234], [-1.5533, 53.6287], [-1.48152, 53.6844], [-1.51929, 53.6701], [-1.43512, 53.6882], [-1.30624, 53.5438], [-1.31709, 53.5247]]}}, {"type": "Feature", "properties": {"id": "Yorkshire and the Humber_C006", "name": "Yorkshire and the Humber Constituency 6", "region": "Yorkshire and the Humber", "electorate": 166441, "ward_count": 28, "ward_codes": ["E05001403", "E05001391", "E05001400", "E05001409", "E05001408", "E05001392", "E05001393", "E05001365", "E05001390", "E05011406", "E05001398", "E05001399", "E05011407", "E05011409", "E05012648", "E05001454", "E05011387", "E05011385", "E05012647", "E05011389", "E05011402", "E05001346", "E05001345", "E05011547", "E05011413", "E05001397", "E05001451", "E05008562"], "compliant": false}, "geometry": {"type": "MultiPoint", "coordinates": [[-1.67657, 53.706], [-1.65011, 53.7165], [-1.65625, 53.6897], [-1.69403, 53.6736], [-1.71138, 53.71], [-1.66567, 53.7427], [-1.73076, 53.7337], [-1.69367, 53.7692], [-1.61031, 53.7152], [-1.62449, 53.758], [-1.61273, 53.6916], [-1.62895, 53.6653], [-1.60497, 53.7338], [-1.67475, 53.7931], [-1.61045, 53.7837], [-1.58465, 53.6804], [-1.63598, 53.817], [-1.60084, 53.8018], [-1.56697, 53.7747], [-1.68059, 53.8216], [-1.60435, 53.8257], [-1.71678, 53.7991], [-1.73017, 53.7887], [-1.66285, 53.8423], [-1.59545, 53.8337], [-1.64968, 53.5926], [-1.55594, 53.6657], [-1.69376, 53.616]]}}, {"type": "Feature", "properties": {"id": "Yorkshire and the Humber_C007", "name": "Yorkshire and the Humber Constituency 7", "region": "Yorkshire and the Humber", "electorate": 144018, "ward_count": 23, "ward_codes": ["E05001342", "E05001362", "E05001352", "E05001364", "E05001359", "E05001368", "E05001341", "E05001347", "E05001344", "E05001358", "E05001350", "E05001353", "E05011395", "E05001366", "E05011549", "E05001354", "E05001356", "E05001343", "E05001355", "E05001349", "E05001357", "E05014332", "E05012841"], "compliant": true}, "geometry": {"type": "MultiPoint", "coordinates": [[-1.8201, 53.8687], [-1.79322, 53.8339], [-1.79456, 53.8183], [-1.795, 53.8057], [-1.77041, 53.807], [-1.75436, 53.83], [-1.77159, 53.853], [-1.76394, 53.7915], [-1.74592, 53.8133], [-1.76393, 53.7794], [-1.72094, 53.8184], [-1.72505, 53.8451], [-1.73625, 53.8732], [-1.76825, 53.9047], [-1.68135, 53.8849], [-1.82431, 53.9202], [-1.87217, 53.8802], [-1.887, 53.8177], [-1.91755, 53.8758], [-1.92039, 53.9214], [-1.93846, 53.8613], [-1.7212, 53.9957], [-1.60943, 53.8809]]}}, {"type": "Feature", "properties": {"id": "Yorkshire and the Humber_C008", "name": "Yorkshire and the Humber Constituency 8", "region": "Yorkshire and the Humber", "electorate": 153714, "ward_count": 28, "ward_codes": ["E05009090", "E05009053", "E05009085", "E05009038", "E05009089", "E05009092", "E05009050", "E05009082", "E05009080", "E05009041", "E05009087", "E05009070", "E05009063", "E05009032", "E05009047", "E05009033", "E05009060", "E05009058", "E05009031", "E05010419", "E05009051", "E05009064", "E05009036", "E05009039", "E05009034", "E05009062", "E05010422", "E05010427"], "compliant": true}, "geometry": {"type": "MultiPoint", "coordinates": [[-1.67293, 54.7304], [-1.75023, 54.7075], [-1.7905, 54.7398], [-1.67629, 54.6623], [-1.71295, 54.649], [-1.68702, 54.6466], [-1.66125, 54.6793], [-1.63581, 54.6969], [-1.64479, 54.6401], [-1.62762, 54.7509], [-1.59412, 54.7094], [-1.58938, 54.7716], [-1.57092, 54.6827], [-1.58825, 54.6314], [-1.56618, 54.6587], [-1.58839, 54.6158], [-1.57032, 54.7804], [-1.54329, 54.7546], [-1.55647, 54.6177], [-1.6626, 54.5666], [-1.51376, 54.7271], [-1.55847, 54.8083], [-1.53692, 54.7845], [-1.49588, 54.6868], [-1.86219, 54.5509], [-1.85571, 54.6535], [-1.58759, 54.5307], [-1.56949, 54.5325]]}}, {"type": "Feature", "properties": {"id": "Yorkshire and the Humber_C009", "name": "Yorkshire and the Humber Constituency 9", "region": "Yorkshire and the Humber", "electorate": 57976, "ward_count": 9, "ward_codes": ["E05001716", "E05001713", "E05001718", "E05001722", "E05001717", "E05001714", "E05001720", "E05009902", "E05001707"], "compliant": false}, "geometry": {"type": "MultiPoint", "coordinates": [[-0.02421, 53.5451], [-0.03766, 53.5542], [-0.0356, 53.5317], [-0.04737, 53.5678], [-0.06201, 53.5524], [-0.06576, 53.5718], [-0.08938, 53.5517], [0.018454, 53.5012], [-0.0308, 53.6842]]}}, {"type": "Feature", "properties": {"id": "Yorkshire and the Humber_C010", "name": "Yorkshire and the Humber Constituency 10", "region": "Yorkshire and the Humber", "electorate": 175992, "ward_count": 28, "ward_codes": ["E05014299", "E05014310", "E05014298", "E05014295", "E05014327", "E05014251", "E05014255", "E05014333", "E05014309", "E05014308", "E05014322", "E05014282", "E05014259", "E05014288", "E05014289", "E05014258", "E05014273", "E05014279", "E05014257", "E05014324", "E05014331", "E05014267", "E05014286", "E05014278", "E05014292", "E05014302", "E05014304", "E05014323"], "compliant": false}, "geometry": {"type": "MultiPoint", "coordinates": [[-1.41079, 54.3327], [-1.42734, 54.326], [-1.42589, 54.3694], [-1.46693, 54.4089], [-1.40039, 54.2291], [-1.57881, 54.2992], [-1.53745, 54.2415], [-1.46744, 54.1427], [-1.53145, 54.1397], [-1.51887, 54.1287], [-1.35305, 54.1892], [-1.27712, 54.2692], [-1.45803, 54.0417], [-1.45886, 54.02], [-1.46932, 54.0019], [-1.52073, 54.0122], [-1.49394, 53.9979], [-1.51861, 53.9979], [-1.54567, 54.0069], [-1.5137, 53.9875], [-1.54109, 53.9916], [-1.56553, 53.9968], [-1.58669, 54.009], [-1.55874, 53.9814], [-1.68502, 54.1822], [-1.53483, 53.966], [-1.26281, 54.0031], [-1.40433, 53.9464]]}}, {"type": "Feature", "properties": {"id": "Yorkshire and the Humber_C011", "name": "Yorkshire and the Humber Constituency 11", "region": "Yorkshire and the Humber", "electorate": 178940, "ward_count": 31, "ward_codes": ["E05010732", "E05010748", "E05010747", "E05010738", "E05010731", "E05010734", "E05010729", "E05010744", "E05010740", "E05010741", "E05010728", "E05010736", "E05010737", "E05014303", "E05010743", "E05014261", "E05010745", "E05014329", "E05014260", "E05014314", "E05014315", "E05001452", "E05014293", "E05001456", "E05001696", "E05001697", "E05001699", "E05001706", "E05015076", "E05015077", "E05015078"], "compliant": false}, "geometry": {"type": "MultiPoint", "coordinates": [[-1.08638, 53.5076], [-1.09719, 53.5343], [-1.12526, 53.5222], [-1.13813, 53.5094], [-1.12843, 53.5556], [-1.06368, 53.556], [-1.03561, 53.5345], [-1.05755, 53.5867], [-1.11046, 53.6142], [-1.18072, 53.5364], [-1.18623, 53.5692], [-1.00325, 53.5035], [-0.96849, 53.5616], [-1.15139, 53.686], [-1.24741, 53.5551], [-1.03932, 53.7295], [-0.92923, 53.6222], [-1.15084, 53.7597], [-1.04349, 53.7582], [-1.04667, 53.7754], [-1.10393, 53.7897], [-1.27599, 53.7123], [-1.23902, 53.744], [-1.28808, 53.6689], [-0.86214, 53.7177], [-0.88253, 53.703], [-0.93868, 53.749], [-0.86972, 53.6695], [-0.83023, 53.5502], [-0.7937, 53.6246], [-0.84115, 53.5107]]}}, {"type": "Feature", "properties": {"id": "Yorkshire and the Humber_C012", "name": "Yorkshire and the Humber Constituency 12", "region": "Yorkshire and the Humber", "electorate": 154723, "ward_count": 26, "ward_codes": ["E05010431", "E05010418", "E05010430", "E05010428", "E05010412", "E05010416", "E05010423", "E05010424", "E05010425", "E05010417", "E05010415", "E05010426", "E05010414", "E05010420", "E05010413", "E05010421", "E05010429", "E05014865", "E05009078", "E05014297", "E05014263", "E05014869", "E05014280", "E05014307", "E05014312", "E05014866"], "compliant": true}, "geometry": {"type": "MultiPoint", "coordinates": [[-1.52341, 54.5474], [-1.5292, 54.5426], [-1.53413, 54.5306], [-1.51722, 54.5285], [-1.53759, 54.5183], [-1.52658, 54.5137], [-1.55137, 54.5408], [-1.55338, 54.532], [-1.55372, 54.5135], [-1.55131, 54.5537], [-1.57078, 54.5266], [-1.56846, 54.5148], [-1.59003, 54.5375], [-1.59144, 54.5196], [-1.61051, 54.5552], [-1.52279, 54.4975], [-1.47437, 54.5552], [-1.39948, 54.5302], [-1.45327, 54.6492], [-1.71654, 54.4748], [-1.62762, 54.3921], [-1.35746, 54.5592], [-1.71982, 54.3833], [-1.77104, 54.4141], [-1.71421, 54.3235], [-1.35608, 54.5676]]}}, {"type": "Feature", "properties": {"id": "Yorkshire and the Humber_C013", "name": "Yorkshire and the Humber Constituency 13", "region": "Yorkshire and the Humber", "electorate": 124655, "ward_count": 21, "ward_codes": ["E05015881", "E05015871", "E05011459", "E05011458", "E05011448", "E05011452", "E05011439", "E05011455", "E05011443", "E05011457", "E05011454", "E05011453", "E05011436", "E05011461", "E05011445", "E05011438", "E05011460", "E05011437", "E05011444", "E05011451", "E05011442"], "compliant": false}, "geometry": {"type": "MultiPoint", "coordinates": [[-1.52515, 54.995], [-1.49887, 54.9987], [-1.55572, 54.9837], [-1.55087, 54.9688], [-1.57703, 54.9881], [-1.57053, 54.9982], [-1.57614, 54.9735], [-1.59704, 54.9771], [-1.60427, 54.9995], [-1.60098, 54.9847], [-1.60492, 54.9934], [-1.61788, 54.9732], [-1.63462, 54.9775], [-1.63815, 54.9849], [-1.64656, 54.9683], [-1.66111, 54.9971], [-1.67793, 54.9857], [-1.67848, 54.9749], [-1.69559, 54.9936], [-1.71524, 54.9817], [-1.72265, 54.999]]}}, {"type": "Feature", "properties": {"id": "Yorkshire and the Humber_C014", "name": "Yorkshire and the Humber Constituency 14", "region": "Yorkshire and the Humber", "electorate": 24678, "ward_count": 4, "ward_codes": ["E05014319", "E05014320", "E05014290", "E05014305"], "compliant": false}, "geometry": {"type": "MultiPoint", "coordinates": [[-1.99204, 53.9593], [-1.99234, 53.9874], [-1.81663, 54.2663], [-1.83109, 54.1008]]}}, {"type": "Feature", "properties": {"id": "Yorkshire and the Humber_C015", "name": "Yorkshire and the Humber Constituency 15", "region": "Yorkshire and the Humber", "electorate": 146280, "ward_count": 25, "ward_codes": ["E05001158", "E05001167", "E05001161", "E05001171", "E05001153", "E05001162", "E05001156", "E05001164", "E05001169", "E05001166", "E05001165", "E05009077", "E05001155", "E05009057", "E05009069", "E05001170", "E05001159", "E05001160", "E05009054", "E05009081", "E05009059", "E05001174", "E05009079", "E05001173", "E05009086"], "compliant": true}, "geometry": {"type": "MultiPoint", "coordinates": [[-1.36733, 54.8994], [-1.38554, 54.8943], [-1.39774, 54.9062], [-1.4005, 54.879], [-1.4148, 54.8946], [-1.42379, 54.9062], [-1.40817, 54.8606], [-1.36983, 54.8715], [-1.43951, 54.8849], [-1.43417, 54.8744], [-1.44329, 54.9011], [-1.3788, 54.8419], [-1.45421, 54.8487], [-1.36202, 54.8353], [-1.38744, 54.8163], [-1.48044, 54.8804], [-1.45451, 54.8186], [-1.48881, 54.8481], [-1.33761, 54.8299], [-1.41378, 54.7907], [-1.35281, 54.7953], [-1.50169, 54.8961], [-1.48887, 54.7778], [-1.52383, 54.8976], [-1.42599, 54.7322]]}}, {"type": "Feature", "properties": {"id": "Yorkshire and the Humber_C016", "name": "Yorkshire and the Humber Constituency 16", "region": "Yorkshire and the Humber", "electorate": 141146, "ward_count": 23, "ward_codes": ["E05009052", "E05009083", "E05009084", "E05009030", "E05009042", "E05001086", "E05001088", "E05001068", "E05001085", "E05001075", "E05001082", "E05001074", "E05001078", "E05001079", "E05009073", "E05001083", "E05001080", "E05001071", "E05001069", "E05001073", "E05001077", "E05009046", "E05009044"], "compliant": true}, "geometry": {"type": "MultiPoint", "coordinates": [[-1.69397, 54.8582], [-1.67941, 54.8683], [-1.70362, 54.887], [-1.74526, 54.8605], [-1.74206, 54.9031], [-1.6952, 54.925], [-1.75187, 54.9398], [-1.7098, 54.9581], [-1.67966, 54.9527], [-1.65847, 54.9431], [-1.75443, 54.9712], [-1.64982, 54.9557], [-1.61689, 54.9071], [-1.62656, 54.9401], [-1.62667, 54.8783], [-1.60825, 54.9458], [-1.59874, 54.9366], [-1.59307, 54.9254], [-1.59702, 54.9615], [-1.58717, 54.947], [-1.57448, 54.9326], [-1.60307, 54.8565], [-1.58427, 54.8649]]}}, {"type": "Feature", "properties": {"id": "Yorkshire and the Humber_C017", "name": "Yorkshire and the Humber Constituency 17", "region": "Yorkshire and the Humber", "electorate": 147809, "ward_count": 26, "ward_codes": ["E05009056", "E05009048", "E05009049", "E05009037", "E05009066", "E05009067", "E05009313", "E05001072", "E05009147", "E05009146", "E05009156", "E05009106", "E05009076", "E05009045", "E05009043", "E05009071", "E05001067", "E05001176", "E05001177", "E05001087", "E05001076", "E05001081", "E05009068", "E05001084", "E05009061", "E05009055"], "compliant": true}, "geometry": {"type": "MultiPoint", "coordinates": [[-1.81894, 54.8462], [-1.83437, 54.8581], [-1.85846, 54.8461], [-1.8546, 54.8684], [-1.84226, 54.8138], [-1.81271, 54.8805], [-1.79178, 54.9226], [-1.77914, 54.9575], [-1.84257, 54.9529], [-1.86216, 54.9635], [-1.93978, 54.9364], [-1.88388, 54.9808], [-1.6358, 54.8349], [-1.60167, 54.8421], [-1.56884, 54.8541], [-1.56052, 54.8717], [-1.57183, 54.8888], [-1.54586, 54.8878], [-1.54615, 54.916], [-1.56068, 54.9371], [-1.56952, 54.9544], [-1.53809, 54.9538], [-1.53805, 54.8456], [-1.52908, 54.9435], [-1.72062, 54.7892], [-1.68556, 54.7716]]}}, {"type": "Feature", "properties": {"id": "Yorkshire and the Humber_C018", "name": "Yorkshire and the Humber Constituency 18", "region": "Yorkshire and the Humber", "electorate": 204074, "ward_count": 35, "ward_codes": ["E05012458", "E05012460", "E05012459", "E05012449", "E05012445", "E05012448", "E05012452", "E05012443", "E05012440", "E05012439", "E05012441", "E05012456", "E05012442", "E05012444", "E05012457", "E05012450", "E05012437", "E05012451", "E05009856", "E05009870", "E05015469", "E05009855", "E05015468", "E05009867", "E05014268", "E05014276", "E05014281", "E05014287", "E05014325", "E05012438", "E05012446", "E05012447", "E05012453", "E05012454", "E05012455"], "compliant": false}, "geometry": {"type": "MultiPoint", "coordinates": [[-1.05526, 54.606], [-1.04835, 54.6095], [-1.05223, 54.5957], [-1.075, 54.6084], [-1.07275, 54.5891], [-1.03609, 54.5892], [-1.00779, 54.5903], [-1.08079, 54.5531], [-1.11013, 54.5893], [-1.1258, 54.6293], [-1.11794, 54.5672], [-1.14275, 54.5963], [-1.14643, 54.5731], [-1.11104, 54.5172], [-1.15204, 54.5623], [-1.16192, 54.5479], [-1.03677, 54.5123], [-1.17961, 54.5415], [-1.1876, 54.5643], [-1.18891, 54.5519], [-1.16632, 54.515], [-1.20342, 54.5603], [-1.19885, 54.5373], [-1.2092, 54.5705], [-0.89085, 54.474], [-1.08632, 54.4235], [-1.04621, 54.2575], [-0.88196, 54.3146], [-1.1653, 54.4462], [-0.92859, 54.5721], [-0.95718, 54.5214], [-0.8546, 54.5298], [-0.99098, 54.5796], [-0.96425, 54.5665], [-0.9944, 54.5534]]}}, {"type": "Feature", "properties": {"id": "Yorkshire and the Humber_C019", "name": "Yorkshire and the Humber Constituency 19", "region": "Yorkshire and the Humber", "electorate": 154577, "ward_count": 27, "ward_codes": ["E05014863", "E05014868", "E05014879", "E05014867", "E05014873", "E05014878", "E05014864", "E05014870", "E05014883", "E05014871", "E05014881", "E05014884", "E05014880", "E05009872", "E05009854", "E05009862", "E05009871", "E05009860", "E05009853", "E05009859", "E05009869", "E05009857", "E05009863", "E05009861", "E05014285", "E05009858", "E05009865"], "compliant": true}, "geometry": {"type": "MultiPoint", "coordinates": [[-1.36697, 54.5792], [-1.35365, 54.5852], [-1.33633, 54.5866], [-1.33161, 54.5712], [-1.32258, 54.5713], [-1.32662, 54.556], [-1.33624, 54.5387], [-1.31896, 54.5257], [-1.30288, 54.5397], [-1.32133, 54.5129], [-1.28962, 54.5273], [-1.35648, 54.499], [-1.29884, 54.4924], [-1.26957, 54.5381], [-1.26855, 54.554], [-1.25354, 54.558], [-1.26696, 54.5198], [-1.23914, 54.5372], [-1.24776, 54.5445], [-1.23926, 54.5242], [-1.24101, 54.5589], [-1.23136, 54.5778], [-1.22284, 54.5556], [-1.22249, 54.54], [-1.28806, 54.4152], [-1.21768, 54.5214], [-1.18991, 54.5196]]}}, {"type": "Feature", "properties": {"id": "Yorkshire and the Humber_C020", "name": "Yorkshire and the Humber Constituency 20", "region": "Yorkshire and the Humber", "electorate": 37342, "ward_count": 7, "ward_codes": ["E05014874", "E05009091", "E05009040", "E05009065", "E05009072", "E05009074", "E05009075"], "compliant": false}, "geometry": {"type": "MultiPoint", "coordinates": [[-1.38272, 54.6051], [-1.37946, 54.6983], [-1.31575, 54.7242], [-1.31633, 54.7718], [-1.34473, 54.7493], [-1.33195, 54.7626], [-1.34949, 54.7625]]}}, {"type": "Feature", "properties": {"id": "Yorkshire and the Humber_C021", "name": "Yorkshire and the Humber Constituency 21", "region": "Yorkshire and the Humber", "electorate": 205522, "ward_count": 34, "ward_codes": ["E05015474", "E05010326", "E05010331", "E05010317", "E05010323", "E05010321", "E05010320", "E05010316", "E05010324", "E05010318", "E05010329", "E05010313", "E05010325", "E05010327", "E05010322", "E05010319", "E05010315", "E05010311", "E05010330", "E05010312", "E05010314", "E05010328", "E05014264", "E05014252", "E05014253", "E05014254", "E05014266", "E05014270", "E05014283", "E05014291", "E05014300", "E05014318", "E05015475", "E05001700"], "compliant": false}, "geometry": {"type": "MultiPoint", "coordinates": [[-0.88428, 53.9449], [-0.98412, 53.9613], [-1.01548, 53.9041], [-1.03303, 53.9284], [-1.03838, 53.95], [-1.03852, 53.9792], [-1.06032, 53.9646], [-1.07078, 53.9469], [-1.0557, 53.992], [-1.07544, 53.9631], [-1.01769, 54.0175], [-1.09282, 53.9691], [-1.09248, 53.9449], [-1.10027, 53.9813], [-1.10896, 53.9593], [-1.08727, 54.0225], [-1.12393, 53.9379], [-1.13043, 53.964], [-1.13138, 53.9468], [-1.10625, 53.9016], [-1.14159, 53.9067], [-1.16007, 53.9559], [-1.03015, 53.856], [-0.92671, 54.172], [-1.22061, 53.8647], [-1.04719, 53.8207], [-0.98092, 53.8036], [-1.21324, 54.1124], [-1.14571, 54.065], [-0.78396, 54.1499], [-0.78658, 54.1251], [-0.87248, 54.0725], [-0.7456, 53.9399], [-0.7727, 53.779]]}}, {"type": "Feature", "properties": {"id": "Yorkshire and the Humber_C022", "name": "Yorkshire and the Humber Constituency 22", "region": "Yorkshire and the Humber", "electorate": 169801, "ward_count": 31, "ward_codes": ["E05001444", "E05001457", "E05001449", "E05001455", "E05001447", "E05001445", "E05011401", "E05001446", "E05013830", "E05011410", "E05001458", "E05013831", "E05011391", "E05011400", "E05011388", "E05001460", "E05001464", "E05011394", "E05011399", "E05011384", "E05011404", "E05011411", "E05011396", "E05011390", "E05011403", "E05011405", "E05011397", "E05011414", "E05014317", "E05014326", "E05012842"], "compliant": false}, "geometry": {"type": "MultiPoint", "coordinates": [[-1.31862, 53.6371], [-1.30762, 53.592], [-1.3732, 53.6793], [-1.31217, 53.6964], [-1.34198, 53.7206], [-1.31205, 53.7257], [-1.33933, 53.7658], [-1.40367, 53.7138], [-1.41366, 53.7705], [-1.4565, 53.7462], [-1.47136, 53.711], [-1.46333, 53.7895], [-1.43905, 53.813], [-1.47363, 53.8193], [-1.50169, 53.792], [-1.51378, 53.6863], [-1.52765, 53.7033], [-1.50383, 53.8114], [-1.53081, 53.7762], [-1.54455, 53.7251], [-1.54225, 53.7554], [-1.50372, 53.8335], [-1.43179, 53.8697], [-1.54088, 53.822], [-1.55275, 53.8051], [-1.55241, 53.8384], [-1.56727, 53.8153], [-1.35282, 53.9007], [-1.23956, 53.7962], [-1.28964, 53.8764], [-1.5417, 53.8665]]}}, {"type": "Feature", "properties": {"id": "Yorkshire and the Humber_C023", "name": "Yorkshire and the Humber Constituency 23", "region": "Yorkshire and the Humber", "electorate": 196372, "ward_count": 32, "ward_codes": ["E05011532", "E05011531", "E05011542", "E05011543", "E05011533", "E05011545", "E05011538", "E05011526", "E05011529", "E05011534", "E05011525", "E05011541", "E05011544", "E05011539", "E05011528", "E05011537", "E05011527", "E05011530", "E05001691", "E05001692", "E05011540", "E05001702", "E05001710", "E05001711", "E05011535", "E05011536", "E05001693", "E05001698", "E05001701", "E05001708", "E05001709", "E05001695"], "compliant": false}, "geometry": {"type": "MultiPoint", "coordinates": [[-0.31233, 53.7696], [-0.32114, 53.7503], [-0.2941, 53.7559], [-0.29475, 53.7829], [-0.28686, 53.7718], [-0.33395, 53.7882], [-0.32152, 53.8026], [-0.34751, 53.7693], [-0.34808, 53.7534], [-0.34657, 53.7979], [-0.3649, 53.7541], [-0.35949, 53.7364], [-0.37218, 53.7754], [-0.37593, 53.7851], [-0.38026, 53.7615], [-0.38211, 53.7392], [-0.39513, 53.7466], [-0.40611, 53.7587], [-0.41188, 53.7922], [-0.41832, 53.7752], [-0.40536, 53.7292], [-0.40393, 53.8313], [-0.4328, 53.742], [-0.45057, 53.7539], [-0.26522, 53.7755], [-0.26465, 53.7511], [-0.5454, 53.7668], [-0.44255, 53.7247], [-0.18605, 53.8093], [-0.50974, 53.7351], [-0.18188, 53.7149], [-0.35225, 54.038]]}}, {"type": "Feature", "properties": {"id": "Yorkshire and the Humber_C024", "name": "Yorkshire and the Humber Constituency 24", "region": "Yorkshire and the Humber", "electorate": 147683, "ward_count": 25, "ward_codes": ["E05014311", "E05014296", "E05014338", "E05014301", "E05014274", "E05014262", "E05014334", "E05014271", "E05014313", "E05014265", "E05014284", "E05014269", "E05014275", "E05001688", "E05001690", "E05001694", "E05014328", "E05001689", "E05001687", "E05001703", "E05001705", "E05014272", "E05014336", "E05014306", "E05014337"], "compliant": true}, "geometry": {"type": "MultiPoint", "coordinates": [[-0.45584, 54.3237], [-0.43846, 54.2929], [-0.43245, 54.2825], [-0.40785, 54.2897], [-0.42299, 54.2679], [-0.40423, 54.2825], [-0.4001, 54.2649], [-0.40031, 54.2456], [-0.43994, 54.2411], [-0.36021, 54.2321], [-0.50405, 54.1759], [-0.54372, 54.2835], [-0.28789, 54.1996], [-0.23001, 54.1139], [-0.21973, 54.0786], [-0.52892, 54.0144], [-0.61198, 54.138], [-0.11908, 54.1121], [-0.51595, 53.8713], [-0.21639, 53.9085], [-0.44539, 53.8476], [-0.69617, 54.4214], [-0.60856, 54.4733], [-0.77429, 54.2486], [-0.638, 54.4808]]}}, {"type": "Feature", "properties": {"id": "North West_C001", "name": "North West Constituency 1", "region": "North West", "electorate": 149901, "ward_count": 25, "ward_codes": ["E05005207", "E05005208", "E05005217", "E05005212", "E05005214", "E05005209", "E05005221", "E05005206", "E05005210", "E05005211", "E05005219", "E05005213", "E05005215", "E05015822", "E05005220", "E05005218", "E05005216", "E05012009", "E05012022", "E05005158", "E05012001", "E05012023", "E05012025", "E05015823", "E05015824"], "compliant": true}, "geometry": {"type": "MultiPoint", "coordinates": [[-2.34047, 53.7494], [-2.34469, 53.733], [-2.35883, 53.7556], [-2.34004, 53.7686], [-2.36596, 53.7634], [-2.37512, 53.7525], [-2.37529, 53.7445], [-2.36069, 53.7804], [-2.3893, 53.7587], [-2.39182, 53.7745], [-2.39619, 53.7465], [-2.38662, 53.725], [-2.38599, 53.7898], [-2.32788, 53.7219], [-2.41972, 53.7314], [-2.42811, 53.7648], [-2.41385, 53.7955], [-2.3603, 53.8103], [-2.40736, 53.8213], [-2.30525, 53.7709], [-2.4386, 53.8046], [-2.42254, 53.829], [-2.38487, 53.843], [-2.36467, 53.6841], [-2.29398, 53.6957]]}}, {"type": "Feature", "properties": {"id": "North West_C002", "name": "North West Constituency 2", "region": "North West", "electorate": 148227, "ward_count": 25, "ward_codes": ["E05011366", "E05011360", "E05011367", "E05014048", "E05011355", "E05014052", "E05014037", "E05011373", "E05014046", "E05014039", "E05014649", "E05014648", "E05014653", "E05014035", "E05014647", "E05014045", "E05014656", "E05014665", "E05014652", "E05014650", "E05014654", "E05014033", "E05014042", "E05014657", "E05014165"], "compliant": true}, "geometry": {"type": "MultiPoint", "coordinates": [[-2.21269, 53.5084], [-2.23385, 53.5139], [-2.23741, 53.5332], [-2.21729, 53.5459], [-2.19306, 53.5242], [-2.2229, 53.5622], [-2.18473, 53.5405], [-2.18681, 53.5133], [-2.17995, 53.5595], [-2.22986, 53.5736], [-2.16162, 53.5303], [-2.15582, 53.5546], [-2.16332, 53.5061], [-2.17727, 53.5863], [-2.14304, 53.5422], [-2.21089, 53.5956], [-2.13827, 53.5701], [-2.13034, 53.533], [-2.13884, 53.5042], [-2.12049, 53.5475], [-2.12471, 53.5174], [-2.14928, 53.5949], [-2.15686, 53.6075], [-2.11225, 53.562], [-2.26474, 53.5235]]}}, {"type": "Feature", "properties": {"id": "North West_C003", "name": "North West Constituency 3", "region": "North West", "electorate": 148569, "ward_count": 26, "ward_codes": ["E05013026", "E05014166", "E05014152", "E05014156", "E05014168", "E05014159", "E05013029", "E05014164", "E05014160", "E05014162", "E05013033", "E05014154", "E05014153", "E05014157", "E05014155", "E05014051", "E05014161", "E05013032", "E05014830", "E05014167", "E05014158", "E05014831", "E05013037", "E05015820", "E05014163", "E05014819"], "compliant": true}, "geometry": {"type": "MultiPoint", "coordinates": [[-2.28185, 53.5093], [-2.30029, 53.5267], [-2.27664, 53.5497], [-2.25393, 53.5459], [-2.27349, 53.5677], [-2.31663, 53.5409], [-2.31779, 53.5193], [-2.29714, 53.5836], [-2.31793, 53.5704], [-2.33537, 53.5563], [-2.32445, 53.5048], [-2.3253, 53.5893], [-2.26286, 53.5983], [-2.28706, 53.6072], [-2.31493, 53.6071], [-2.24916, 53.5897], [-2.35545, 53.5807], [-2.35355, 53.5148], [-2.3654, 53.5401], [-2.35161, 53.6104], [-2.3222, 53.6255], [-2.37466, 53.5627], [-2.36432, 53.5014], [-2.28412, 53.6546], [-2.33205, 53.6491], [-2.39376, 53.6134]]}}, {"type": "Feature", "properties": {"id": "North West_C004", "name": "North West Constituency 4", "region": "North West", "electorate": 144630, "ward_count": 25, "ward_codes": ["E05014886", "E05014905", "E05014888", "E05014890", "E05014896", "E05014887", "E05014898", "E05014901", "E05014902", "E05014903", "E05014906", "E05014885", "E05014907", "E05014911", "E05014900", "E05014910", "E05014899", "E05014894", "E05014895", "E05014893", "E05014889", "E05014909", "E05014904", "E05014891", "E05014230"], "compliant": true}, "geometry": {"type": "MultiPoint", "coordinates": [[-2.79609, 54.0974], [-2.80009, 54.0647], [-2.78179, 54.0567], [-2.80112, 54.0477], [-2.78308, 54.0448], [-2.78279, 54.037], [-2.8195, 54.0458], [-2.82242, 54.0595], [-2.78875, 54.0286], [-2.81758, 54.0295], [-2.83266, 54.0682], [-2.84029, 54.0731], [-2.78925, 54.0121], [-2.85417, 54.0597], [-2.85677, 54.0735], [-2.87212, 54.0656], [-2.87675, 54.023], [-2.88307, 54.0598], [-2.88895, 54.0421], [-2.88561, 54.0509], [-2.7653, 54.1246], [-2.75395, 54.1497], [-2.78601, 54.1757], [-2.79818, 53.9788], [-3.13549, 54.205]]}}, {"type": "Feature", "properties": {"id": "North West_C005", "name": "North West Constituency 5", "region": "North West", "electorate": 148730, "ward_count": 25, "ward_codes": ["E05014826", "E05014834", "E05014827", "E05014836", "E05014837", "E05014993", "E05014829", "E05014994", "E05014833", "E05015001", "E05015009", "E05014832", "E05013027", "E05014824", "E05014825", "E05014818", "E05014823", "E05014822", "E05014835", "E05014821", "E05013034", "E05014820", "E05013035", "E05014999", "E05015003"], "compliant": true}, "geometry": {"type": "MultiPoint", "coordinates": [[-2.49149, 53.5733], [-2.46646, 53.6032], [-2.51866, 53.6046], [-2.52045, 53.5574], [-2.53859, 53.5392], [-2.48787, 53.5303], [-2.46302, 53.5488], [-2.50028, 53.5123], [-2.45044, 53.568], [-2.48655, 53.5015], [-2.44488, 53.5154], [-2.43802, 53.5773], [-2.43223, 53.5319], [-2.42689, 53.5617], [-2.43768, 53.589], [-2.44479, 53.6119], [-2.41398, 53.5433], [-2.40555, 53.5555], [-2.41089, 53.5832], [-2.42319, 53.6235], [-2.3963, 53.5294], [-2.38759, 53.5835], [-2.39393, 53.5197], [-2.55033, 53.5242], [-2.542, 53.5059]]}}, {"type": "Feature", "properties": {"id": "North West_C006", "name": "North West Constituency 6", "region": "North West", "electorate": 142399, "ward_count": 25, "ward_codes": ["E05014991", "E05015010", "E05015000", "E05015011", "E05015013", "E05014996", "E05015008", "E05015006", "E05015012", "E05014995", "E05015007", "E05015005", "E05014989", "E05013074", "E05014998", "E05014828", "E05013071", "E05013070", "E05013068", "E05013066", "E05013064", "E05013069", "E05013076", "E05013077", "E05013065"], "compliant": true}, "geometry": {"type": "MultiPoint", "coordinates": [[-2.6094, 53.5695], [-2.62712, 53.5533], [-2.60524, 53.5423], [-2.65763, 53.5569], [-2.63793, 53.5276], [-2.64983, 53.5424], [-2.66196, 53.5876], [-2.67903, 53.5439], [-2.67402, 53.5196], [-2.65263, 53.5026], [-2.68578, 53.5801], [-2.70512, 53.5319], [-2.59331, 53.5127], [-2.66084, 53.6181], [-2.57762, 53.5352], [-2.5734, 53.5901], [-2.643, 53.6392], [-2.6048, 53.6351], [-2.64385, 53.6545], [-2.61094, 53.6502], [-2.57197, 53.6303], [-2.62756, 53.6656], [-2.69682, 53.6383], [-2.68061, 53.667], [-2.65001, 53.6806]]}}, {"type": "Feature", "properties": {"id": "North West_C007", "name": "North West Constituency 7", "region": "North West", "electorate": 141612, "ward_count": 25, "ward_codes": ["E05012024", "E05011521", "E05011509", "E05011522", "E05011511", "E05011518", "E05011508", "E05011523", "E05011513", "E05011517", "E05011512", "E05011520", "E05011510", "E05011514", "E05011516", "E05011519", "E05012006", "E05011515", "E05012014", "E05012003", "E05012016", "E05013067", "E05011524", "E05013072", "E05010233"], "compliant": true}, "geometry": {"type": "MultiPoint", "coordinates": [[-2.46439, 53.7865], [-2.47524, 53.7708], [-2.47412, 53.7555], [-2.49266, 53.7563], [-2.48385, 53.7442], [-2.45641, 53.7626], [-2.45892, 53.7439], [-2.5018, 53.7467], [-2.46274, 53.7326], [-2.49237, 53.7289], [-2.47698, 53.7216], [-2.5053, 53.7351], [-2.50945, 53.7593], [-2.46505, 53.7007], [-2.50459, 53.6911], [-2.53389, 53.7363], [-2.50478, 53.8038], [-2.47244, 53.6825], [-2.54639, 53.7825], [-2.45584, 53.8176], [-2.54565, 53.8278], [-2.5642, 53.6878], [-2.44747, 53.6584], [-2.59881, 53.7206], [-2.61148, 53.757]]}}, {"type": "Feature", "properties": {"id": "North West_C008", "name": "North West Constituency 8", "region": "North West", "electorate": 139502, "ward_count": 24, "ward_codes": ["E05014929", "E05014935", "E05014934", "E05014931", "E05014937", "E05014930", "E05014933", "E05014939", "E05014940", "E05014941", "E05014130", "E05014936", "E05014943", "E05013075", "E05014942", "E05010224", "E05000952", "E05014932", "E05014938", "E05000949", "E05000948", "E05000945", "E05000941", "E05010227"], "compliant": true}, "geometry": {"type": "MultiPoint", "coordinates": [[-2.91506, 53.556], [-2.88468, 53.5784], [-2.86823, 53.5716], [-2.8527, 53.5937], [-2.85509, 53.5308], [-2.84503, 53.6189], [-2.79697, 53.5491], [-2.77768, 53.563], [-2.77117, 53.543], [-2.7613, 53.5512], [-2.77902, 53.5004], [-2.74678, 53.5879], [-2.74308, 53.5328], [-2.78324, 53.6536], [-2.8554, 53.6769], [-2.78913, 53.7029], [-2.92725, 53.5123], [-2.89302, 53.7002], [-2.95703, 53.5924], [-2.95741, 53.5197], [-2.97235, 53.6426], [-2.95991, 53.67], [-2.98735, 53.6332], [-2.80386, 53.731]]}}, {"type": "Feature", "properties": {"id": "North West_C009", "name": "North West Constituency 9", "region": "North West", "electorate": 139704, "ward_count": 24, "ward_codes": ["E05014549", "E05014538", "E05014542", "E05014544", "E05014540", "E05014539", "E05015201", "E05014543", "E05015194", "E05015193", "E05015191", "E05015200", "E05015204", "E05015206", "E05015203", "E05015197", "E05015188", "E05015202", "E05015189", "E05015196", "E05015199", "E05015190", "E05015192", "E05015205"], "compliant": true}, "geometry": {"type": "MultiPoint", "coordinates": [[-2.98671, 53.7565], [-2.99651, 53.742], [-3.01148, 53.7515], [-3.01733, 53.7651], [-3.01971, 53.7452], [-3.02412, 53.757], [-3.01473, 53.784], [-3.04111, 53.7564], [-3.03247, 53.7868], [-3.02862, 53.7977], [-3.00404, 53.7984], [-3.04659, 53.7821], [-3.03964, 53.7999], [-3.04848, 53.7924], [-3.03595, 53.8081], [-3.01057, 53.8079], [-3.04928, 53.8055], [-3.0471, 53.8169], [-3.03696, 53.8213], [-3.0287, 53.8264], [-3.01213, 53.8336], [-3.04814, 53.8256], [-3.03258, 53.8398], [-3.04887, 53.8383]]}}, {"type": "Feature", "properties": {"id": "North West_C010", "name": "North West Constituency 10", "region": "North West", "electorate": 149670, "ward_count": 25, "ward_codes": ["E05010218", "E05010232", "E05010226", "E05010222", "E05010217", "E05010223", "E05010228", "E05010219", "E05010215", "E05010236", "E05013073", "E05010235", "E05010214", "E05010229", "E05010221", "E05010234", "E05010216", "E05012196", "E05012198", "E05012207", "E05012197", "E05012203", "E05010231", "E05010230", "E05010220"], "compliant": true}, "geometry": {"type": "MultiPoint", "coordinates": [[-2.68219, 53.6864], [-2.68659, 53.6976], [-2.69308, 53.693], [-2.68071, 53.7099], [-2.70644, 53.6959], [-2.71113, 53.7134], [-2.68451, 53.7271], [-2.70752, 53.7312], [-2.66847, 53.7273], [-2.68483, 53.7415], [-2.65812, 53.7038], [-2.66126, 53.7387], [-2.647, 53.7255], [-2.71026, 53.7397], [-2.72306, 53.6856], [-2.71618, 53.6813], [-2.72954, 53.7403], [-2.70762, 53.757], [-2.6718, 53.7571], [-2.67985, 53.7661], [-2.68367, 53.7717], [-2.70745, 53.7703], [-2.74022, 53.7262], [-2.73734, 53.6996], [-2.62631, 53.7314]]}}, {"type": "Feature", "properties": {"id": "North West_C011", "name": "North West Constituency 11", "region": "North West", "electorate": 149557, "ward_count": 26, "ward_codes": ["E05013205", "E05005160", "E05005155", "E05005150", "E05005159", "E05005163", "E05005162", "E05005152", "E05013204", "E05013211", "E05013203", "E05005156", "E05005164", "E05005161", "E05005154", "E05013201", "E05005157", "E05013208", "E05005151", "E05005153", "E05013210", "E05013209", "E05015825", "E05015819", "E05014277", "E05014335"], "compliant": true}, "geometry": {"type": "MultiPoint", "coordinates": [[-2.25085, 53.8221], [-2.23699, 53.808], [-2.24915, 53.8006], [-2.23092, 53.7946], [-2.22518, 53.8029], [-2.25358, 53.7886], [-2.23277, 53.7781], [-2.21695, 53.7859], [-2.20992, 53.8224], [-2.21724, 53.8326], [-2.20477, 53.8429], [-2.27411, 53.7938], [-2.28263, 53.8056], [-2.27965, 53.786], [-2.26045, 53.7664], [-2.25627, 53.8652], [-2.30745, 53.8022], [-2.17647, 53.8327], [-2.16693, 53.8088], [-2.18362, 53.7649], [-2.17657, 53.8521], [-2.18302, 53.8642], [-2.24147, 53.7211], [-2.28449, 53.7259], [-2.00503, 53.8886], [-2.04997, 54.0983]]}}, {"type": "Feature", "properties": {"id": "North West_C012", "name": "North West Constituency 12", "region": "North West", "electorate": 136445, "ward_count": 26, "ward_codes": ["E05014892", "E05014897", "E05014908", "E05014220", "E05014236", "E05014238", "E05014234", "E05014231", "E05014232", "E05014233", "E05014235", "E05014219", "E05014247", "E05014245", "E05014226", "E05014224", "E05014249", "E05014221", "E05014237", "E05014256", "E05014225", "E05014243", "E05014227", "E05014242", "E05014198", "E05014229"], "compliant": true}, "geometry": {"type": "MultiPoint", "coordinates": [[-2.70235, 54.1183], [-2.61877, 54.0646], [-2.56748, 54.1607], [-2.668, 54.2129], [-2.78121, 54.2073], [-2.78526, 54.272], [-2.7319, 54.2848], [-2.73247, 54.3195], [-2.75643, 54.3206], [-2.72647, 54.3324], [-2.75464, 54.3346], [-2.8668, 54.285], [-2.78311, 54.4034], [-2.51485, 54.3124], [-2.96126, 54.212], [-2.78091, 54.5519], [-2.95298, 54.4276], [-3.04293, 54.3292], [-2.49143, 54.4314], [-2.42523, 54.1316], [-2.62731, 54.5845], [-2.74649, 54.6606], [-2.92738, 54.6359], [-2.75232, 54.6944], [-3.11351, 54.5384], [-2.85251, 54.7481]]}}, {"type": "Feature", "properties": {"id": "North West_C013", "name": "North West Constituency 13", "region": "North West", "electorate": 148564, "ward_count": 26, "ward_codes": ["E05014180", "E05014188", "E05014194", "E05014204", "E05014189", "E05014177", "E05014197", "E05014196", "E05014193", "E05014206", "E05014208", "E05014207", "E05014209", "E05014182", "E05014201", "E05014179", "E05014200", "E05014186", "E05014181", "E05014190", "E05014175", "E05014171", "E05014203", "E05014210", "E05014212", "E05014215"], "compliant": true}, "geometry": {"type": "MultiPoint", "coordinates": [[-3.5071, 54.514], [-3.53011, 54.4864], [-3.5453, 54.5434], [-3.57234, 54.5288], [-3.58126, 54.4984], [-3.5766, 54.5547], [-3.59656, 54.5276], [-3.53503, 54.5785], [-3.52509, 54.6204], [-3.55432, 54.6314], [-3.56098, 54.6427], [-3.52229, 54.6438], [-3.50744, 54.6649], [-3.41603, 54.6345], [-3.47492, 54.6921], [-3.40324, 54.5252], [-3.45284, 54.7291], [-3.41064, 54.71], [-3.39349, 54.6727], [-3.39435, 54.442], [-3.25187, 54.6344], [-3.33636, 54.7982], [-3.29165, 54.3205], [-3.30683, 54.8528], [-3.11521, 54.7646], [-3.15561, 54.8335]]}}, {"type": "Feature", "properties": {"id": "North West_C014", "name": "North West Constituency 14", "region": "North West", "electorate": 207855, "ward_count": 36, "ward_codes": ["E05009940", "E05009949", "E05009948", "E05009939", "E05014551", "E05009951", "E05009933", "E05009941", "E05009932", "E05009936", "E05014552", "E05009952", "E05009943", "E05009953", "E05009947", "E05015195", "E05009944", "E05015186", "E05009937", "E05015198", "E05009945", "E05009942", "E05009946", "E05015187", "E05009954", "E05014228", "E05014239", "E05014240", "E05014241", "E05014244", "E05014246", "E05014248", "E05014202", "E05009950", "E05014222", "E05014223"], "compliant": false}, "geometry": {"type": "MultiPoint", "coordinates": [[-2.94815, 53.883], [-2.96207, 53.9233], [-2.86891, 53.9156], [-2.86331, 53.8721], [-2.92482, 53.8254], [-2.98489, 53.8688], [-2.98134, 53.851], [-2.98936, 53.836], [-2.99979, 53.8833], [-3.00719, 53.857], [-2.97443, 53.819], [-3.00482, 53.8448], [-3.01092, 53.8696], [-3.02415, 53.8729], [-3.02075, 53.89], [-3.0286, 53.8535], [-3.01935, 53.9087], [-3.03455, 53.8704], [-3.03158, 53.888], [-3.03668, 53.863], [-3.03188, 53.905], [-3.04217, 53.8837], [-3.01335, 53.9242], [-3.04786, 53.8519], [-3.04306, 53.9202], [-3.20792, 54.1389], [-3.11685, 54.1448], [-3.22157, 54.1046], [-3.22626, 54.1287], [-3.18002, 54.1101], [-3.08468, 54.1904], [-3.22264, 54.0639], [-3.2667, 54.2052], [-3.04247, 53.9043], [-3.20074, 54.1865], [-3.18031, 54.145]]}}, {"type": "Feature", "properties": {"id": "North West_C015", "name": "North West Constituency 15", "region": "North West", "electorate": 168112, "ward_count": 27, "ward_codes": ["E05009035", "E05009088", "E05009154", "E05009124", "E05009125", "E05009123", "E05009109", "E05009119", "E05014218", "E05014217", "E05014330", "E05014183", "E05014195", "E05014214", "E05014192", "E05014191", "E05014174", "E05014213", "E05014184", "E05014211", "E05014178", "E05014187", "E05014172", "E05014173", "E05014185", "E05014205", "E05014216"], "compliant": false}, "geometry": {"type": "MultiPoint", "coordinates": [[-2.08925, 54.5913], [-2.08649, 54.7703], [-2.1721, 54.8684], [-2.08388, 54.9602], [-2.14013, 54.9676], [-2.09473, 54.991], [-2.0251, 54.9781], [-2.45489, 54.9115], [-2.37443, 54.5512], [-2.50528, 54.7517], [-2.05567, 54.338], [-2.71568, 54.882], [-2.82538, 54.9835], [-2.86089, 54.8646], [-2.89406, 54.8747], [-2.90498, 54.8803], [-2.90787, 54.8942], [-2.92376, 54.8736], [-2.92569, 54.8844], [-2.93191, 54.9086], [-2.94479, 54.8974], [-2.94734, 54.8816], [-2.94998, 54.9173], [-2.97743, 54.8949], [-3.01544, 54.8743], [-2.96122, 54.8808], [-2.97596, 54.8851]]}}, {"type": "Feature", "properties": {"id": "North West_C016", "name": "North West Constituency 16", "region": "North West", "electorate": 143617, "ward_count": 24, "ward_codes": ["E05014554", "E05014546", "E05014547", "E05014553", "E05014545", "E05014541", "E05014548", "E05014550", "E05012202", "E05012201", "E05012193", "E05010225", "E05012195", "E05012200", "E05012208", "E05012205", "E05009934", "E05012199", "E05012194", "E05009935", "E05009938", "E05012204", "E05012206", "E05009955"], "compliant": true}, "geometry": {"type": "MultiPoint", "coordinates": [[-2.93271, 53.7699], [-2.94895, 53.7435], [-2.96508, 53.7433], [-2.90401, 53.7423], [-2.87694, 53.7803], [-2.86694, 53.7466], [-2.88794, 53.8163], [-2.8331, 53.784], [-2.76993, 53.7644], [-2.76419, 53.7774], [-2.73643, 53.7658], [-2.75149, 53.7479], [-2.72998, 53.7844], [-2.71982, 53.7885], [-2.69832, 53.789], [-2.6825, 53.8406], [-2.7589, 53.867], [-2.68206, 53.7877], [-2.66506, 53.7796], [-2.73803, 53.9055], [-2.78383, 53.9122], [-2.67791, 53.8117], [-2.64604, 53.7756], [-2.6669, 53.9361]]}}, {"type": "Feature", "properties": {"id": "North West_C017", "name": "North West Constituency 17", "region": "North West", "electorate": 144269, "ward_count": 25, "ward_codes": ["E05012013", "E05012019", "E05012018", "E05012015", "E05012010", "E05012020", "E05012021", "E05012004", "E05012017", "E05012002", "E05012012", "E05012011", "E05012005", "E05012007", "E05012008", "E05012000", "E05015546", "E05014316", "E05015547", "E05014294", "E05013202", "E05014321", "E05014250", "E05001372", "E05013207"], "compliant": true}, "geometry": {"type": "MultiPoint", "coordinates": [[-2.38701, 53.8642], [-2.3758, 53.8743], [-2.39029, 53.8819], [-2.40458, 53.8634], [-2.41138, 53.8687], [-2.4485, 53.8798], [-2.3832, 53.9314], [-2.31084, 53.8789], [-2.33652, 53.8372], [-2.39796, 53.9986], [-2.49082, 53.8515], [-2.26241, 53.9657], [-2.53244, 53.9605], [-2.5617, 53.8555], [-2.57138, 53.838], [-2.58566, 53.8102], [-2.20991, 53.9159], [-2.28938, 54.1041], [-2.15467, 53.9063], [-2.15749, 54.0561], [-2.12216, 53.8495], [-2.10089, 53.9426], [-2.0738, 53.9003], [-2.04422, 53.7621], [-2.29184, 53.8265]]}}, {"type": "Feature", "properties": {"id": "North West_C018", "name": "North West Constituency 18", "region": "North West", "electorate": 137572, "ward_count": 26, "ward_codes": ["E05014662", "E05014664", "E05014663", "E05014646", "E05014660", "E05014655", "E05014519", "E05014521", "E05014661", "E05014651", "E05014534", "E05014043", "E05014040", "E05014047", "E05014036", "E05014041", "E05014038", "E05014050", "E05014049", "E05014034", "E05015826", "E05001385", "E05014044", "E05015818", "E05015817", "E05015821"], "compliant": true}, "geometry": {"type": "MultiPoint", "coordinates": [[-2.07525, 53.5663], [-2.08008, 53.5481], [-2.10183, 53.5424], [-2.09122, 53.5291], [-2.06363, 53.5357], [-2.10822, 53.5171], [-2.07601, 53.5105], [-2.1016, 53.5015], [-2.07551, 53.5817], [-2.10974, 53.585], [-2.02509, 53.5152], [-2.07518, 53.6108], [-2.13115, 53.6044], [-2.13108, 53.6282], [-2.14866, 53.6205], [-2.0774, 53.6505], [-2.16207, 53.6337], [-2.13225, 53.6612], [-2.18003, 53.6247], [-2.1993, 53.611], [-2.18139, 53.6676], [-2.11497, 53.7063], [-2.22618, 53.6375], [-2.20351, 53.6883], [-2.19341, 53.7161], [-2.26107, 53.6926]]}}, {"type": "Feature", "properties": {"id": "North West_C019", "name": "North West Constituency 19", "region": "North West", "electorate": 38901, "ward_count": 7, "ward_codes": ["E05000938", "E05000933", "E05000932", "E05000935", "E05000940", "E05000950", "E05000944"], "compliant": false}, "geometry": {"type": "MultiPoint", "coordinates": [[-3.02655, 53.635], [-3.01375, 53.6231], [-3.05155, 53.6008], [-2.98908, 53.6664], [-3.06293, 53.572], [-3.04355, 53.5604], [-3.01917, 53.5083]]}}, {"type": "Feature", "properties": {"id": "North East_C001", "name": "North East Constituency 1", "region": "North East", "electorate": 201565, "ward_count": 34, "ward_codes": ["E05009128", "E05009122", "E05009101", "E05014176", "E05009148", "E05009145", "E05009143", "E05009131", "E05009144", "E05009142", "E05011440", "E05009134", "E05009151", "E05009135", "E05009136", "E05013863", "E05011441", "E05011450", "E05011449", "E05009100", "E05011446", "E05009116", "E05009107", "E05015883", "E05011456", "E05011447", "E05014199", "E05009158", "E05009097", "E05009132", "E05009102", "E05009103", "E05009104", "E05009139"], "compliant": false}, "geometry": {"type": "MultiPoint", "coordinates": [[-2.23665, 55.0751], [-2.41903, 55.0065], [-2.38575, 55.2246], [-2.64051, 55.0102], [-2.08464, 55.3093], [-1.91989, 55.0465], [-1.90201, 55.0911], [-1.83261, 55.2051], [-1.80546, 55.011], [-1.72659, 55.0841], [-1.71813, 55.0117], [-1.69569, 55.1581], [-1.7785, 55.3263], [-1.69158, 55.1732], [-1.67755, 55.1589], [-1.67403, 55.2194], [-1.67097, 55.0587], [-1.68279, 55.0056], [-1.65403, 55.0045], [-1.62482, 55.1312], [-1.64376, 55.0129], [-1.60879, 55.0897], [-1.60948, 55.1585], [-1.61076, 55.0527], [-1.6157, 55.0256], [-1.62343, 55.0034], [-2.85624, 55.0642], [-2.02894, 55.5304], [-1.7759, 55.5879], [-1.83563, 55.4571], [-1.99988, 55.759], [-2.04333, 55.7846], [-2.04266, 55.7401], [-2.0418, 55.6636]]}}, {"type": "Feature", "properties": {"id": "North East_C002", "name": "North East Constituency 2", "region": "North East", "electorate": 185135, "ward_count": 32, "ward_codes": ["E05013862", "E05009155", "E05009121", "E05009096", "E05009126", "E05009108", "E05009149", "E05009152", "E05009099", "E05009130", "E05009137", "E05009110", "E05009098", "E05013270", "E05009129", "E05009117", "E05009141", "E05009113", "E05009112", "E05009157", "E05009153", "E05009111", "E05013271", "E05009115", "E05009114", "E05009120", "E05009127", "E05009118", "E05009093", "E05009094", "E05009095", "E05009133"], "compliant": false}, "geometry": {"type": "MultiPoint", "coordinates": [[-1.60672, 55.1837], [-1.58065, 55.1563], [-1.57163, 55.1708], [-1.56895, 55.1823], [-1.55843, 55.1905], [-1.55313, 55.1712], [-1.53585, 55.1767], [-1.53082, 55.1505], [-1.58399, 55.1386], [-1.56262, 55.1223], [-1.53197, 55.1964], [-1.5269, 55.1258], [-1.60196, 55.1176], [-1.55256, 55.1092], [-1.52364, 55.1181], [-1.51579, 55.1281], [-1.51629, 55.1166], [-1.58093, 55.0997], [-1.57508, 55.0931], [-1.50387, 55.1207], [-1.51134, 55.1057], [-1.56466, 55.0797], [-1.54225, 55.0814], [-1.5881, 55.0824], [-1.5818, 55.0706], [-1.5038, 55.0841], [-1.51347, 55.0661], [-1.60573, 55.2569], [-1.68214, 55.4039], [-1.58419, 55.3084], [-1.6534, 55.3252], [-1.57674, 55.2225]]}}, {"type": "Feature", "properties": {"id": "North East_C003", "name": "North East Constituency 3", "region": "North East", "electorate": 97823, "ward_count": 17, "ward_codes": ["E05015865", "E05015872", "E05015870", "E05015867", "E05015873", "E05015882", "E05015866", "E05015878", "E05015875", "E05015879", "E05015874", "E05015868", "E05015877", "E05015884", "E05015869", "E05015876", "E05015880"], "compliant": false}, "geometry": {"type": "MultiPoint", "coordinates": [[-1.53958, 55.0418], [-1.56267, 55.0381], [-1.55601, 55.0197], [-1.57456, 55.0441], [-1.58554, 55.0151], [-1.54622, 55.0044], [-1.52166, 55.012], [-1.51023, 55.0296], [-1.48407, 55.0251], [-1.47887, 55.055], [-1.46724, 55.036], [-1.47257, 55.0024], [-1.46054, 55.0188], [-1.45908, 55.0467], [-1.44469, 55.0341], [-1.44632, 55.0085], [-1.43592, 55.0211]]}}, {"type": "Feature", "properties": {"id": "Scotland_C001", "name": "Scotland Constituency 1", "region": "Scotland", "electorate": 152460, "ward_count": 12, "ward_codes": ["S13003076", "S13003077", "S13003079", "S13003075", "S13003080", "S13002970", "S13002969", "S13003086", "S13003081", "S13002914", "S13003082", "S13003084"], "compliant": true}, "geometry": {"type": "MultiPoint", "coordinates": [[-4.39063, 55.8616], [-4.3943, 55.8473], [-4.399, 55.8356], [-4.38718, 55.8773], [-4.41556, 55.8235], [-4.34453, 55.8442], [-4.35231, 55.8153], [-4.44723, 55.8956], [-4.46383, 55.8178], [-4.48077, 55.7834], [-4.50172, 55.8177], [-4.51527, 55.864]]}}, {"type": "Feature", "properties": {"id": "Scotland_C002", "name": "Scotland Constituency 2", "region": "Scotland", "electorate": 151413, "ward_count": 13, "ward_codes": ["S13002977", "S13002982", "S13002981", "S13002989", "S13002978", "S13002903", "S13002980", "S13002979", "S13002902", "S13002901", "S13003126", "S13002905", "S13003127"], "compliant": true}, "geometry": {"type": "MultiPoint", "coordinates": [[-4.27619, 55.8755], [-4.26594, 55.8987], [-4.29748, 55.8979], [-4.30537, 55.8804], [-4.32865, 55.8797], [-4.32475, 55.916], [-4.36257, 55.9048], [-4.36342, 55.8888], [-4.3459, 55.9298], [-4.34226, 55.9553], [-4.40968, 55.912], [-4.20248, 55.9064], [-4.44855, 55.9185]]}}, {"type": "Feature", "properties": {"id": "Scotland_C003", "name": "Scotland Constituency 3", "region": "Scotland", "electorate": 154330, "ward_count": 13, "ward_codes": ["S13002547", "S13002548", "S13002870", "S13002549", "S13002830", "S13002551", "S13002552", "S13002871", "S13002872", "S13002869", "S13002873", "S13002874", "S13002867"], "compliant": true}, "geometry": {"type": "MultiPoint", "coordinates": [[-3.01587, 56.46], [-2.98447, 56.4736], [-3.02316, 56.5228], [-2.95928, 56.4705], [-2.92944, 56.4924], [-2.91768, 56.4761], [-2.87336, 56.4797], [-2.74918, 56.5137], [-2.75154, 56.6093], [-2.85796, 56.6528], [-2.55148, 56.6112], [-2.52245, 56.749], [-3.11679, 56.7437]]}}, {"type": "Feature", "properties": {"id": "Scotland_C004", "name": "Scotland Constituency 4", "region": "Scotland", "electorate": 183409, "ward_count": 15, "ward_codes": ["S13002516", "S13002517", "S13002518", "S13002521", "S13002522", "S13002520", "S13002524", "S13002525", "S13002526", "S13003123", "S13003122", "S13003124", "S13003146", "S13002519", "S13002523"], "compliant": false}, "geometry": {"type": "MultiPoint", "coordinates": [[-5.64834, 55.4307], [-6.17154, 55.7595], [-5.39327, 56.1035], [-5.06425, 56.083], [-5.00475, 55.9066], [-5.15265, 56.3964], [-4.73788, 56.1151], [-4.74125, 56.0103], [-4.67029, 56.0015], [-4.56996, 55.9682], [-4.56661, 56.0345], [-4.50114, 55.9604], [-5.23906, 55.5781], [-5.87131, 56.4709], [-5.11116, 55.8356]]}}, {"type": "Feature", "properties": {"id": "Scotland_C005", "name": "Scotland Constituency 5", "region": "Scotland", "electorate": 146410, "ward_count": 14, "ward_codes": ["S13002939", "S13002941", "S13002942", "S13002940", "S13002944", "S13002943", "S13002937", "S13002828", "S13003121", "S13002938", "S13003045", "S13003049", "S13003120", "S13003118"], "compliant": true}, "geometry": {"type": "MultiPoint", "coordinates": [[-3.77732, 56.0542], [-3.77739, 56.0115], [-3.81324, 55.9819], [-3.86383, 56.018], [-3.78764, 55.9416], [-3.70915, 55.9925], [-3.69615, 56.0172], [-3.72107, 55.9107], [-3.86171, 56.0783], [-3.95261, 56.0172], [-3.934, 55.9529], [-3.91595, 55.8996], [-3.91944, 56.1059], [-3.89928, 56.1524]]}}, {"type": "Feature", "properties": {"id": "Scotland_C006", "name": "Scotland Constituency 6", "region": "Scotland", "electorate": 143257, "ward_count": 12, "ward_codes": ["S13002916", "S13002968", "S13002972", "S13002971", "S13002973", "S13002974", "S13002917", "S13002967", "S13003106", "S13003105", "S13003103", "S13003107"], "compliant": true}, "geometry": {"type": "MultiPoint", "coordinates": [[-4.30075, 55.8021], [-4.30768, 55.8205], [-4.28716, 55.8386], [-4.32411, 55.8597], [-4.24969, 55.8283], [-4.25382, 55.8426], [-4.27835, 55.7862], [-4.2392, 55.802], [-4.21066, 55.8305], [-4.20609, 55.8115], [-4.21368, 55.7745], [-4.17513, 55.8142]]}}, {"type": "Feature", "properties": {"id": "Scotland_C007", "name": "Scotland Constituency 7", "region": "Scotland", "electorate": 151524, "ward_count": 12, "ward_codes": ["S13003134", "S13002984", "S13002985", "S13003108", "S13002906", "S13002983", "S13002988", "S13002975", "S13003104", "S13003109", "S13003112", "S13002976"], "compliant": true}, "geometry": {"type": "MultiPoint", "coordinates": [[-4.13425, 55.901], [-4.17692, 55.8634], [-4.16299, 55.8399], [-4.13531, 55.8153], [-4.1378, 55.9255], [-4.20071, 55.89], [-4.21872, 55.8686], [-4.21197, 55.8472], [-4.14352, 55.7783], [-4.09091, 55.7931], [-4.11286, 55.7549], [-4.26673, 55.8619]]}}, {"type": "Feature", "properties": {"id": "Scotland_C008", "name": "Scotland Constituency 8", "region": "Scotland", "electorate": 171606, "ward_count": 17, "ward_codes": ["S13002768", "S13002769", "S13002770", "S13002766", "S13002765", "S13002913", "S13002912", "S13002763", "S13002911", "S13003022", "S13002909", "S13002910", "S13002762", "S13003023", "S13002764", "S13002767", "S13002771"], "compliant": false}, "geometry": {"type": "MultiPoint", "coordinates": [[-2.38532, 55.5339], [-2.51689, 55.4763], [-2.67087, 55.4086], [-2.41451, 55.7801], [-2.7248, 55.7065], [-2.54792, 55.9592], [-2.79637, 55.9127], [-2.92841, 55.7321], [-2.73871, 56.02], [-2.9899, 55.8727], [-2.90379, 55.967], [-2.95068, 55.9341], [-3.03499, 55.6347], [-3.08345, 55.8115], [-3.07236, 55.4688], [-2.22725, 55.8296], [-2.83801, 55.272]]}}, {"type": "Feature", "properties": {"id": "Scotland_C009", "name": "Scotland Constituency 9", "region": "Scotland", "electorate": 207237, "ward_count": 18, "ward_codes": ["S13003000", "S13003010", "S13002994", "S13003001", "S13002997", "S13003002", "S13003004", "S13003003", "S13002995", "S13003005", "S13002998", "S13003008", "S13002990", "S13002993", "S13002996", "S13003006", "S13003007", "S13003009"], "compliant": false}, "geometry": {"type": "MultiPoint", "coordinates": [[-5.20947, 56.9711], [-5.67669, 56.778], [-5.09182, 57.5848], [-4.70287, 57.2754], [-4.44512, 57.6053], [-4.2599, 57.4719], [-4.2346, 57.4427], [-4.24671, 57.4815], [-4.38805, 57.7255], [-4.19334, 57.4789], [-4.25612, 57.5902], [-4.0999, 57.338], [-4.58753, 58.2465], [-4.00729, 58.0936], [-4.05485, 57.7768], [-4.05903, 57.5151], [-3.8626, 57.4674], [-4.0048, 57.0721]]}}, {"type": "Feature", "properties": {"id": "Scotland_C010", "name": "Scotland Constituency 10", "region": "Scotland", "electorate": 180950, "ward_count": 17, "ward_codes": ["S13002920", "S13002919", "S13002921", "S13002925", "S13002924", "S13002927", "S13002926", "S13002923", "S13002922", "S13002928", "S13002929", "S13002930", "S13002933", "S13002931", "S13002948", "S13002950", "S13002953"], "compliant": false}, "geometry": {"type": "MultiPoint", "coordinates": [[-3.35194, 55.8783], [-3.34916, 55.9632], [-3.29641, 55.9511], [-3.26917, 55.9309], [-3.2626, 55.9446], [-3.23638, 55.9246], [-3.24473, 55.8921], [-3.23519, 55.9606], [-3.22328, 55.9776], [-3.20386, 55.9216], [-3.19714, 55.9501], [-3.18305, 55.9661], [-3.17493, 55.9339], [-3.16466, 55.9741], [-3.41425, 56.0575], [-3.34497, 56.0501], [-3.23944, 56.0952]]}}, {"type": "Feature", "properties": {"id": "Scotland_C011", "name": "Scotland Constituency 11", "region": "Scotland", "electorate": 133041, "ward_count": 13, "ward_codes": ["S13003150", "S13003151", "S13003152", "S13002735", "S13002734", "S13002737", "S13002772", "S13002773", "S13002777", "S13003153", "S13003154", "S13003155", "S13003156"], "compliant": false}, "geometry": {"type": "MultiPoint", "coordinates": [[-2.87151, 58.9325], [-2.92805, 58.9737], [-3.06939, 58.9614], [-3.18391, 59.0447], [-3.28305, 58.8422], [-2.58319, 59.2484], [-1.09258, 60.6148], [-1.33806, 60.5686], [-1.09739, 60.1443], [-1.19092, 60.1443], [-1.25732, 60.2127], [-1.28143, 60.0094], [-1.49779, 60.2734]]}}, {"type": "Feature", "properties": {"id": "Scotland_C012", "name": "Scotland Constituency 12", "region": "Scotland", "electorate": 180687, "ward_count": 16, "ward_codes": ["S13002892", "S13002893", "S13002895", "S13002896", "S13002894", "S13003092", "S13003033", "S13003041", "S13003087", "S13003088", "S13003032", "S13003089", "S13002880", "S13002881", "S13003149", "S13003034"], "compliant": false}, "geometry": {"type": "MultiPoint", "coordinates": [[-4.46227, 55.6838], [-4.50011, 55.6321], [-4.46142, 55.602], [-4.51217, 55.5843], [-4.53759, 55.6127], [-4.51359, 55.5315], [-4.60277, 55.6399], [-4.6373, 55.5966], [-4.64874, 55.5447], [-4.5979, 55.4935], [-4.68, 55.6319], [-4.61035, 55.4713], [-5.02389, 54.8441], [-4.69573, 54.9186], [-4.74603, 55.6388], [-4.69587, 55.6746]]}}, {"type": "Feature", "properties": {"id": "Scotland_C013", "name": "Scotland Constituency 13", "region": "Scotland", "electorate": 154219, "ward_count": 13, "ward_codes": ["S13003125", "S13003116", "S13002904", "S13002907", "S13003042", "S13003047", "S13003048", "S13003051", "S13003055", "S13003110", "S13003043", "S13003133", "S13002986"], "compliant": true}, "geometry": {"type": "MultiPoint", "coordinates": [[-4.42998, 55.9509], [-4.354, 56.0913], [-4.20779, 55.9641], [-4.11511, 55.9448], [-4.0544, 55.9913], [-4.05326, 55.9023], [-4.0442, 55.8698], [-4.05669, 55.853], [-4.07736, 55.8353], [-4.07497, 55.8104], [-4.02157, 55.9524], [-4.12988, 55.8729], [-4.11503, 55.8446]]}}, {"type": "Feature", "properties": {"id": "Scotland_C014", "name": "Scotland Constituency 14", "region": "Scotland", "electorate": 153748, "ward_count": 13, "ward_codes": ["S13002934", "S13002935", "S13002932", "S13003020", "S13002908", "S13003021", "S13003019", "S13003018", "S13002761", "S13002824", "S13002821", "S13002823", "S13002822"], "compliant": true}, "geometry": {"type": "MultiPoint", "coordinates": [[-3.14514, 55.9073], [-3.1158, 55.9379], [-3.14796, 55.9521], [-3.07794, 55.9099], [-3.0618, 55.9328], [-3.186, 55.8617], [-3.1085, 55.8722], [-3.27462, 55.823], [-3.32786, 55.6516], [-3.48398, 55.8177], [-3.50048, 55.9464], [-3.51626, 55.877], [-3.55232, 55.9005]]}}, {"type": "Feature", "properties": {"id": "Scotland_C015", "name": "Scotland Constituency 15", "region": "Scotland", "electorate": 154861, "ward_count": 14, "ward_codes": ["S13002838", "S13002839", "S13002841", "S13002840", "S13002842", "S13002836", "S13002846", "S13002845", "S13002847", "S13002844", "S13002837", "S13002835", "S13002864", "S13002866"], "compliant": true}, "geometry": {"type": "MultiPoint", "coordinates": [[-2.15597, 57.1644], [-2.13168, 57.1653], [-2.12925, 57.1519], [-2.09738, 57.1687], [-2.09287, 57.1513], [-2.11284, 57.1996], [-2.07313, 57.1365], [-2.13889, 57.1287], [-2.08715, 57.1074], [-2.1713, 57.1369], [-2.21212, 57.1586], [-2.22506, 57.2001], [-2.19302, 57.0533], [-2.44752, 56.8662]]}}, {"type": "Feature", "properties": {"id": "Scotland_C016", "name": "Scotland Constituency 16", "region": "Scotland", "electorate": 145267, "ward_count": 13, "ward_codes": ["S13003113", "S13003111", "S13003058", "S13003056", "S13003052", "S13003057", "S13003060", "S13003059", "S13003050", "S13003053", "S13003114", "S13003062", "S13003044"], "compliant": true}, "geometry": {"type": "MultiPoint", "coordinates": [[-4.0527, 55.7613], [-4.02867, 55.7785], [-4.01885, 55.7943], [-4.03066, 55.8192], [-4.02144, 55.8506], [-3.96565, 55.8221], [-3.96306, 55.783], [-3.95989, 55.8082], [-3.98582, 55.8664], [-3.94821, 55.8521], [-3.98622, 55.7256], [-3.9183, 55.7569], [-4.00724, 55.938]]}}, {"type": "Feature", "properties": {"id": "Scotland_C017", "name": "Scotland Constituency 17", "region": "Scotland", "electorate": 181525, "ward_count": 15, "ward_codes": ["S13003030", "S13003029", "S13003028", "S13003027", "S13003024", "S13003031", "S13003026", "S13003025", "S13002861", "S13002862", "S13002848", "S13002857", "S13002991", "S13002992", "S13002868"], "compliant": false}, "geometry": {"type": "MultiPoint", "coordinates": [[-3.32326, 57.6368], [-3.31357, 57.6561], [-3.38598, 57.6519], [-3.11753, 57.6407], [-3.32559, 57.3883], [-3.62432, 57.5348], [-2.94791, 57.6742], [-2.84218, 57.6169], [-2.74191, 57.3395], [-3.18007, 57.0797], [-2.64438, 57.6032], [-2.55723, 57.3128], [-3.50118, 58.5208], [-3.40398, 58.3918], [-2.84959, 56.8385]]}}, {"type": "Feature", "properties": {"id": "Scotland_C018", "name": "Scotland Constituency 18", "region": "Scotland", "electorate": 143336, "ward_count": 14, "ward_codes": ["S13002851", "S13002850", "S13002852", "S13002853", "S13002856", "S13002855", "S13002849", "S13002854", "S13002859", "S13002858", "S13002860", "S13002843", "S13002865", "S13002863"], "compliant": true}, "geometry": {"type": "MultiPoint", "coordinates": [[-2.07186, 57.5233], [-1.99486, 57.6432], [-1.8766, 57.5838], [-1.87282, 57.4394], [-2.03154, 57.3644], [-2.24773, 57.3127], [-2.30322, 57.6312], [-2.41934, 57.4796], [-2.27614, 57.2383], [-2.36319, 57.2744], [-2.42652, 57.1578], [-2.26809, 57.112], [-2.32122, 57.0284], [-2.63992, 57.0071]]}}, {"type": "Feature", "properties": {"id": "Scotland_C019", "name": "Scotland Constituency 19", "region": "Scotland", "electorate": 146971, "ward_count": 13, "ward_codes": ["S13002963", "S13002962", "S13002961", "S13002964", "S13002965", "S13002966", "S13002960", "S13002959", "S13002958", "S13002956", "S13002955", "S13002954", "S13003129"], "compliant": true}, "geometry": {"type": "MultiPoint", "coordinates": [[-2.78507, 56.2565], [-2.85011, 56.3365], [-2.93567, 56.4003], [-2.9881, 56.3079], [-2.99253, 56.2218], [-3.06272, 56.1739], [-3.16896, 56.3009], [-3.1455, 56.1711], [-3.17791, 56.2136], [-3.13813, 56.1332], [-3.17653, 56.1199], [-3.19187, 56.1329], [-3.23889, 56.1845]]}}, {"type": "Feature", "properties": {"id": "Scotland_C020", "name": "Scotland Constituency 20", "region": "Scotland", "electorate": 88861, "ward_count": 8, "ward_codes": ["S13003141", "S13003142", "S13003136", "S13002608", "S13003139", "S13003140", "S13003138", "S13003137"], "compliant": false}, "geometry": {"type": "MultiPoint", "coordinates": [[-6.34146, 58.2076], [-6.39927, 58.2165], [-6.37571, 58.2768], [-6.38033, 58.3703], [-6.20646, 58.2217], [-6.58497, 57.984], [-6.84812, 58.0948], [-6.89623, 57.8414]]}}, {"type": "Feature", "properties": {"id": "Scotland_C021", "name": "Scotland Constituency 21", "region": "Scotland", "electorate": 144944, "ward_count": 13, "ward_codes": ["S13003064", "S13003063", "S13003065", "S13003074", "S13003073", "S13003072", "S13003071", "S13003067", "S13003132", "S13003130", "S13003128", "S13002546", "S13002545"], "compliant": true}, "geometry": {"type": "MultiPoint", "coordinates": [[-3.27867, 56.5091], [-3.21702, 56.4383], [-3.46261, 56.7465], [-3.43734, 56.4009], [-3.46744, 56.4119], [-3.45512, 56.3851], [-3.58193, 56.3574], [-3.6399, 56.5421], [-3.44387, 56.2289], [-3.26376, 56.1433], [-3.34521, 56.1035], [-3.0473, 56.4734], [-3.00698, 56.4902]]}}, {"type": "Feature", "properties": {"id": "Scotland_C022", "name": "Scotland Constituency 22", "region": "Scotland", "electorate": 44771, "ward_count": 4, "ward_codes": ["S13002999", "S13003135", "S13003143", "S13003144"], "compliant": false}, "geometry": {"type": "MultiPoint", "coordinates": [[-6.22733, 57.4258], [-7.47719, 56.98], [-7.33197, 57.3171], [-7.36094, 57.6139]]}}, {"type": "Feature", "properties": {"id": "Scotland_C023", "name": "Scotland Constituency 23", "region": "Scotland", "electorate": 154597, "ward_count": 15, "ward_codes": ["S13003115", "S13003068", "S13003117", "S13003119", "S13002875", "S13002878", "S13002876", "S13002877", "S13003069", "S13002879", "S13003131", "S13002947", "S13002949", "S13002946", "S13003066"], "compliant": true}, "geometry": {"type": "MultiPoint", "coordinates": [[-4.4107, 56.3186], [-3.9958, 56.3762], [-3.92336, 56.1918], [-4.02046, 56.0802], [-3.84068, 56.1524], [-3.79895, 56.1135], [-3.75752, 56.176], [-3.76754, 56.1329], [-3.7681, 56.2687], [-3.67944, 56.1392], [-3.55527, 56.102], [-3.48539, 56.0619], [-3.45035, 56.0355], [-3.45507, 56.0929], [-4.09378, 56.7057]]}}, {"type": "Feature", "properties": {"id": "Scotland_C024", "name": "Scotland Constituency 24", "region": "Scotland", "electorate": 145746, "ward_count": 13, "ward_codes": ["S13003085", "S13003083", "S13003011", "S13003012", "S13003147", "S13003013", "S13003014", "S13003017", "S13003016", "S13003015", "S13003145", "S13003148", "S13003078"], "compliant": true}, "geometry": {"type": "MultiPoint", "coordinates": [[-4.54988, 55.9062], [-4.61446, 55.8081], [-4.6937, 55.8851], [-4.68757, 55.9318], [-4.68257, 55.7498], [-4.752, 55.9282], [-4.77601, 55.9534], [-4.79123, 55.9435], [-4.83509, 55.9148], [-4.8542, 55.9455], [-4.79906, 55.6733], [-4.8226, 55.8192], [-4.44374, 55.8541]]}}, {"type": "Feature", "properties": {"id": "Scotland_C025", "name": "Scotland Constituency 25", "region": "Scotland", "electorate": 158689, "ward_count": 14, "ward_codes": ["S13002888", "S13002885", "S13002887", "S13002884", "S13002883", "S13002889", "S13002890", "S13002886", "S13003097", "S13003098", "S13002882", "S13003096", "S13003095", "S13002891"], "compliant": false}, "geometry": {"type": "MultiPoint", "coordinates": [[-3.52626, 54.9928], [-3.63241, 55.0776], [-3.60309, 55.1509], [-3.64423, 54.9628], [-3.86875, 54.9941], [-3.35519, 55.0216], [-3.37448, 55.2391], [-3.84541, 55.2791], [-3.7028, 55.4842], [-3.89002, 55.5843], [-4.11951, 55.0361], [-3.69449, 55.7502], [-3.82776, 55.7238], [-3.08925, 55.1548]]}}, {"type": "Feature", "properties": {"id": "Scotland_C026", "name": "Scotland Constituency 26", "region": "Scotland", "electorate": 154148, "ward_count": 14, "ward_codes": ["S13003101", "S13003102", "S13003100", "S13002918", "S13003099", "S13002897", "S13002915", "S13002898", "S13002899", "S13002900", "S13003093", "S13003090", "S13003091", "S13003094"], "compliant": true}, "geometry": {"type": "MultiPoint", "coordinates": [[-4.18655, 55.7566], [-4.1775, 55.7642], [-4.22023, 55.7408], [-4.30378, 55.737], [-4.09731, 55.6579], [-4.28885, 55.6226], [-4.39048, 55.7527], [-4.20223, 55.5126], [-4.24735, 55.3918], [-4.44166, 55.1926], [-4.60191, 55.3465], [-4.60844, 55.4462], [-4.63466, 55.4422], [-4.76859, 55.1985]]}}, {"type": "Feature", "properties": {"id": "Scotland_C027", "name": "Scotland Constituency 27", "region": "Scotland", "electorate": 71267, "ward_count": 7, "ward_codes": ["S13003061", "S13003054", "S13002826", "S13002825", "S13002827", "S13002820", "S13002936"], "compliant": false}, "geometry": {"type": "MultiPoint", "coordinates": [[-3.90321, 55.7966], [-3.81909, 55.8191], [-3.65159, 55.8691], [-3.64099, 55.8266], [-3.62534, 55.9045], [-3.57407, 55.9636], [-3.60311, 56.0027]]}}, {"type": "Feature", "properties": {"id": "Wales_C001", "name": "Wales Constituency 1", "region": "Wales", "electorate": 206091, "ward_count": 64, "ward_codes": ["W05001437", "W05001446", "W05001447", "W05001449", "W05001445", "W05001448", "W05001461", "W05001451", "W05001456", "W05001481", "W05001435", "W05001472", "W05001466", "W05001471", "W05001463", "W05001467", "W05001462", "W05001464", "W05001465", "W05001490", "W05001487", "W05001455", "W05001460", "W05001491", "W05001483", "W05001436", "W05001438", "W05001454", "W05001474", "W05001476", "W05001475", "W05001477", "W05001473", "W05001479", "W05001478", "W05001450", "W05001480", "W05001459", "W05001469", "W05001486", "W05001441", "W05001452", "W05001468", "W05001470", "W05001227", "W05001482", "W05001484", "W05001485", "W05001488", "W05001489", "W05001299", "W05001433", "W05001434", "W05001439", "W05001440", "W05001442", "W05001443", "W05001444", "W05001324", "W05001453", "W05001327", "W05001200", "W05001457", "W05001458"], "compliant": false}, "geometry": {"type": "MultiPoint", "coordinates": [[-5.01941, 51.8355], [-4.98453, 51.8094], [-4.99155, 51.7986], [-4.98763, 51.7923], [-4.97114, 51.8034], [-4.96114, 51.8108], [-4.97161, 51.7851], [-4.99569, 51.7601], [-4.94401, 51.7593], [-4.94227, 51.8492], [-4.92389, 51.7304], [-4.97497, 51.7202], [-5.02152, 51.729], [-4.94944, 51.7133], [-5.01179, 51.7144], [-5.0352, 51.719], [-5.03152, 51.712], [-5.0463, 51.7115], [-5.05797, 51.7211], [-5.10695, 51.8371], [-5.15317, 51.7358], [-5.00586, 51.9035], [-4.84786, 51.7566], [-4.85496, 51.8592], [-5.15497, 51.8895], [-4.91601, 51.9489], [-4.81203, 51.7038], [-4.87553, 51.6787], [-4.9264, 51.6947], [-4.95197, 51.6928], [-4.93694, 51.698], [-4.95687, 51.6847], [-4.93866, 51.6853], [-4.91405, 51.6818], [-4.91888, 51.6667], [-4.96965, 51.6459], [-4.89427, 51.6659], [-4.78034, 51.6565], [-4.74703, 51.7777], [-4.74667, 51.6877], [-4.73968, 51.7107], [-4.73669, 51.7433], [-4.74172, 51.7984], [-4.87061, 52.0092], [-4.65028, 51.8491], [-4.71307, 51.7099], [-5.23979, 51.8974], [-4.77662, 52.0468], [-4.70945, 51.6813], [-4.70979, 51.6693], [-4.59859, 52.1179], [-4.66784, 51.745], [-4.57007, 52.0026], [-4.70416, 52.0153], [-4.67245, 51.9513], [-4.96551, 51.9949], [-4.98334, 51.9908], [-4.99174, 52.015], [-4.64904, 52.0985], [-4.67557, 51.7974], [-4.66331, 52.0706], [-4.61689, 51.8805], [-5.10099, 51.9442], [-4.75357, 51.8735]]}}, {"type": "Feature", "properties": {"id": "Wales_C002", "name": "Wales Constituency 2", "region": "Wales", "electorate": 144268, "ward_count": 45, "ward_codes": ["W05001574", "W05001595", "W05001573", "W05001594", "W05001609", "W05001610", "W05001612", "W05001592", "W05001593", "W05001613", "W05001579", "W05001576", "W05001585", "W05001586", "W05001583", "W05001578", "W05001584", "W05001577", "W05001599", "W05001600", "W05001571", "W05001580", "W05001608", "W05001589", "W05001604", "W05001603", "W05001602", "W05001614", "W05001605", "W05001606", "W05001587", "W05001588", "W05001591", "W05001735", "W05001718", "W05001719", "W05001742", "W05001734", "W05001737", "W05001733", "W05001745", "W05001736", "W05001726", "W05001746", "W05001611"], "compliant": true}, "geometry": {"type": "MultiPoint", "coordinates": [[-2.994, 53.1598], [-3.00253, 53.1423], [-2.97616, 53.1747], [-3.01389, 53.1867], [-3.03844, 53.152], [-2.98662, 53.2129], [-3.03473, 53.2085], [-3.0504, 53.1992], [-3.05593, 53.1835], [-3.04359, 53.211], [-3.06741, 53.174], [-3.06963, 53.1584], [-3.073, 53.2062], [-3.03252, 53.2398], [-3.04838, 53.2374], [-3.0911, 53.18], [-3.08207, 53.223], [-3.08608, 53.1615], [-3.0393, 53.1195], [-3.09579, 53.1421], [-3.10868, 53.1671], [-3.03895, 53.1096], [-3.1173, 53.2012], [-3.10836, 53.2278], [-3.13931, 53.1738], [-3.13752, 53.162], [-3.07366, 53.1005], [-3.12997, 53.1066], [-3.15236, 53.1612], [-3.15411, 53.1716], [-3.12969, 53.2489], [-3.14823, 53.239], [-3.16984, 53.1451], [-3.03165, 53.0858], [-3.06281, 53.0714], [-3.03962, 53.0733], [-2.99886, 53.0914], [-3.01507, 53.0797], [-3.02322, 53.066], [-3.04031, 53.0587], [-3.10287, 53.0595], [-3.00254, 53.0712], [-3.05117, 53.0492], [-3.02383, 53.0544], [-2.94808, 53.1806]]}}, {"type": "Feature", "properties": {"id": "Wales_C003", "name": "Wales Constituency 3", "region": "Wales", "electorate": 140837, "ward_count": 46, "ward_codes": ["W05001751", "W05001713", "W05001722", "W05001723", "W05001750", "W05001741", "W05001749", "W05001754", "W05001724", "W05001725", "W05001757", "W05001752", "W05001729", "W05001720", "W05001747", "W05001728", "W05001732", "W05001738", "W05001758", "W05001759", "W05001730", "W05001761", "W05001760", "W05001714", "W05001753", "W05001740", "W05001721", "W05001716", "W05001743", "W05001755", "W05001731", "W05001744", "W05001739", "W05001756", "W05001748", "W05001715", "W05001341", "W05001332", "W05001717", "W05001727", "W05001343", "W05001582", "W05001575", "W05001340", "W05001572", "W05001356"], "compliant": true}, "geometry": {"type": "MultiPoint", "coordinates": [[-3.07592, 52.996], [-3.0667, 52.9822], [-3.07257, 52.9693], [-3.08583, 52.9853], [-3.07939, 53.0078], [-3.10042, 52.9783], [-3.04924, 53.005], [-3.07299, 53.0274], [-3.04648, 52.9548], [-3.07118, 52.9425], [-3.01928, 52.9971], [-3.03414, 53.0239], [-3.02443, 53.0345], [-3.01136, 53.0459], [-3.00615, 53.0379], [-2.99418, 53.037], [-2.99945, 53.0526], [-2.98527, 53.0362], [-2.98446, 53.0429], [-2.99901, 53.0626], [-2.99311, 53.0638], [-2.97858, 53.0487], [-2.97237, 53.0371], [-2.98295, 53.0578], [-2.97075, 53.0417], [-2.98602, 53.0673], [-2.96974, 53.0495], [-2.97439, 53.0633], [-2.96134, 53.0007], [-2.96731, 53.057], [-2.97157, 53.082], [-2.95315, 53.09], [-2.91256, 53.0547], [-2.93805, 53.1056], [-2.87282, 52.9576], [-2.87522, 53.0026], [-3.17196, 52.9875], [-3.18824, 53.0758], [-2.78919, 52.9552], [-3.23484, 52.9102], [-3.2535, 53.1421], [-3.23373, 53.1851], [-3.20467, 53.2328], [-3.31902, 53.0367], [-3.18292, 53.2659], [-3.31498, 53.1113]]}}, {"type": "Feature", "properties": {"id": "Wales_C004", "name": "Wales Constituency 4", "region": "Wales", "electorate": 152243, "ward_count": 48, "ward_codes": ["W05001101", "W05001081", "W05001106", "W05001109", "W05001113", "W05001095", "W05001107", "W05001091", "W05001105", "W05001083", "W05001116", "W05001079", "W05001094", "W05001115", "W05001071", "W05001082", "W05001229", "W05001112", "W05001247", "W05001244", "W05001076", "W05001249", "W05001074", "W05001080", "W05001073", "W05001093", "W05001092", "W05001085", "W05001096", "W05001100", "W05001084", "W05001089", "W05001072", "W05001075", "W05001088", "W05001108", "W05001620", "W05001110", "W05001099", "W05001078", "W05001097", "W05001077", "W05001102", "W05001090", "W05001625", "W05001098", "W05001393", "W05001287"], "compliant": true}, "geometry": {"type": "MultiPoint", "coordinates": [[-3.40397, 51.6173], [-3.40117, 51.6041], [-3.40368, 51.5791], [-3.438, 51.6233], [-3.41987, 51.6404], [-3.45688, 51.61], [-3.43678, 51.579], [-3.46139, 51.6347], [-3.46155, 51.6213], [-3.46709, 51.5856], [-3.46504, 51.6455], [-3.49093, 51.6253], [-3.50013, 51.6431], [-3.38048, 51.6446], [-3.44428, 51.6879], [-3.49468, 51.6828], [-3.5174, 51.5863], [-3.51578, 51.6628], [-3.53134, 51.6028], [-3.54169, 51.6272], [-3.42845, 51.5429], [-3.50135, 51.5416], [-3.46856, 51.7212], [-3.40705, 51.7076], [-3.42549, 51.723], [-3.37114, 51.6693], [-3.37662, 51.6927], [-3.35682, 51.5905], [-3.48972, 51.7276], [-3.34444, 51.6101], [-3.33492, 51.6198], [-3.37373, 51.5483], [-3.33564, 51.6461], [-3.35578, 51.5545], [-3.43181, 51.5173], [-3.32111, 51.6075], [-3.33991, 51.687], [-3.32378, 51.5899], [-3.39171, 51.5164], [-3.31521, 51.6215], [-3.36691, 51.522], [-3.32272, 51.5668], [-3.3146, 51.5868], [-3.32051, 51.5583], [-3.31863, 51.6663], [-3.35917, 51.5264], [-3.36782, 51.485], [-3.2962, 51.5216]]}}, {"type": "Feature", "properties": {"id": "Wales_C005", "name": "Wales Constituency 5", "region": "Wales", "electorate": 184666, "ward_count": 58, "ward_codes": ["W05001596", "W05001598", "W05001590", "W05001597", "W05001607", "W05001615", "W05001581", "W05001601", "W05001360", "W05001339", "W05001345", "W05001346", "W05001336", "W05001344", "W05001348", "W05001347", "W05001357", "W05001335", "W05001349", "W05001353", "W05001358", "W05001354", "W05001359", "W05001350", "W05001351", "W05001352", "W05001333", "W05001334", "W05001355", "W05001417", "W05001429", "W05001342", "W05001427", "W05001413", "W05001421", "W05001338", "W05001403", "W05001422", "W05001407", "W05001412", "W05001431", "W05001414", "W05001411", "W05001428", "W05001409", "W05001410", "W05001415", "W05001545", "W05001418", "W05001419", "W05001420", "W05001548", "W05001423", "W05001426", "W05001430", "W05001432", "W05001566", "W05001337"], "compliant": false}, "geometry": {"type": "MultiPoint", "coordinates": [[-3.22026, 53.2748], [-3.22626, 53.2689], [-3.21767, 53.2894], [-3.20445, 53.2784], [-3.27011, 53.3081], [-3.31067, 53.2887], [-3.2663, 53.235], [-3.33953, 53.3242], [-3.38763, 53.2637], [-3.33585, 53.1741], [-3.38789, 53.3381], [-3.4076, 53.3184], [-3.41096, 53.306], [-3.40464, 53.3285], [-3.42998, 53.3224], [-3.42388, 53.3357], [-3.43765, 53.2525], [-3.39318, 53.1937], [-3.45637, 53.2946], [-3.45631, 53.3147], [-3.45769, 53.2561], [-3.4596, 53.3224], [-3.44063, 53.2288], [-3.47073, 53.3267], [-3.47564, 53.305], [-3.48999, 53.312], [-3.49132, 53.2765], [-3.44136, 53.1867], [-3.49622, 53.3176], [-3.51369, 53.3013], [-3.54103, 53.2943], [-3.47454, 53.1219], [-3.58305, 53.2907], [-3.57161, 53.2739], [-3.55303, 53.1679], [-3.40262, 53.0548], [-3.65528, 53.2279], [-3.66365, 53.2811], [-3.68644, 53.2893], [-3.70038, 53.281], [-3.59026, 53.0365], [-3.72158, 53.2793], [-3.68823, 53.1717], [-3.73785, 53.2871], [-3.80187, 53.3167], [-3.8252, 53.2985], [-3.80087, 53.2909], [-3.53202, 52.9182], [-3.75007, 53.3077], [-3.78061, 53.1489], [-3.78072, 53.262], [-3.69867, 52.8697], [-3.76129, 53.2876], [-3.78231, 53.306], [-3.82558, 53.313], [-3.78441, 53.0359], [-3.60529, 52.9107], [-3.40433, 52.9366]]}}, {"type": "Feature", "properties": {"id": "Wales_C006", "name": "Wales Constituency 6", "region": "Wales", "electorate": 142274, "ward_count": 48, "ward_codes": ["W05001199", "W05001221", "W05001223", "W05001184", "W05001183", "W05001188", "W05001185", "W05001210", "W05001211", "W05001198", "W05001177", "W05001217", "W05001224", "W05001181", "W05001194", "W05001219", "W05001201", "W05001197", "W05001190", "W05001222", "W05001226", "W05001214", "W05001189", "W05001195", "W05001212", "W05001180", "W05001193", "W05001215", "W05001209", "W05001182", "W05001196", "W05001218", "W05001225", "W05001206", "W05001220", "W05001047", "W05001205", "W05001053", "W05001049", "W05001058", "W05001048", "W05001062", "W05001046", "W05001063", "W05001061", "W05001060", "W05001069", "W05001178"], "compliant": true}, "geometry": {"type": "MultiPoint", "coordinates": [[-4.5436, 51.7743], [-4.40747, 51.8041], [-4.47346, 51.8979], [-4.35051, 51.8597], [-4.3299, 51.841], [-4.348, 51.9301], [-4.41066, 52.0055], [-4.25738, 51.844], [-4.26757, 51.7828], [-4.32777, 51.7564], [-4.24052, 51.9125], [-4.29578, 51.7008], [-4.25475, 51.725], [-4.24136, 51.6875], [-4.18704, 51.7425], [-4.17048, 51.778], [-4.14444, 51.8338], [-4.1907, 51.6967], [-4.16679, 51.686], [-4.13659, 51.7184], [-4.16249, 51.6781], [-4.15249, 51.6892], [-4.13474, 51.6988], [-4.10526, 51.8125], [-4.10786, 51.7626], [-4.14127, 51.6781], [-4.14923, 51.666], [-4.12139, 51.673], [-4.09129, 51.7062], [-4.09938, 51.6763], [-4.06713, 51.7192], [-4.05354, 51.7979], [-4.03243, 51.7587], [-4.06318, 51.8618], [-4.02828, 51.7874], [-4.0493, 51.6868], [-4.1168, 51.9423], [-4.05902, 51.6612], [-4.0483, 51.6437], [-4.11839, 51.6325], [-4.20706, 51.5928], [-4.00325, 51.7397], [-4.07185, 51.6179], [-4.0086, 51.693], [-4.10709, 51.5867], [-4.00706, 51.6698], [-4.01825, 51.6418], [-3.99306, 51.79]]}}, {"type": "Feature", "properties": {"id": "Wales_C007", "name": "Wales Constituency 7", "region": "Wales", "electorate": 147823, "ward_count": 50, "ward_codes": ["W05001162", "W05001161", "W05001163", "W05001160", "W05001129", "W05001137", "W05001119", "W05001167", "W05001141", "W05001147", "W05001172", "W05001130", "W05001174", "W05001152", "W05001133", "W05001173", "W05001148", "W05001155", "W05001171", "W05001125", "W05001144", "W05001145", "W05001154", "W05001138", "W05001124", "W05001118", "W05001136", "W05001151", "W05001157", "W05001142", "W05001140", "W05001143", "W05001164", "W05001153", "W05001128", "W05001165", "W05001146", "W05001123", "W05001166", "W05001139", "W05001132", "W05001135", "W05001122", "W05001134", "W05001156", "W05001176", "W05001168", "W05001120", "W05001121", "W05001521"], "compliant": true}, "geometry": {"type": "MultiPoint", "coordinates": [[-3.29299, 52.5305], [-3.3005, 52.5093], [-3.33951, 52.5232], [-3.33105, 52.502], [-3.25348, 52.554], [-3.2252, 52.4944], [-3.23978, 52.616], [-3.37633, 52.5694], [-3.3878, 52.4591], [-3.42939, 52.6591], [-3.17051, 52.6359], [-3.13819, 52.5592], [-3.16602, 52.6659], [-3.26764, 52.7102], [-3.16828, 52.698], [-3.12691, 52.6764], [-3.31776, 52.7745], [-3.18731, 52.7726], [-3.08017, 52.6752], [-3.05149, 52.5324], [-3.05527, 52.7299], [-3.09897, 52.7717], [-3.26645, 52.8427], [-3.2086, 52.389], [-3.5163, 52.558], [-3.45368, 52.7752], [-3.3095, 52.3291], [-3.14667, 52.3191], [-3.46121, 52.3192], [-3.36179, 52.2521], [-3.6076, 52.5921], [-3.36831, 52.2363], [-3.13981, 52.2051], [-3.6208, 52.4267], [-3.39522, 52.2055], [-3.00426, 52.2712], [-3.29824, 52.1522], [-3.39895, 52.1442], [-3.63453, 52.313], [-3.55356, 52.2082], [-3.20583, 52.083], [-3.13201, 52.0705], [-3.31885, 52.0243], [-3.14752, 52.0314], [-3.62193, 52.1312], [-3.45923, 52.0239], [-3.19895, 51.9703], [-3.37395, 51.9495], [-3.39976, 51.9479], [-3.73154, 52.6994]]}}, {"type": "Feature", "properties": {"id": "Wales_C008", "name": "Wales Constituency 8", "region": "Wales", "electorate": 142028, "ward_count": 44, "ward_codes": ["W05001628", "W05001635", "W05001629", "W05001647", "W05001644", "W05001632", "W05001639", "W05001637", "W05001643", "W05001645", "W05001638", "W05001627", "W05001633", "W05001630", "W05001367", "W05001368", "W05001369", "W05001640", "W05001641", "W05001364", "W05001375", "W05001372", "W05001642", "W05001365", "W05001363", "W05001377", "W05001378", "W05001366", "W05001371", "W05001671", "W05001634", "W05001646", "W05001672", "W05001370", "W05001374", "W05001376", "W05001650", "W05001655", "W05001373", "W05001667", "W05001777", "W05001780", "W05001361", "W05001774"], "compliant": true}, "geometry": {"type": "MultiPoint", "coordinates": [[-2.95308, 51.5892], [-2.95744, 51.5755], [-2.96993, 51.5951], [-2.98332, 51.5886], [-2.98092, 51.5997], [-2.96817, 51.6161], [-2.93698, 51.5912], [-3.00579, 51.613], [-3.00116, 51.6036], [-2.99717, 51.5849], [-2.98874, 51.5661], [-3.01782, 51.5887], [-3.02079, 51.5732], [-3.02826, 51.6082], [-2.98097, 51.6425], [-3.00648, 51.6307], [-3.00586, 51.6462], [-3.04159, 51.584], [-3.04873, 51.6025], [-3.00218, 51.6618], [-3.03432, 51.6509], [-3.02496, 51.6652], [-3.06346, 51.5923], [-3.05598, 51.6469], [-3.04673, 51.6397], [-3.06695, 51.6333], [-3.04937, 51.6647], [-3.06532, 51.6592], [-3.02774, 51.6838], [-3.08209, 51.609], [-3.0747, 51.5787], [-3.04405, 51.5363], [-3.0979, 51.6219], [-2.99869, 51.7082], [-3.07189, 51.6923], [-3.04001, 51.7177], [-3.12481, 51.648], [-3.12502, 51.6221], [-3.09306, 51.712], [-3.14525, 51.6636], [-2.94107, 51.7056], [-2.9241, 51.669], [-3.06831, 51.7377], [-3.00066, 51.7515]]}}, {"type": "Feature", "properties": {"id": "Wales_C009", "name": "Wales Constituency 9", "region": "Wales", "electorate": 186617, "ward_count": 58, "ward_codes": ["W05001424", "W05001405", "W05001425", "W05001406", "W05001408", "W05001510", "W05001534", "W05001518", "W05001560", "W05001563", "W05001530", "W05001526", "W05001517", "W05001544", "W05001527", "W05001536", "W05001557", "W05001568", "W05001547", "W05001512", "W05001523", "W05001565", "W05001516", "W05001551", "W05001555", "W05001564", "W05001542", "W05001567", "W05001546", "W05001519", "W05001549", "W05001535", "W05001569", "W05001529", "W05001559", "W05001531", "W05001520", "W05001539", "W05001558", "W05001522", "W05001513", "W05001404", "W05001528", "W05001550", "W05001561", "W05001492", "W05001493", "W05001494", "W05001496", "W05001497", "W05001499", "W05001501", "W05001504", "W05001508", "W05001532", "W05001541", "W05001416", "W05001562"], "compliant": false}, "geometry": {"type": "MultiPoint", "coordinates": [[-3.9367, 53.2467], [-3.97022, 53.2417], [-3.90679, 53.2566], [-3.88933, 53.2018], [-3.84821, 53.289], [-4.00457, 53.1852], [-4.04794, 53.1766], [-4.06103, 53.181], [-4.06495, 53.1871], [-4.07334, 53.1634], [-4.11891, 53.2262], [-4.10573, 53.1401], [-4.13627, 53.2223], [-4.10026, 53.1072], [-4.15135, 53.2118], [-4.15364, 53.2189], [-4.14572, 53.1674], [-4.17855, 53.2019], [-4.19023, 53.1492], [-4.20419, 53.1708], [-4.19699, 53.1383], [-4.15087, 53.0597], [-4.24708, 53.148], [-4.25899, 53.1511], [-4.25673, 53.1379], [-4.23117, 53.0813], [-4.26269, 53.1318], [-4.24783, 53.1212], [-4.22712, 53.0431], [-4.27733, 53.1288], [-4.27585, 53.0984], [-4.07465, 53.0019], [-4.29487, 53.0762], [-4.21975, 52.9788], [-4.29821, 53.0532], [-4.11948, 52.9321], [-4.31366, 53.0238], [-4.1552, 52.9204], [-4.07481, 52.9272], [-4.2225, 52.9276], [-3.94642, 52.9943], [-3.90371, 53.097], [-3.92625, 52.9943], [-4.30609, 52.9394], [-3.89908, 52.9717], [-4.2119, 53.2396], [-4.27848, 53.2058], [-4.43053, 53.2002], [-4.31965, 53.2782], [-4.35509, 53.2318], [-4.24853, 53.3278], [-4.11707, 53.2847], [-4.34023, 53.377], [-4.03616, 52.7403], [-4.06039, 52.7747], [-4.05894, 52.8642], [-3.85162, 53.3316], [-3.90849, 52.895]]}}, {"type": "Feature", "properties": {"id": "Wales_C010", "name": "Wales Constituency 10", "region": "Wales", "electorate": 141878, "ward_count": 46, "ward_codes": ["W05001385", "W05001391", "W05001392", "W05001396", "W05001230", "W05001397", "W05001231", "W05001233", "W05001232", "W05001238", "W05001248", "W05001234", "W05001255", "W05001237", "W05001250", "W05001235", "W05001228", "W05001240", "W05001253", "W05001245", "W05001241", "W05001242", "W05001251", "W05001246", "W05001243", "W05001252", "W05001239", "W05001236", "W05001254", "W05001702", "W05001701", "W05001696", "W05001686", "W05001111", "W05001707", "W05001690", "W05001708", "W05001679", "W05001710", "W05001683", "W05001684", "W05001682", "W05001705", "W05001680", "W05001704", "W05001711"], "compliant": true}, "geometry": {"type": "MultiPoint", "coordinates": [[-3.44898, 51.4686], [-3.49655, 51.4494], [-3.47644, 51.4094], [-3.41752, 51.4086], [-3.54821, 51.5], [-3.57803, 51.452], [-3.55027, 51.5085], [-3.56066, 51.5095], [-3.56872, 51.5092], [-3.5548, 51.5235], [-3.57597, 51.4954], [-3.58584, 51.5112], [-3.57016, 51.5477], [-3.60022, 51.5164], [-3.60357, 51.5257], [-3.63007, 51.5001], [-3.62467, 51.5507], [-3.58417, 51.5993], [-3.65887, 51.5326], [-3.6722, 51.4895], [-3.64719, 51.58], [-3.62701, 51.6046], [-3.69277, 51.4847], [-3.70368, 51.498], [-3.66734, 51.6], [-3.70702, 51.4822], [-3.70515, 51.5186], [-3.64194, 51.6286], [-3.72183, 51.4915], [-3.71936, 51.5642], [-3.60015, 51.6584], [-3.63778, 51.674], [-3.7317, 51.6169], [-3.548, 51.6848], [-3.76172, 51.5969], [-3.74231, 51.6559], [-3.68935, 51.6945], [-3.79945, 51.5998], [-3.80508, 51.5911], [-3.65035, 51.7385], [-3.79929, 51.6364], [-3.83143, 51.6133], [-3.79716, 51.6516], [-3.76116, 51.6939], [-3.79511, 51.6631], [-3.82329, 51.6031]]}}, {"type": "Feature", "properties": {"id": "Wales_C011", "name": "Wales Constituency 11", "region": "Wales", "electorate": 147294, "ward_count": 47, "ward_codes": ["W05001204", "W05001179", "W05001192", "W05001191", "W05001202", "W05001700", "W05001706", "W05001042", "W05001051", "W05001712", "W05001055", "W05001681", "W05001052", "W05001057", "W05001699", "W05001695", "W05001692", "W05001697", "W05001709", "W05001687", "W05001691", "W05001040", "W05001688", "W05001693", "W05001689", "W05001050", "W05001065", "W05001044", "W05001059", "W05001068", "W05001041", "W05001066", "W05001043", "W05001067", "W05001064", "W05001045", "W05001054", "W05001070", "W05001056", "W05001187", "W05001175", "W05001127", "W05001039", "W05001694", "W05001117", "W05001685", "W05001703"], "compliant": true}, "geometry": {"type": "MultiPoint", "coordinates": [[-3.99232, 51.8232], [-3.96562, 51.7824], [-3.92754, 51.7996], [-3.9005, 51.8046], [-3.9661, 51.8649], [-3.8638, 51.7902], [-3.877, 51.7436], [-3.89935, 51.7179], [-3.96359, 51.703], [-3.86763, 51.7113], [-3.9242, 51.6714], [-3.84628, 51.7081], [-3.89089, 51.6716], [-3.94369, 51.6634], [-3.81513, 51.7449], [-3.81802, 51.7753], [-3.85681, 51.6652], [-3.83567, 51.6788], [-3.80526, 51.7245], [-3.81473, 51.6891], [-3.84407, 51.6563], [-3.90644, 51.6397], [-3.81345, 51.669], [-3.86173, 51.6386], [-3.79532, 51.6874], [-3.93711, 51.6403], [-3.92755, 51.629], [-3.95515, 51.6394], [-3.97068, 51.6534], [-3.91341, 51.6144], [-3.9486, 51.6212], [-3.96305, 51.6289], [-3.98424, 51.6418], [-3.9675, 51.6193], [-3.99288, 51.6153], [-4.02876, 51.6231], [-4.01623, 51.5992], [-4.01323, 51.5849], [-4.01164, 51.5728], [-3.82587, 51.8197], [-3.76629, 51.7643], [-3.78426, 51.7962], [-4.04672, 51.5791], [-3.73877, 51.7445], [-3.74116, 51.8075], [-3.82892, 51.6384], [-3.80993, 51.6515]]}}, {"type": "Feature", "properties": {"id": "Wales_C012", "name": "Wales Constituency 12", "region": "Wales", "electorate": 140539, "ward_count": 47, "ward_codes": ["W05001207", "W05001314", "W05001321", "W05001313", "W05001309", "W05001312", "W05001325", "W05001311", "W05001306", "W05001298", "W05001316", "W05001320", "W05001308", "W05001213", "W05001318", "W05001319", "W05001326", "W05001315", "W05001301", "W05001302", "W05001300", "W05001310", "W05001331", "W05001307", "W05001328", "W05001317", "W05001304", "W05001329", "W05001322", "W05001330", "W05001186", "W05001216", "W05001305", "W05001323", "W05001203", "W05001208", "W05001303", "W05001131", "W05001506", "W05001540", "W05001553", "W05001515", "W05001158", "W05001511", "W05001537", "W05001524", "W05001514"], "compliant": true}, "geometry": {"type": "MultiPoint", "coordinates": [[-4.24425, 52.0106], [-4.28422, 52.0645], [-4.17764, 52.1034], [-4.34483, 52.0939], [-4.29181, 52.1714], [-4.40367, 52.1532], [-4.34206, 52.192], [-4.41082, 52.0508], [-4.21342, 52.2108], [-4.22591, 52.2375], [-4.14712, 52.1697], [-4.13925, 52.2614], [-4.08305, 52.1177], [-4.10438, 52.0633], [-4.03033, 52.1456], [-4.09332, 52.3045], [-4.45395, 52.1244], [-4.06442, 52.3725], [-4.07403, 52.4008], [-4.0822, 52.4071], [-4.07463, 52.4204], [-4.05742, 52.4098], [-3.98647, 52.3523], [-4.0396, 52.4209], [-4.04239, 52.4462], [-3.89705, 52.1855], [-4.03333, 52.474], [-3.95208, 52.4359], [-3.94607, 52.3034], [-3.85771, 52.2259], [-3.90549, 52.0297], [-3.99805, 51.9639], [-3.93316, 52.4984], [-3.84764, 52.4223], [-3.74232, 52.0589], [-3.82532, 51.9101], [-4.54935, 52.078], [-3.78951, 52.5799], [-3.92599, 52.587], [-4.03013, 52.5773], [-4.09049, 52.5949], [-3.98683, 52.6436], [-3.8527, 52.5896], [-4.01961, 52.7009], [-3.87962, 52.7293], [-3.88709, 52.739], [-3.86329, 52.7745]]}}, {"type": "Feature", "properties": {"id": "Wales_C013", "name": "Wales Constituency 13", "region": "Wales", "electorate": 154805, "ward_count": 52, "ward_codes": ["W05001291", "W05001277", "W05001276", "W05001272", "W05001282", "W05001283", "W05001297", "W05001273", "W05001292", "W05001293", "W05001278", "W05001280", "W05001284", "W05001274", "W05001279", "W05001390", "W05001289", "W05001275", "W05001386", "W05001270", "W05001383", "W05001288", "W05001271", "W05001399", "W05001400", "W05001295", "W05001281", "W05001286", "W05001394", "W05001285", "W05001294", "W05001674", "W05001290", "W05001401", "W05001676", "W05001103", "W05001663", "W05001661", "W05001669", "W05001381", "W05001402", "W05001384", "W05001388", "W05001382", "W05001652", "W05001296", "W05001379", "W05001380", "W05001387", "W05001389", "W05001395", "W05001398"], "compliant": true}, "geometry": {"type": "MultiPoint", "coordinates": [[-3.25875, 51.5202], [-3.24425, 51.4935], [-3.25807, 51.4763], [-3.2397, 51.4743], [-3.228, 51.4936], [-3.21574, 51.5041], [-3.22991, 51.5164], [-3.21445, 51.4803], [-3.21969, 51.5349], [-3.19817, 51.487], [-3.19552, 51.5003], [-3.19384, 51.5126], [-3.19012, 51.5268], [-3.18312, 51.4902], [-3.18555, 51.4615], [-3.19963, 51.4503], [-3.16573, 51.4919], [-3.16709, 51.5199], [-3.22914, 51.4422], [-3.15707, 51.4862], [-3.19306, 51.4413], [-3.15438, 51.5005], [-3.15867, 51.4623], [-3.17424, 51.4419], [-3.18924, 51.4329], [-3.142, 51.4835], [-3.18058, 51.5457], [-3.14762, 51.5189], [-3.18498, 51.4248], [-3.12826, 51.5196], [-3.12297, 51.5034], [-3.21781, 51.5635], [-3.12857, 51.5381], [-3.20259, 51.4087], [-3.19972, 51.5787], [-3.26106, 51.5523], [-3.21868, 51.5846], [-3.14743, 51.5809], [-3.24924, 51.5804], [-3.2539, 51.4183], [-3.28261, 51.4451], [-3.26154, 51.4138], [-3.26887, 51.4198], [-3.25675, 51.4011], [-3.19894, 51.6024], [-3.09504, 51.5151], [-3.29673, 51.3926], [-3.27748, 51.4053], [-3.30004, 51.417], [-3.29417, 51.4062], [-3.35107, 51.3984], [-3.34726, 51.453]]}}, {"type": "Feature", "properties": {"id": "Wales_C014", "name": "Wales Constituency 14", "region": "Wales", "electorate": 141579, "ward_count": 47, "ward_codes": ["W05001797", "W05001786", "W05001767", "W05001762", "W05001796", "W05001795", "W05001791", "W05001764", "W05001794", "W05001765", "W05001771", "W05001799", "W05001763", "W05001793", "W05001770", "W05001782", "W05001783", "W05001631", "W05001785", "W05001792", "W05001636", "W05001788", "W05001772", "W05001798", "W05001800", "W05001787", "W05001781", "W05001773", "W05001784", "W05001790", "W05001768", "W05001789", "W05001776", "W05001775", "W05001779", "W05001769", "W05001766", "W05001362", "W05001778", "W05001261", "W05001256", "W05001265", "W05001656", "W05001258", "W05001266", "W05001668", "W05001260"], "compliant": true}, "geometry": {"type": "MultiPoint", "coordinates": [[-2.68374, 51.6504], [-2.68734, 51.6383], [-2.67786, 51.6344], [-2.67076, 51.6203], [-2.69284, 51.6919], [-2.73897, 51.6377], [-2.71711, 51.5963], [-2.74696, 51.5969], [-2.74488, 51.5869], [-2.74953, 51.5919], [-2.76006, 51.593], [-2.75795, 51.5827], [-2.75726, 51.6172], [-2.78788, 51.5873], [-2.77918, 51.6891], [-2.81022, 51.5718], [-2.83528, 51.5794], [-2.86447, 51.6109], [-2.74233, 51.7543], [-2.8684, 51.7439], [-2.88947, 51.5672], [-2.72333, 51.8013], [-2.75136, 51.81], [-2.71486, 51.8097], [-2.68066, 51.8145], [-2.70931, 51.8321], [-2.85237, 51.8456], [-2.92929, 51.7812], [-2.98574, 51.8453], [-3.01103, 51.8175], [-3.00774, 51.8326], [-3.01515, 51.8257], [-3.01819, 51.8326], [-3.02646, 51.8216], [-3.0518, 51.797], [-3.02129, 51.9201], [-3.06063, 51.8464], [-3.09091, 51.7766], [-3.11344, 51.8161], [-3.13239, 51.755], [-3.13751, 51.7239], [-3.12712, 51.7015], [-3.1482, 51.6913], [-3.15151, 51.7686], [-3.1706, 51.7837], [-3.17895, 51.6781], [-3.18188, 51.7411]]}}, {"type": "Feature", "properties": {"id": "Wales_C015", "name": "Wales Constituency 15", "region": "Wales", "electorate": 140191, "ward_count": 46, "ward_codes": ["W05001648", "W05001086", "W05001114", "W05001104", "W05001665", "W05001660", "W05001678", "W05001659", "W05001673", "W05001662", "W05001654", "W05001658", "W05001649", "W05001653", "W05001670", "W05001677", "W05001666", "W05001616", "W05001657", "W05001651", "W05001664", "W05001269", "W05001264", "W05001263", "W05001262", "W05001675", "W05001257", "W05001624", "W05001268", "W05001623", "W05001267", "W05001618", "W05001622", "W05001259", "W05001149", "W05001621", "W05001619", "W05001617", "W05001626", "W05001169", "W05001150", "W05001126", "W05001087", "W05001170", "W05001698", "W05001159"], "compliant": false}, "geometry": {"type": "MultiPoint", "coordinates": [[-3.27402, 51.6039], [-3.2808, 51.575], [-3.29857, 51.5941], [-3.29745, 51.5715], [-3.28559, 51.6391], [-3.24011, 51.6142], [-3.24811, 51.6399], [-3.23173, 51.6525], [-3.25495, 51.6682], [-3.21665, 51.6353], [-3.21582, 51.6661], [-3.23151, 51.6773], [-3.22965, 51.6931], [-3.19881, 51.6747], [-3.18906, 51.65], [-3.17098, 51.6253], [-3.24435, 51.7273], [-3.30214, 51.7079], [-3.28205, 51.718], [-3.19546, 51.7139], [-3.26833, 51.7512], [-3.24308, 51.7612], [-3.22669, 51.7652], [-3.19877, 51.7686], [-3.21057, 51.7839], [-3.30098, 51.7795], [-3.20468, 51.7958], [-3.36509, 51.7426], [-3.26945, 51.8007], [-3.36167, 51.7216], [-3.22486, 51.8046], [-3.35727, 51.7711], [-3.36937, 51.7602], [-3.16788, 51.8049], [-3.22834, 51.8332], [-3.38634, 51.7542], [-3.38434, 51.7617], [-3.41497, 51.749], [-3.39818, 51.7952], [-3.38727, 51.8802], [-3.27446, 51.936], [-3.14007, 51.9125], [-3.4916, 51.7678], [-3.59084, 51.8088], [-3.61279, 51.7542], [-3.63192, 51.9386]]}}, {"type": "Feature", "properties": {"id": "Wales_C016", "name": "Wales Constituency 16", "region": "Wales", "electorate": 50842, "ward_count": 16, "ward_codes": ["W05001543", "W05001509", "W05001533", "W05001554", "W05001525", "W05001538", "W05001507", "W05001570", "W05001552", "W05001556", "W05001495", "W05001498", "W05001500", "W05001502", "W05001503", "W05001505"], "compliant": false}, "geometry": {"type": "MultiPoint", "coordinates": [[-4.51527, 52.8539], [-4.52538, 52.8042], [-4.49353, 52.905], [-4.50813, 52.933], [-4.42811, 52.88], [-4.41823, 52.8926], [-4.39973, 52.9243], [-4.41398, 52.9667], [-4.61285, 52.8992], [-4.64706, 52.8322], [-4.5192, 53.2799], [-4.44686, 53.2512], [-4.65817, 53.3184], [-4.45514, 53.3531], [-4.60858, 53.3019], [-4.62587, 53.2913]]}}, {"type": "Feature", "properties": {"id": "Northern Ireland_C001", "name": "Northern Ireland Constituency 1", "region": "Northern Ireland", "electorate": 215824, "ward_count": 71, "ward_codes": ["N08000121", "N08000111", "N08000110", "N08000107", "N08000123", "N08000120", "N08000114", "N08000118", "N08000112", "N08000127", "N08000106", "N08000128", "N08000309", "N08000139", "N08000131", "N08000314", "N08000126", "N08000140", "N08000332", "N08000101", "N08000124", "N08000316", "N08000328", "N08000306", "N08000317", "N08000322", "N08000357", "N08000302", "N08000340", "N08000348", "N08000360", "N08000336", "N08000324", "N08000318", "N08000303", "N08000315", "N08000327", "N08000307", "N08000305", "N08000304", "N08000312", "N08000358", "N08000359", "N08000342", "N08000325", "N08000353", "N08000308", "N08000344", "N08000320", "N08000321", "N08000329", "N08000330", "N08000331", "N08000333", "N08000338", "N08000341", "N08000345", "N08000346", "N08000347", "N08000351", "N08000708", "N08000709", "N08000715", "N08000716", "N08000717", "N08000719", "N08000734", "N08001125", "N08001130", "N08000310", "N08000313"], "compliant": false}, "geometry": {"type": "MultiPoint", "coordinates": [[-5.95978, 54.6752], [-5.95221, 54.6836], [-5.96122, 54.6845], [-5.97036, 54.6817], [-5.96673, 54.67], [-5.94488, 54.6687], [-5.9662, 54.6563], [-5.93992, 54.6863], [-5.92814, 54.6777], [-5.97025, 54.7038], [-5.92532, 54.6903], [-5.92603, 54.6657], [-5.93478, 54.6501], [-5.92191, 54.6561], [-5.91689, 54.6711], [-5.95258, 54.6413], [-5.90875, 54.6832], [-5.90671, 54.6643], [-5.92873, 54.6351], [-5.89564, 54.6776], [-5.9122, 54.7016], [-5.94777, 54.6268], [-5.93092, 54.6259], [-5.96623, 54.6307], [-5.9573, 54.6205], [-5.90642, 54.6302], [-5.94626, 54.6134], [-5.95825, 54.6151], [-5.93059, 54.6076], [-5.94505, 54.6054], [-5.95999, 54.6064], [-5.99015, 54.6359], [-5.94767, 54.5963], [-5.96288, 54.5981], [-5.98083, 54.6057], [-5.92799, 54.5904], [-5.99601, 54.6165], [-5.96381, 54.5907], [-5.97828, 54.5946], [-5.90818, 54.5985], [-5.95523, 54.5837], [-5.94552, 54.5802], [-5.90865, 54.5904], [-5.91987, 54.5779], [-5.97763, 54.5817], [-5.8862, 54.6148], [-5.8958, 54.5921], [-5.90264, 54.5806], [-5.88713, 54.5998], [-5.90041, 54.5727], [-5.84342, 54.612], [-5.83625, 54.5837], [-5.87551, 54.5711], [-5.86085, 54.5949], [-5.88573, 54.5758], [-5.87933, 54.5853], [-5.91626, 54.5704], [-5.86741, 54.5856], [-5.854, 54.5815], [-5.83201, 54.6016], [-5.89069, 54.5503], [-5.77859, 54.5943], [-5.80768, 54.6009], [-5.79237, 54.5863], [-5.89939, 54.5602], [-5.80115, 54.591], [-5.83976, 54.5363], [-5.81812, 54.6298], [-5.8371, 54.6285], [-5.86647, 54.6039], [-5.88409, 54.5927]]}}, {"type": "Feature", "properties": {"id": "Northern Ireland_C002", "name": "Northern Ireland Constituency 2", "region": "Northern Ireland", "electorate": 152289, "ward_count": 49, "ward_codes": ["N08000402", "N08000412", "N08000422", "N08000435", "N08000405", "N08000414", "N08000429", "N08000416", "N08000418", "N08000421", "N08000530", "N08000509", "N08000517", "N08000518", "N08000514", "N08000524", "N08000507", "N08000513", "N08000525", "N08000510", "N08000516", "N08000526", "N08000532", "N08000531", "N08000540", "N08000508", "N08000529", "N08000505", "N08000521", "N08000504", "N08000537", "N08000520", "N08000511", "N08000535", "N08000512", "N08000527", "N08000536", "N08000515", "N08000503", "N08000533", "N08000523", "N08000501", "N08000538", "N08000539", "N08000502", "N08000622", "N08000632", "N08000534", "N08000428"], "compliant": true}, "geometry": {"type": "MultiPoint", "coordinates": [[-6.9687, 54.9609], [-6.94727, 55.0398], [-6.93171, 55.0411], [-6.94371, 55.0512], [-7.00814, 55.0194], [-6.87333, 55.0147], [-6.91798, 55.1147], [-6.86034, 54.9192], [-6.9787, 54.8843], [-7.08953, 55.0155], [-7.11873, 54.8683], [-7.17377, 54.9563], [-7.16935, 55.0319], [-7.23343, 55.0097], [-7.27452, 54.9802], [-7.28232, 54.9913], [-7.28307, 55.0035], [-7.28206, 55.0422], [-7.29478, 54.9941], [-7.30121, 54.9793], [-7.30262, 55.0009], [-7.30459, 55.0151], [-7.30594, 55.0352], [-7.3112, 55.0271], [-7.31826, 54.9782], [-7.32512, 54.9933], [-7.32707, 55.0041], [-7.32527, 55.0221], [-7.32373, 55.0296], [-7.3343, 54.9896], [-7.3377, 55.018], [-7.33591, 55.0103], [-7.33912, 54.9979], [-7.34019, 55.0365], [-7.34539, 54.9914], [-7.34792, 54.968], [-7.35197, 54.9309], [-7.29638, 54.8599], [-7.36742, 55.0227], [-7.37234, 54.9871], [-7.17861, 54.7758], [-7.40066, 54.8455], [-7.46167, 54.8328], [-7.46903, 54.8222], [-7.46803, 54.8133], [-7.27003, 54.6855], [-7.10972, 54.7011], [-7.47816, 54.7599], [-6.76701, 55.1137]]}}, {"type": "Feature", "properties": {"id": "Northern Ireland_C003", "name": "Northern Ireland Constituency 3", "region": "Northern Ireland", "electorate": 151174, "ward_count": 50, "ward_codes": ["N08000608", "N08000618", "N08000633", "N08000635", "N08000626", "N08000601", "N08000627", "N08000624", "N08000617", "N08000605", "N08000621", "N08000611", "N08000629", "N08000640", "N08000638", "N08000612", "N08000628", "N08000616", "N08000613", "N08000614", "N08000606", "N08000620", "N08000630", "N08000619", "N08000603", "N08000528", "N08000623", "N08000609", "N08000920", "N08000637", "N08000610", "N08000631", "N08000607", "N08000625", "N08000604", "N08000634", "N08000519", "N08000506", "N08000522", "N08000615", "N08000902", "N08000636", "N08000639", "N08000904", "N08000903", "N08000932", "N08000931", "N08000909", "N08000918", "N08000602"], "compliant": true}, "geometry": {"type": "MultiPoint", "coordinates": [[-7.60347, 54.3442], [-7.6366, 54.3521], [-7.65286, 54.3489], [-7.66266, 54.3383], [-7.56617, 54.3331], [-7.57531, 54.4019], [-7.67909, 54.4322], [-7.63115, 54.4731], [-7.68226, 54.5061], [-7.77627, 54.3277], [-7.73566, 54.2343], [-7.82134, 54.4208], [-7.48745, 54.2906], [-7.47495, 54.4574], [-7.48757, 54.3879], [-7.52245, 54.1781], [-7.44852, 54.256], [-7.55556, 54.6082], [-7.41923, 54.2358], [-7.39333, 54.5326], [-7.34981, 54.3419], [-7.35588, 54.4796], [-7.34752, 54.1657], [-7.38693, 54.6257], [-7.68254, 54.5463], [-7.46992, 54.6873], [-7.3233, 54.6036], [-7.31383, 54.5891], [-7.23294, 54.3932], [-7.30742, 54.6058], [-7.29329, 54.5912], [-7.21957, 54.4985], [-7.27041, 54.5932], [-7.27994, 54.6104], [-7.22005, 54.5621], [-7.23164, 54.2465], [-7.53099, 54.7618], [-7.61551, 54.7184], [-7.72685, 54.6734], [-7.17761, 54.6215], [-7.10973, 54.4241], [-7.07613, 54.5473], [-7.02885, 54.6182], [-6.97415, 54.4986], [-6.92609, 54.4213], [-6.89286, 54.608], [-6.91108, 54.679], [-6.85473, 54.5078], [-6.85756, 54.5543], [-8.0115, 54.4175]]}}, {"type": "Feature", "properties": {"id": "Northern Ireland_C004", "name": "Northern Ireland Constituency 4", "region": "Northern Ireland", "electorate": 160487, "ward_count": 55, "ward_codes": ["N08000415", "N08000433", "N08000440", "N08000430", "N08000438", "N08000439", "N08000410", "N08000423", "N08000403", "N08000432", "N08000409", "N08000401", "N08000431", "N08000436", "N08000407", "N08000406", "N08000424", "N08000413", "N08000408", "N08000419", "N08000434", "N08000420", "N08000411", "N08000939", "N08000934", "N08000417", "N08000935", "N08000927", "N08000834", "N08000832", "N08000907", "N08000910", "N08000937", "N08000921", "N08000938", "N08000816", "N08000905", "N08000824", "N08000802", "N08000830", "N08000426", "N08000819", "N08000917", "N08000801", "N08000138", "N08000803", "N08000833", "N08000818", "N08000814", "N08000804", "N08000919", "N08000926", "N08000404", "N08000425", "N08000437"], "compliant": true}, "geometry": {"type": "MultiPoint", "coordinates": [[-6.62297, 55.1386], [-6.65282, 55.1407], [-6.64095, 55.1127], [-6.65859, 55.1282], [-6.67438, 55.149], [-6.68296, 55.1335], [-6.67817, 55.1179], [-6.64751, 55.1904], [-6.69222, 55.1858], [-6.71752, 55.1762], [-6.73945, 55.1512], [-6.69762, 55.0546], [-6.58493, 55.1978], [-6.54074, 55.0879], [-6.53141, 55.0723], [-6.50572, 55.0752], [-6.60968, 54.973], [-6.48312, 55.11], [-6.48342, 55.0531], [-6.71699, 54.9605], [-6.4905, 54.9383], [-6.45355, 55.1911], [-6.49276, 55.0017], [-6.54404, 54.8911], [-6.68781, 54.881], [-6.39615, 55.0334], [-6.60716, 54.8606], [-6.65995, 54.8409], [-6.43942, 54.8684], [-6.40564, 54.9044], [-6.50686, 54.8106], [-6.58564, 54.7967], [-6.70552, 54.7932], [-6.6123, 54.759], [-6.60583, 54.7473], [-6.35622, 54.8831], [-6.53216, 54.7462], [-6.38712, 54.8149], [-6.36087, 54.8403], [-6.30573, 54.9221], [-6.30563, 55.0582], [-6.32556, 54.8593], [-6.67075, 54.7339], [-6.30058, 54.8694], [-6.41854, 54.7176], [-6.30013, 54.8455], [-6.28755, 54.875], [-6.27286, 54.8761], [-6.27083, 54.8634], [-6.27521, 54.8445], [-6.85637, 54.7635], [-6.82062, 54.8236], [-6.2502, 55.2024], [-6.32927, 55.1973], [-6.19074, 55.1278]]}}, {"type": "Feature", "properties": {"id": "Northern Ireland_C005", "name": "Northern Ireland Constituency 5", "region": "Northern Ireland", "electorate": 153782, "ward_count": 51, "ward_codes": ["N08000911", "N08000936", "N08000933", "N08000940", "N08000913", "N08000912", "N08000922", "N08000923", "N08000925", "N08000915", "N08000914", "N08000916", "N08000930", "N08000929", "N08000906", "N08000928", "N08000924", "N08000207", "N08000226", "N08000908", "N08000210", "N08000239", "N08000240", "N08000213", "N08000235", "N08000901", "N08000231", "N08000202", "N08000219", "N08000214", "N08000211", "N08000222", "N08000228", "N08000212", "N08000236", "N08000238", "N08000221", "N08000229", "N08000208", "N08000209", "N08000237", "N08000224", "N08000230", "N08000201", "N08000232", "N08000217", "N08000223", "N08000241", "N08001041", "N08000227", "N08000220"], "compliant": true}, "geometry": {"type": "MultiPoint", "coordinates": [[-6.6325, 54.6427], [-6.57016, 54.6869], [-6.70331, 54.5932], [-6.60505, 54.5375], [-6.68904, 54.5375], [-6.72246, 54.5454], [-6.68622, 54.4979], [-6.73781, 54.5101], [-6.75934, 54.6086], [-6.75684, 54.6352], [-6.7443, 54.6534], [-6.76373, 54.6476], [-6.76655, 54.5209], [-6.75391, 54.4866], [-6.77805, 54.4975], [-6.714, 54.4377], [-6.77507, 54.6983], [-6.72551, 54.3745], [-6.5683, 54.4369], [-6.82324, 54.4148], [-6.66411, 54.359], [-6.53648, 54.4887], [-6.63679, 54.3567], [-6.64305, 54.3354], [-6.54995, 54.3761], [-6.52008, 54.602], [-6.75434, 54.3098], [-6.47402, 54.4167], [-6.53062, 54.3399], [-6.44655, 54.518], [-6.4526, 54.431], [-6.43384, 54.4236], [-6.43998, 54.3933], [-6.41052, 54.4489], [-6.62045, 54.2592], [-6.41365, 54.3628], [-6.39223, 54.4306], [-6.46386, 54.2935], [-6.3633, 54.4169], [-6.35794, 54.445], [-6.34428, 54.4591], [-6.34332, 54.4721], [-6.3358, 54.4533], [-6.34336, 54.5314], [-6.32133, 54.4677], [-6.33823, 54.3659], [-6.31938, 54.453], [-6.31142, 54.4338], [-6.42918, 54.2253], [-6.27126, 54.4607], [-6.75802, 54.2434]]}}, {"type": "Feature", "properties": {"id": "Northern Ireland_C006", "name": "Northern Ireland Constituency 6", "region": "Northern Ireland", "electorate": 172107, "ward_count": 55, "ward_codes": ["N08001011", "N08001006", "N08001039", "N08001018", "N08001032", "N08001021", "N08001002", "N08001008", "N08001004", "N08001020", "N08001005", "N08000713", "N08001026", "N08000704", "N08001036", "N08000737", "N08000218", "N08000710", "N08000714", "N08000723", "N08000722", "N08000711", "N08000707", "N08000721", "N08000727", "N08000728", "N08000720", "N08000706", "N08000356", "N08000724", "N08000311", "N08000326", "N08000739", "N08000736", "N08000729", "N08000323", "N08000731", "N08000712", "N08000355", "N08000337", "N08000339", "N08000735", "N08000334", "N08000703", "N08000352", "N08000301", "N08000350", "N08001012", "N08001013", "N08001016", "N08001027", "N08001028", "N08001034", "N08001038", "N08001102"], "compliant": false}, "geometry": {"type": "MultiPoint", "coordinates": [[-5.96815, 54.2804], [-5.97895, 54.331], [-6.00789, 54.2113], [-5.90928, 54.1964], [-5.87789, 54.2327], [-5.86797, 54.2785], [-5.91863, 54.1369], [-5.98132, 54.1233], [-5.80837, 54.3296], [-5.84234, 54.3733], [-5.89315, 54.4064], [-6.00033, 54.4054], [-5.85131, 54.421], [-5.94917, 54.4576], [-5.84005, 54.4707], [-6.00996, 54.4675], [-6.09774, 54.3643], [-5.86298, 54.5023], [-5.94984, 54.5146], [-6.08274, 54.4398], [-6.00572, 54.5103], [-5.90435, 54.5245], [-6.05834, 54.4951], [-6.02821, 54.5164], [-6.05299, 54.504], [-6.01085, 54.5276], [-6.03436, 54.5218], [-5.91708, 54.5436], [-5.96023, 54.5529], [-5.88941, 54.5344], [-5.93644, 54.5519], [-5.9857, 54.5496], [-6.04873, 54.5194], [-6.06482, 54.506], [-6.05926, 54.514], [-6.00547, 54.5541], [-6.04304, 54.5336], [-6.03197, 54.5444], [-6.0175, 54.5562], [-5.96145, 54.5642], [-5.98, 54.5638], [-5.91, 54.555], [-6.0107, 54.5625], [-6.06477, 54.5229], [-5.93809, 54.5682], [-5.98818, 54.5748], [-6.00899, 54.5697], [-5.72579, 54.3163], [-5.66598, 54.3897], [-5.68272, 54.4388], [-5.69667, 54.3209], [-5.66763, 54.2752], [-5.73527, 54.3583], [-5.60341, 54.338], [-5.79474, 54.5042]]}}, {"type": "Feature", "properties": {"id": "Northern Ireland_C007", "name": "Northern Ireland Constituency 7", "region": "Northern Ireland", "electorate": 147005, "ward_count": 50, "ward_codes": ["N08000427", "N08000812", "N08000835", "N08000822", "N08000821", "N08000809", "N08000808", "N08000806", "N08000827", "N08000133", "N08000129", "N08000134", "N08000136", "N08000135", "N08000122", "N08000119", "N08000103", "N08000130", "N08000117", "N08000137", "N08000105", "N08000109", "N08000104", "N08000113", "N08000125", "N08000108", "N08000738", "N08000116", "N08000102", "N08000718", "N08000115", "N08000319", "N08000740", "N08000343", "N08000354", "N08000335", "N08000349", "N08000701", "N08000730", "N08000705", "N08000725", "N08000732", "N08000726", "N08000733", "N08000829", "N08000840", "N08000825", "N08000823", "N08000132", "N08000811"], "compliant": true}, "geometry": {"type": "MultiPoint", "coordinates": [[-6.08618, 55.0374], [-5.98612, 54.946], [-6.10494, 54.9165], [-6.10826, 54.8231], [-6.22427, 54.9762], [-6.23145, 54.8993], [-6.26141, 54.8737], [-6.25799, 54.8604], [-6.27855, 54.8139], [-6.24904, 54.7657], [-6.09357, 54.7542], [-6.20515, 54.732], [-6.18032, 54.7208], [-6.20529, 54.7188], [-6.18575, 54.7082], [-6.20369, 54.7073], [-6.24085, 54.7172], [-6.29365, 54.7327], [-6.04059, 54.7509], [-6.08809, 54.693], [-6.01165, 54.7546], [-6.00827, 54.7238], [-5.99452, 54.7554], [-6.0846, 54.6413], [-6.00555, 54.681], [-5.94897, 54.7442], [-6.11785, 54.5754], [-6.25036, 54.6063], [-6.2881, 54.6372], [-6.22476, 54.58], [-6.34408, 54.7159], [-6.01973, 54.5908], [-6.08137, 54.545], [-6.03248, 54.5676], [-5.99794, 54.5927], [-6.04134, 54.5538], [-6.00126, 54.5808], [-6.22131, 54.5363], [-6.14723, 54.5157], [-6.08487, 54.5203], [-6.09293, 54.5089], [-6.10906, 54.4748], [-6.18256, 54.4707], [-6.23405, 54.4808], [-5.90471, 54.819], [-5.85414, 54.7557], [-5.86322, 54.7051], [-5.8732, 54.6947], [-5.88475, 54.6866], [-5.8991, 54.8781]]}}, {"type": "Feature", "properties": {"id": "Northern Ireland_C008", "name": "Northern Ireland Constituency 8", "region": "Northern Ireland", "electorate": 149020, "ward_count": 52, "ward_codes": ["N08000839", "N08000828", "N08000807", "N08000838", "N08000831", "N08000813", "N08000810", "N08000836", "N08000805", "N08000826", "N08000817", "N08000820", "N08000837", "N08000815", "N08001101", "N08001103", "N08001104", "N08001105", "N08001106", "N08001107", "N08001108", "N08001109", "N08001110", "N08001111", "N08001112", "N08001113", "N08001114", "N08001115", "N08001116", "N08001117", "N08001118", "N08001119", "N08001120", "N08001121", "N08001122", "N08001123", "N08001124", "N08001126", "N08001127", "N08001128", "N08001129", "N08001131", "N08001132", "N08001133", "N08001134", "N08001135", "N08001136", "N08001137", "N08001138", "N08001139", "N08001140", "N08000702"], "compliant": true}, "geometry": {"type": "MultiPoint", "coordinates": [[-5.7274, 54.7538], [-5.77847, 54.7517], [-5.78408, 54.7268], [-5.80123, 54.7343], [-5.79824, 54.7229], [-5.8118, 54.7154], [-5.82046, 54.7292], [-5.821, 54.721], [-5.78517, 54.799], [-5.742, 54.8329], [-5.80419, 54.843], [-5.82976, 54.8573], [-5.81638, 54.862], [-5.84582, 54.8573], [-5.62068, 54.6529], [-5.64824, 54.6305], [-5.64034, 54.6632], [-5.62924, 54.6435], [-5.53066, 54.5217], [-5.65616, 54.6434], [-5.64675, 54.6563], [-5.6849, 54.6615], [-5.57795, 54.5624], [-5.66372, 54.6524], [-5.71725, 54.6358], [-5.72743, 54.5608], [-5.73877, 54.523], [-5.77016, 54.5551], [-5.6913, 54.5853], [-5.67237, 54.6022], [-5.79038, 54.6398], [-5.53658, 54.631], [-5.69906, 54.6083], [-5.67933, 54.5896], [-5.60864, 54.664], [-5.65955, 54.6634], [-5.73004, 54.6617], [-5.70047, 54.648], [-5.6775, 54.4976], [-5.52487, 54.4538], [-5.60318, 54.5954], [-5.67183, 54.5924], [-5.51976, 54.3671], [-5.46823, 54.4697], [-5.68394, 54.6451], [-5.70638, 54.6559], [-5.74099, 54.5972], [-5.63753, 54.6496], [-5.68735, 54.6521], [-5.58096, 54.6531], [-5.70006, 54.5728], [-5.8192, 54.571]]}}, {"type": "Feature", "properties": {"id": "Northern Ireland_C009", "name": "Northern Ireland Constituency 9", "region": "Northern Ireland", "electorate": 90033, "ward_count": 29, "ward_codes": ["N08001003", "N08001019", "N08001015", "N08001001", "N08001037", "N08001022", "N08001007", "N08001017", "N08001030", "N08001009", "N08001040", "N08001023", "N08001010", "N08000225", "N08001024", "N08001035", "N08000205", "N08000206", "N08000203", "N08000204", "N08000234", "N08000215", "N08000233", "N08000216", "N08001029", "N08001031", "N08001033", "N08001025", "N08001014"], "compliant": false}, "geometry": {"type": "MultiPoint", "coordinates": [[-6.34917, 54.1796], [-6.34646, 54.1615], [-6.33742, 54.1871], [-6.32584, 54.1664], [-6.32248, 54.185], [-6.35325, 54.1357], [-6.38199, 54.1884], [-6.27422, 54.1762], [-6.29846, 54.2243], [-6.26239, 54.128], [-6.25977, 54.1061], [-6.42844, 54.1036], [-6.45792, 54.1752], [-6.219, 54.3041], [-6.16602, 54.191], [-6.18229, 54.1201], [-6.277, 54.3414], [-6.28804, 54.3477], [-6.21454, 54.3353], [-6.27209, 54.367], [-6.14249, 54.2601], [-6.275, 54.4133], [-6.18012, 54.3972], [-6.12635, 54.4054], [-6.08234, 54.0909], [-6.52173, 54.0987], [-6.57383, 54.1621], [-6.0147, 54.0548], [-6.61186, 54.0706]]}}]}
